-0.81670165,0.9304651,9.630374,181816660959465
-0.8454419,0.864602,9.663904,181816670677530
-0.8909473,0.92208254,9.542955,181816680426446
-0.80472654,0.8825647,9.540561,181816690144511
-0.8262817,0.84065187,9.480685,181816699862576
-0.73407346,0.96519285,9.386082,181816709611492
-0.7113208,1.0023156,9.322614,181816719329557
-0.69216067,1.0382409,9.172925,181816729047622
-0.6334827,1.1340418,9.22801,181816738796538
-0.6622229,1.1567944,9.363329,181816748514603
-0.57959473,1.0741663,9.430389,181816758232668
-0.5676196,0.9783655,9.499845,181816767981584
-0.5891748,1.0059083,9.515412,181816777699649
-0.50774413,1.0897338,9.422007,181816787417714
-0.52450925,1.2166699,9.285491,181816797166630
-0.4514612,1.2082874,9.156159,181816806884695
-0.45984375,1.1867322,9.291478,181816816602760
-0.41433838,1.1005114,9.356144,181816826320825
-0.41314086,1.0502161,9.460327,181816836069741
-0.3903882,1.0442286,9.509425,181816845787806
-0.32692015,1.0550061,9.484278,181816855505871
-0.46343628,1.0202783,9.363329,181816865223936
-0.41074586,0.91489744,9.365724,181816874972852
-0.3185376,0.9304651,9.363329,181816884690917
-0.38320312,0.9136999,9.302256,181816894408982
-0.3676355,0.79514647,9.514215,181816904127047
-0.31374756,0.85382444,9.480685,181816913875963
-0.3544629,0.9735754,9.509425,181816923594028
-0.5041516,1.0130932,9.3453665,181816933312093
-0.42751098,0.9627979,9.393267,181816943061009
-0.4071533,0.9939331,9.46392,181816952779074
-0.39877075,1.0011182,9.433982,181816962497139
-0.432301,1.040636,9.363329,181816972246055
-0.43110353,0.96040285,9.416019,181816981964120
-0.31374756,0.9915381,9.424402,181816991682185
-0.25147706,0.7927515,9.528585,181817001431101
-0.2574646,1.0071057,9.52619,181817011149166
-0.24429199,0.9627979,9.604029,181817020867231
-0.2323169,1.1436218,9.419612,181817030616147
-0.25985962,1.1747571,9.426797,181817040334212
-0.33769774,1.0597961,9.417217,181817050052277
-0.32452515,1.0705737,9.340576,181817059770342
-0.33769774,0.97237796,9.45434,181817069519258
-0.33769774,1.108894,9.571695,181817079237323
-0.4035608,0.96040285,9.554931,181817088955388
-0.4514612,1.0238708,9.474697,181817098704304
-0.35326537,1.1843371,9.332193,181817108422369
-0.42032593,1.287323,9.414822,181817118140434
-0.42152345,1.2166699,9.360934,181817127858499
-0.29817992,1.1795471,9.291478,181817137607415
-0.34488282,1.0777588,9.45434,181817147325480
-0.35326537,1.0753638,9.52619,181817157043545
-0.4682263,1.0250684,9.442365,181817166792461
-0.33650026,1.0226734,9.50224,181817176510526
-0.37122804,1.1567944,9.406439,181817186228591
-0.53049684,1.1939173,9.491463,181817195977507
-0.47062135,1.1029065,9.436377,181817205695572
-0.43709105,1.1879296,9.495055,181817215444488
-0.44786865,1.3076806,9.273516,181817225162553
-0.37362304,1.2418176,9.29028,181817234880618
-0.46104127,1.3280383,9.1765175,181817244629534
-0.4682263,1.2705579,9.319021,181817254347599
-0.4406836,1.1053015,9.336984,181817264065664
-0.37841308,1.0933264,9.400452,181817273814580
-0.429906,0.9556128,9.493857,181817283532645
-0.37003052,0.9891431,9.5214,181817293250710
-0.34009278,1.0849439,9.484278,181817302999626
-0.3161426,1.2406201,9.390872,181817312717691
-0.41314086,1.2226574,9.47829,181817322435756
-0.42511597,1.1735595,9.353748,181817332153821
-0.34967285,1.343606,9.350156,181817341902737
-0.35326537,1.3567786,9.328601,181817351620802
-0.3305127,1.3196558,9.350156,181817361338867
-0.31135255,1.2513977,9.459129,181817371087783
-0.32692015,1.111289,9.563313,181817380805848
-0.3329077,1.0633887,9.577683,181817390523913
-0.33410522,1.1436218,9.552535,181817400272829
-0.29099488,1.1783496,9.598041,181817409990894
-0.37482056,1.4573693,9.557325,181817419708959
-0.24429199,1.5208374,9.411229,181817429457875
-0.22632934,1.53401,9.411229,181817439175940
-0.12693603,1.5208374,9.495055,181817448894005
-0.11496094,1.3855188,9.479487,181817458612070
-0.11496094,0.6813831,8.721463,181817468360986
0.32452515,2.6704469,7.100035,181817478079051
0.025147704,0.8107141,7.618557,181817487797116
-0.38080812,-1.1855347,9.393267,181817497515181
0.49936157,-1.1364368,9.439969,181817507264097
0.21195923,0.59516233,9.427995,181817516982162
-0.30776,1.7136365,9.211246,181817526700227
-1.0047107,2.2297633,9.56451,181817536418292
-0.7244934,2.0896544,10.150093,181817546136357
-0.5616321,2.3123913,10.227931,181817555885273
-0.57001466,2.2585034,9.621991,181817565603338
-0.9448352,1.7543519,9.808803,181817575321403
-0.63468015,1.3663586,10.12255,181817585039468
-0.44547364,1.2549902,10.037527,181817594757533
-0.31374756,1.2729529,9.977652,181817604506449
-0.28500733,1.3448035,9.607621,181817614224514
-0.368833,1.1963123,9.643546,181817623942579
-0.28859985,1.2693603,9.491463,181817633660644
-0.3065625,1.2502002,9.475895,181817643378709
-0.2838098,1.3711487,9.285491,181817653127625
-0.31255004,1.3100756,9.243578,181817662845690
-0.183219,1.2945081,9.24717,181817672563755
-0.25027955,1.1615845,9.358539,181817682281820
-0.21435425,1.0298584,9.362131,181817691999885
-0.26704466,1.0657837,9.304651,181817701748801
-0.25387207,1.1615845,9.358539,181817711466866
-0.39517823,1.2681628,9.280701,181817721184931
-0.3544629,1.3471985,9.216035,181817730902996
-0.37242553,1.299298,9.202863,181817740651912
-0.4670288,1.3232483,9.295071,181817750369977
-0.34488282,1.3663586,9.291478,181817760088042
-0.3412903,1.3495935,9.404044,181817769806107
-0.305365,1.2022998,9.386082,181817779524172
-0.4155359,1.2729529,9.430389,181817789273088
-0.25267455,1.2250525,9.374106,181817798991153
-0.27901977,1.3950989,9.2818985,181817808709218
-0.29099488,1.4992822,9.283095,181817818427283
-0.26225463,1.4202466,9.262738,181817828176199
-0.29937744,1.4298266,9.309441,181817837894264
-0.18082398,1.3771362,9.443562,181817847612329
-0.1963916,1.2298425,9.461525,181817857361245
-0.19399658,1.2166699,9.485475,181817867079310
-0.23590942,1.233435,9.486672,181817876797375
-0.2586621,1.4010864,9.335786,181817886515440
-0.39877075,1.4741346,9.335786,181817896264356
-0.43828857,1.4525794,9.529782,181817905982421
-0.37003052,1.4453943,9.489067,181817915700486
-0.4897815,1.4298266,9.540561,181817925418551
-0.41433838,1.5208374,9.465117,181817935136616
-0.43828857,1.4908997,9.650731,181817944885532
-0.40835083,1.4154565,9.636361,181817954603597
-0.26824218,1.5280224,9.728569,181817964321662
-0.23830444,1.653761,9.49745,181817974039727
-0.21195923,1.6477734,9.49266,181817983757792
-0.30895752,1.5675403,9.459129,181817993506708
0.12573853,2.3195765,6.5132556,181818003224773
0.07065307,1.8561401,7.1838613,181818012942838
-0.61073,-0.6394702,9.588461,181818022660903
0.2826123,-1.3424084,9.889035,181818032378968
0.37841308,0.37242553,9.608818,181818042097033
-0.16046631,1.5699353,8.975336,181818051845949
-0.9424402,2.1207898,9.057964,181818061564014
-0.79993653,2.3004162,9.82916,181818071282079
-0.45265868,2.3555017,9.9644785,181818081000144
-0.31255004,2.271676,9.566906,181818090718209
-0.6322852,1.6777111,9.811197,181818100436274
-0.613125,1.3268409,10.1824255,181818110185190
-0.31135255,1.0801538,10.277029,181818119903255
-0.1101709,1.1783496,9.899814,181818129621320
-0.122145995,1.4861096,9.437574,181818139339385
-0.26105714,1.6417859,9.372909,181818149057450
-0.16405883,1.4980847,9.444759,181818158806366
-0.08981323,1.3304334,9.462722,181818168524431
-0.124541014,1.2909155,9.491463,181818178242496
-0.10538086,1.346001,9.51182,181818187960561
-0.13412109,1.2693603,9.536968,181818197678626
-0.04550537,1.22625,9.418414,181818207427542
-0.086220704,1.2490027,9.499845,181818217145607
-0.14250366,1.2825329,9.3453665,181818226863672
-0.10538086,1.3196558,9.297466,181818236581737
-0.19998413,1.3016931,9.3381815,181818246299802
-0.14130615,1.3100756,9.405242,181818256048718
-0.27662477,1.22625,9.353748,181818265766783
-0.2969824,1.2274475,9.44955,181818275484848
-0.33410522,1.3136683,9.298663,181818285202913
-0.2814148,1.3807287,9.299861,181818294920978
-0.29937744,1.3903089,9.131012,181818304669894
-0.3329077,1.3855188,9.21364,181818314387959
-0.43110353,1.289718,9.210048,181818324106024
-0.33769774,1.3232483,9.111852,181818333824089
-0.37721556,1.3759388,9.239985,181818343573005
-0.34608033,1.3627661,9.1130495,181818353291070
-0.432301,1.3891113,9.20885,181818363009135
-0.34488282,1.341211,9.20885,181818372727200
-0.33769774,1.3579761,9.383686,181818382445265
-0.30776,1.3759388,9.395661,181818392194181
-0.34608033,1.2801379,9.392069,181818401912246
-0.47421387,1.346001,9.390872,181818411630311
-0.32452515,1.3591735,9.3453665,181818421348376
-0.3412903,1.4585669,9.313033,181818431066441
-0.3676355,1.5088623,9.3872795,181818440784506
-0.34488282,1.4944922,9.467512,181818450533422
-0.3568579,1.4513818,9.57888,181818460251487
-0.38440064,1.4741346,9.571695,181818469969552
-0.3329077,1.411864,9.541758,181818479687617
-0.31015503,1.3663586,9.485475,181818489405682
-0.32093263,1.5004797,9.560918,181818499154598
-0.20597167,1.5376025,9.571695,181818508872663
-0.26584718,1.595083,9.553733,181818518590728
-0.27303222,1.5819104,9.584868,181818528308793
-0.27901977,1.2202624,8.087981,181818538057709
0.17483643,3.378175,7.180269,181818547775774
-0.48858398,0.852627,8.375383,181818557493839
-0.5867798,-1.2322376,9.904603,181818567211904
0.22273682,-0.78915894,10.157278,181818576929969
0.0035925293,0.84424436,9.724977,181818586678885
-0.3580554,1.9112256,9.139395,181818596396950
-0.8921448,2.1926403,9.605226,181818606115015
-0.796344,2.3566992,9.808803,181818615833080
-0.42152345,2.3495142,9.971663,181818625551145
-0.30177248,2.2453308,9.651929,181818635300061
-0.3939807,1.6082556,9.81958,181818645018126
-0.33171022,1.0298584,10.138118,181818654736191
-0.104183346,0.90052736,10.249486,181818664454256
0.07783814,1.0597961,9.745335,181818674203172
-0.0011975098,1.4382092,9.424402,181818683921237
-0.16525635,1.4801221,9.182505,181818693639302
0.0059875487,1.3579761,9.081914,181818703357367
0.026345216,1.23104,9.163344,181818713106283
-0.031135254,1.22146,9.295071,181818722824348
0.013172608,1.1567944,9.313033,181818732542413
-0.038320314,1.0310559,9.448352,181818742291329
-0.08981323,1.0957215,9.523795,181818752009394
-0.09340576,1.2118798,9.366921,181818761727459
-0.18561402,1.2933105,9.329799,181818771445524
-0.27542725,1.475332,9.18011,181818781194440
-0.24668701,1.4920971,9.205257,181818790912505
-0.33410522,1.3591735,9.272318,181818800630570
-0.42511597,1.3771362,9.304651,181818810379486
-0.29817992,1.341211,9.474697,181818820097551
-0.26105714,1.3400134,9.405242,181818829815616
-0.35087037,1.2645704,9.377699,181818839533681
-0.32692015,1.341211,9.320218,181818849282597
-0.3796106,1.4813195,9.273516,181818859000662
-0.40236327,1.4681469,9.283095,181818868718727
-0.28859985,1.3328284,9.255553,181818878467643
-0.2574646,1.275348,9.24717,181818888185708
-0.2323169,1.3376184,9.222023,181818897903773
-0.32332763,1.3543836,9.2184305,181818907621838
-0.31015503,1.22625,9.271121,181818917370754
-0.30776,1.3112732,9.245973,181818927088819
-0.3161426,1.2777429,9.280701,181818936806884
-0.2586621,1.2693603,9.19927,181818946524949
-0.25387207,1.2957056,9.341774,181818956273865
-0.21914428,1.3759388,9.196875,181818965991930
-0.26225463,1.4010864,9.128617,181818975709995
-0.29817992,1.4262341,9.11784,181818985428060
-0.24069947,1.3711487,9.24717,181818995176976
-0.29937744,1.1939173,9.2890835,181819004895041
-0.14489868,1.1352392,9.265133,181819014613106
-0.04430786,1.2813355,9.292676,181819024331171
-0.069455564,1.3962964,9.335786,181819034080087
0.0119750975,1.3867164,9.323811,181819043798152
-0.14609618,1.3879138,9.479487,181819053516217
-0.04430786,1.3915063,9.633966,181819063234282
0.27542725,2.8440857,6.5910935,181819072952347
-0.05388794,2.095642,6.9527416,181819082701263
-0.6430628,-0.37362304,8.798104,181819092419328
-0.020357667,-1.6765137,9.18969,181819102137393
0.22992188,-0.5113367,9.660312,181819111855458
-0.05029541,0.6969507,9.495055,181819121573523
-0.6730005,1.3040881,9.971663,181819131322439
-1.0250684,1.4561719,10.70454,181819141040504
-1.169967,1.7220191,10.78118,181819150758569
-0.6730005,2.650089,10.788365,181819160507485
-0.7867639,3.0524523,10.281818,181819170225550
-0.69455564,2.623744,10.178833,181819179943615
-0.72928345,1.355581,10.602752,181819189661680
-0.429906,0.69096315,10.916499,181819199410596
-0.123343505,0.74006104,10.629097,181819209128661
-0.12693603,1.0849439,10.031539,181819218846726
-0.22273682,1.3244458,9.693842,181819228595642
-0.22273682,1.465752,9.424402,181819238313707
-0.14489868,1.2597803,9.140592,181819248031772
-0.081430666,1.2681628,9.037606,181819257749837
-0.009580079,1.0418335,9.045989,181819267498753
-0.062270507,0.93884766,9.107061,181819277216818
-0.11975098,0.80113405,9.205257,181819286934883
-0.0059875487,0.6777905,9.313033,181819296683799
-0.13891113,0.75203615,9.257948,181819306401864
-0.13292359,0.796344,9.156159,181819316119929
-0.21794678,0.9400452,9.134604,181819325837994
-0.33650026,1.2130774,9.101074,181819335586910
-0.49816406,1.2645704,9.057964,181819345304975
-0.4287085,1.2717553,9.122629,181819355023040
-0.3185376,1.2022998,9.231603,181819364741105
-0.36404297,1.111289,9.393267,181819374490021
-0.3436853,1.0777588,9.369316,181819384208086
-0.39517823,1.0669812,9.398057,181819393926151
-0.4406836,0.9855505,9.448352,181819403675067
-0.30895752,1.1615845,9.46392,181819413393132
-0.36404297,1.1472144,9.357342,181819423111197
-0.3305127,1.233435,9.335786,181819432860113
-0.40954834,1.2274475,9.374106,181819442578178
-0.33650026,1.2418176,9.378897,181819452296243
-0.32692015,1.0897338,9.336984,181819462045159
-0.30895752,1.108894,9.509425,181819471763224
-0.20716919,1.0837463,9.395661,181819481481289
-0.27422974,0.9855505,9.50224,181819491199354
-0.18800904,0.8741821,9.5070305,181819500948270
-0.14489868,1.0023156,9.479487,181819510666335
-0.14609618,1.0550061,9.465117,181819520384400
-0.26105714,1.1543994,9.311836,181819530102465
-0.30296996,1.1747571,9.329799,181819539851381
-0.31015503,1.1148816,9.388476,181819549569446
-0.26584718,1.0873389,9.445957,181819559287511
-0.2814148,1.1400293,9.592053,181819569005576
-0.23111938,1.2118798,9.581276,181819578723641
-0.2706372,1.228645,9.558523,181819588441706
-0.2706372,1.3364209,9.505833,181819598190622
-0.31135255,1.3448035,9.523795,181819607908687
-0.3197351,1.404679,9.576486,181819617626752
-0.26464966,1.7495618,6.3611717,181819627344817
0.010777588,2.6788294,6.5156507,181819637093733
-0.89334226,-0.38919067,9.062754,181819646811798
-0.15088624,-2.1363573,9.972861,181819656529863
0.24548951,-0.70293826,10.20398,181819666247928
-0.18202148,1.0597961,9.649533,181819675965993
-0.9831555,2.0944445,9.575288,181819685714909
-1.1364368,2.5099804,9.692644,181819695432974
-0.8586145,2.4680676,9.842333,181819705151039
-0.48618898,2.4908204,9.596844,181819714869104
-0.86100954,1.6884887,9.934541,181819724587169
-0.7161108,1.0166858,10.414742,181819734336085
-0.3412903,0.7927515,10.5620365,181819744054150
-0.20836669,0.89932984,10.081835,181819753772215
-0.11256592,1.2454102,9.598041,181819763490280
-0.2706372,1.2885205,9.351354,181819773208345
-0.12813355,1.2729529,9.375304,181819782957261
-0.023950195,1.1005114,9.222023,181819792675326
-0.083825685,1.0669812,9.219627,181819802393391
-0.05867798,0.9939331,9.277108,181819812111456
-0.05149292,0.9304651,9.339378,181819821860372
-0.15208374,0.8909473,9.315429,181819831578437
-0.16286133,0.88735473,9.370514,181819841296502
-0.22273682,0.9292676,9.395661,181819851014567
-0.33769774,0.9592053,9.325008,181819860732632
-0.36524048,1.1520044,9.364527,181819870481548
-0.38799316,1.2298425,9.310638,181819880199613
-0.4897815,1.2322376,9.305848,181819889917678
-0.53049684,1.2166699,9.389674,181819899635743
-0.366438,1.2118798,9.399254,181819909384659
-0.52570677,1.223855,9.439969,181819919102724
-0.37601808,1.1927197,9.340576,181819928820789
-0.54366946,1.165177,9.431587,181819938538854
-0.45026368,1.2106824,9.473499,181819948287770
-0.46104127,1.1867322,9.353748,181819958005835
-0.44786865,1.2454102,9.353748,181819967723900
-0.43349853,1.2370276,9.399254,181819977441965
-0.45984375,1.2478051,9.352551,181819987160030
-0.54606444,1.341211,9.400452,181819996908946
-0.49097902,1.3471985,9.374106,181820006627011
-0.42152345,1.1687695,9.406439,181820016345076
-0.3436853,1.0382409,9.437574,181820026063141
-0.38919067,0.98674804,9.462722,181820035812057
-0.39637575,1.1148816,9.422007,181820045530122
-0.37362304,1.0837463,9.284293,181820055248187
-0.37601808,1.275348,9.236393,181820064966252
-0.40236327,1.2226574,9.325008,181820074684317
-0.3221301,1.1268567,9.2256155,181820084433233
-0.28740233,1.1256592,9.352551,181820094151298
-0.31374756,1.0717713,9.393267,181820103869363
-0.18082398,1.1436218,9.351354,181820113587428
-0.18082398,1.1879296,9.308244,181820123336344
-0.15208374,1.1783496,9.314231,181820133054409
-0.19758911,1.2094848,9.529782,181820142772474
-0.22513184,1.1735595,9.575288,181820152490539
-0.30416748,1.1783496,9.598041,181820162208604
-0.19040406,1.8980529,6.431825,181820171957520
-0.04550537,2.13037,6.9036436,181820181675585
-0.8681946,-0.21555176,9.131012,181820191393650
-0.17962646,-1.7651294,9.820778,181820201111715
0.22273682,-0.32572266,9.903406,181820210829780
-0.21674927,1.2609777,9.190887,181820220547845
-1.0095007,1.9279907,9.59325,181820230296761
-1.2394226,1.6920813,10.242301,181820240014826
-1.1100916,1.9279907,10.486593,181820249732891
-0.8143066,2.4022045,10.412348,181820259450956
-0.857417,2.586621,9.8590975,181820269169021
-1.0286609,1.8297949,10.097403,181820278887086
-0.8478369,1.1891272,10.532099,181820288636002
-0.5173242,1.0118958,10.386003,181820298354067
-0.43828857,1.2717553,10.002799,181820308072132
-0.57001466,1.4010864,9.505833,181820317790197
-0.5628296,1.2825329,9.307046,181820327539113
-0.32452515,1.1148816,9.239985,181820337257178
-0.20597167,0.920885,9.259146,181820346975243
-0.2706372,0.83346677,9.216035,181820356693308
-0.17124389,0.7580237,9.119037,181820366411373
-0.05029541,0.7316785,9.131012,181820376129438
-0.0035925293,0.65623534,9.089099,181820385878354
-0.013172608,0.68497556,9.0004835,181820395596419
-0.123343505,0.81789917,8.980125,181820405314484
-0.19040406,0.91130495,9.078321,181820415032549
-0.20357665,0.98674804,9.016051,181820424750614
-0.25387207,1.0801538,9.071136,181820434468679
-0.4071533,1.0418335,9.226812,181820444217595
-0.39637575,1.1064991,9.365724,181820453935660
-0.40116578,1.1508069,9.392069,181820463653725
-0.48139894,1.2082874,9.422007,181820473371790
-0.46942383,1.2813355,9.459129,181820483089855
-0.4538562,1.4034815,9.336984,181820492838771
-0.4514612,1.4010864,9.438772,181820502556836
-0.4406836,1.4477893,9.566906,181820512274901
-0.45864624,1.3567786,9.608818,181820521992966
-0.5041516,1.2382251,9.569301,181820531711031
-0.40236327,1.2549902,9.5214,181820541459947
-0.39996827,1.3232483,9.510623,181820551178012
-0.39877075,1.3471985,9.520203,181820560896077
-0.47301635,1.2466077,9.505833,181820570614142
-0.37601808,1.1639795,9.589658,181820580363058
-0.27542725,1.0825489,9.601633,181820590081123
-0.27422974,1.0382409,9.551338,181820599799188
-0.34608033,1.0118958,9.614806,181820609517253
-0.37721556,1.1100916,9.46871,181820619235318
-0.38799316,1.1999048,9.400452,181820628984234
-0.32572266,1.3004956,9.504635,181820638702299
-0.31374756,1.1711645,9.370514,181820648420364
-0.4538562,1.1831397,9.45434,181820658138429
-0.2574646,1.1460168,9.489067,181820667856494
-0.36284545,1.2502002,9.539363,181820677605410
-0.3161426,1.2382251,9.48308,181820687323475
-0.33889526,1.2274475,9.429192,181820697041540
-0.34967285,0.7580237,7.885602,181820706759605
0.124541014,2.76026,6.993457,181820716477670
-0.8238867,0.7209009,8.338261,181820726226586
-0.66342044,-1.4154565,9.744137,181820735944651
0.183219,-0.6873706,10.092612,181820745662716
0.05628296,0.8705896,9.317823,181820755380781
-0.5065466,1.6860938,9.080716,181820765098846
-0.7867639,1.9459534,9.254355,181820774816911
-0.69455564,1.7100439,9.45434,181820784565827
-0.49457154,1.2933105,9.52619,181820794283892
-0.69455564,0.8478369,9.777667,181820804001957
-0.5412744,0.94962525,9.930948,181820813720022
-0.41433838,1.1855347,9.812395,181820823438087
-0.4682263,1.4310242,9.466314,181820833187003
-0.5269043,1.3627661,9.552535,181820842905068
-0.48858398,1.1939173,9.614806,181820852623133
-0.40595582,1.0669812,9.643546,181820862341198
-0.45744872,1.2406201,9.654324,181820872059263
-0.26225463,1.2933105,9.583671,181820881808179
-0.32452515,1.096919,9.581276,181820891526244
-0.38559815,1.0418335,9.588461,181820901244309
-0.31494507,0.98195803,9.659114,181820910962374
-0.4035608,1.1029065,9.499845,181820920680439
-0.4047583,1.1388317,9.453142,181820930398504
-0.47301635,1.1412268,9.392069,181820940147420
-0.4514612,1.1005114,9.554931,181820949865485
-0.53049684,1.1005114,9.489067,181820959583550
-0.45625123,0.9963281,9.571695,181820969301615
-0.43709105,0.9592053,9.53098,181820979019680
-0.30895752,1.1747571,9.568103,181820988737745
-0.38080812,1.1304492,9.485475,181820998486661
-0.42152345,1.0813513,9.489067,181821008204726
-0.4514612,1.1076965,9.377699,181821017922791
-0.49097902,1.1328442,9.416019,181821027671707
-0.41074586,1.1843371,9.467512,181821037389772
-0.48499146,1.169967,9.532178,181821047107837
-0.4658313,1.0753638,9.45434,181821056825902
-0.54726195,1.096919,9.56451,181821066543967
-0.42032593,1.1579919,9.307046,181821076292883
-0.48738647,1.1268567,9.422007,181821086010948
-0.432301,1.0801538,9.293873,181821095729013
-0.49936157,1.2166699,9.357342,181821105447078
-0.4790039,1.0813513,9.459129,181821115165143
-0.6095325,1.1005114,9.325008,181821124883208
-0.5676196,1.1783496,9.517808,181821134601273
-0.68377805,1.1819421,9.475895,181821144350189
-0.59755737,1.111289,9.466314,181821154068254
-0.6143225,1.1172767,9.509425,181821163786319
-0.5041516,1.0873389,9.509425,181821173504384
-0.54606444,1.1053015,9.547746,181821183253300
-0.42152345,1.1520044,9.465117,181821192971365
-0.4287085,1.0801538,9.447155,181821202689430
-0.42152345,1.0837463,9.544153,181821212407495
-0.38440064,1.1783496,9.53098,181821222156411
-0.3065625,1.1855347,9.459129,181821231874476
-0.24429199,1.2777429,9.417217,181821241592541
-0.16525635,1.7567468,6.5946865,181821251310606
0.05867798,2.1327648,6.9766917,181821261028671
-0.6753955,-0.43469605,8.913065,181821270777587
-0.2694397,-2.0213964,9.996812,181821280495652
0.17004639,-0.5783972,9.898616,181821290213717
-0.1580713,0.9424402,9.115444,181821299931782
-0.6490503,1.7699194,9.303453,181821309649847
-0.92208254,1.5459851,9.933344,181821319367912
-0.69455564,1.5388,10.2387085,181821329085977
-0.38799316,1.9315833,9.818382,181821338804042
-0.48379394,2.0441492,9.565708,181821348552958
-0.7101233,1.3160633,9.912986,181821358271023
-0.4263135,0.9316626,10.279424,181821367989088
-0.2574646,0.86579955,10.109378,181821377707153
-0.22752686,1.2765454,9.655521,181821387425218
-0.368833,1.3962964,9.523795,181821397143283
-0.32692015,1.3639636,9.442365,181821406892199
-0.2945874,1.2346326,9.581276,181821416610264
-0.23950195,1.2274475,9.568103,181821426328329
-0.28740233,1.1184741,9.412427,181821436046394
-0.2706372,1.0849439,9.308244,181821445764459
-0.30177248,1.0394385,9.335786,181821455513375
-0.25267455,1.0442286,9.20885,181821465231440
-0.19998413,0.8909473,9.388476,181821474949505
-0.3185376,0.83346677,9.286688,181821484667570
-0.30296996,0.7532337,9.317823,181821494385635
-0.39757323,0.92687255,9.378897,181821504134551
-0.4071533,0.9460327,9.2256155,181821513852616
-0.45864624,1.0154883,9.181308,181821523570681
-0.42511597,1.0933264,9.285491,181821533288746
-0.4155359,1.1160791,9.291478,181821543006811
-0.36164796,1.1484119,9.254355,181821552724876
-0.38559815,1.1053015,9.351354,181821562473792
-0.38080812,1.0693762,9.245973,181821572191857
-0.38799316,1.104104,9.313033,181821581909922
-0.5161267,1.2178674,9.384884,181821591627987
-0.45984375,1.2418176,9.334589,181821601346052
-0.41912842,1.1783496,9.395661,181821611064117
-0.4071533,1.2142749,9.390872,181821620813033
-0.41673338,1.1735595,9.302256,181821630531098
-0.38799316,1.1819421,9.402846,181821640249163
-0.27303222,1.0921289,9.404044,181821649967228
-0.25267455,0.9903406,9.4507475,181821659685293
-0.3568579,1.0442286,9.471105,181821669434209
-0.39877075,1.0849439,9.377699,181821679152274
-0.4047583,1.1316468,9.3944645,181821688870339
-0.49936157,1.2418176,9.404044,181821698588404
-0.43349853,1.1915222,9.398057,181821708306469
-0.50894165,1.1424243,9.51661,181821718055385
-0.43110353,1.1376343,9.592053,181821727773450
-0.45505372,1.0897338,9.571695,181821737491515
-0.429906,1.1831397,9.560918,181821747209580
-0.32811767,1.1687695,9.590856,181821756927645
-0.24309449,1.0981164,9.54535,181821766645710
-0.3556604,1.167572,9.527388,181821776394626
-0.36284545,1.219065,9.448352,181821786112691
-0.35206786,1.1867322,9.529782,181821795830756
-0.3412903,1.2825329,7.3491173,181821805548821
-0.12933105,2.13516,7.5035963,181821815266886
-0.75203615,-0.24548951,9.402846,181821825015802
-0.19279908,-1.541195,10.135723,181821834733867
0.16046631,0.2215393,9.81479,181821844451932
-0.3580554,1.4010864,8.982521,181821854169997
-0.7879614,1.8920654,9.238788,181821863888062
-1.0154883,1.7208215,9.733359,181821873636978
-0.6274951,1.6549585,9.947714,181821883355043
-0.37721556,1.7351917,9.724977,181821893073108
-0.70174074,1.4262341,9.760902,181821902791173
-0.6095325,1.1843371,10.042316,181821912509238
-0.46942383,1.0693762,10.027946,181821922227303
-0.2203418,1.2298425,9.740544,181821931976219
-0.368833,1.346001,9.566906,181821941694284
-0.2969824,1.3064831,9.48308,181821951412349
-0.27901977,1.2346326,9.4507475,181821961130414
-0.18681152,1.2358301,9.365724,181821970879330
-0.27901977,1.289718,9.315429,181821980597395
-0.2694397,1.2298425,9.504635,181821990315460
-0.32572266,1.101709,9.424402,181822000033525
-0.23471192,1.0633887,9.386082,181822009751590
-0.31494507,1.0310559,9.362131,181822019500506
-0.25387207,1.0118958,9.319021,181822029218571
-0.32572266,1.0083032,9.353748,181822038936636
-0.305365,1.0118958,9.471105,181822048654701
-0.31494507,1.0681787,9.389674,181822058372766
-0.28979737,1.0861413,9.327404,181822068121682
-0.3556604,1.0226734,9.445957,181822077839747
-0.3939807,1.0669812,9.401649,181822087557812
-0.44667113,1.0861413,9.437574,181822097306728
-0.52570677,1.1448194,9.425599,181822107024793
-0.50774413,1.1400293,9.390872,181822116742858
-0.4394861,1.3639636,9.356144,181822126460923
-0.44547364,1.2885205,9.293873,181822136178988
-0.46223876,1.3148657,9.195678,181822145927904
-0.4035608,1.284928,9.201665,181822155645969
-0.4514612,1.0909314,9.332193,181822165364034
-0.34967285,1.1867322,9.302256,181822175082099
-0.37122804,1.0562036,9.171727,181822184831015
-0.29817992,1.0753638,9.285491,181822194549080
-0.26105714,1.0370435,9.400452,181822204267145
-0.2969824,1.0071057,9.404044,181822214016061
-0.4155359,0.99992067,9.377699,181822223734126
-0.37242553,1.0106982,9.404044,181822233452191
-0.432301,1.1352392,9.388476,181822243170256
-0.4406836,1.2597803,9.26154,181822252919172
-0.47421387,1.2633728,9.3872795,181822262637237
-0.34608033,1.2106824,9.370514,181822272355302
-0.45265868,1.2645704,9.508227,181822282073367
-0.43110353,1.3112732,9.495055,181822291791432
-0.40236327,1.3064831,9.399254,181822301540348
-0.3820056,0.857417,7.7981834,181822311258413
-0.26824218,2.4812403,7.5227566,181822320976478
-1.0130932,0.11496094,9.087902,181822330694543
-0.52450925,-1.3088782,10.144105,181822340412608
0.0371228,0.104183346,9.909393,181822350130673
-0.5125342,1.475332,9.201665,181822359879589
-0.98794556,1.9962487,9.390872,181822369597654
-1.0609937,1.6884887,10.153686,181822379315719
-0.77957886,1.5795153,10.15608,181822389033784
-0.47660887,2.13995,9.686657,181822398751849
-0.7652087,1.9806812,9.639954,181822408500765
-0.74125856,1.407074,9.966874,181822418218830
-0.42032593,0.9735754,10.169253,181822427936895
-0.16046631,1.0669812,10.023157,181822437654960
-0.2323169,1.284928,9.782457,181822447373025
-0.23710693,1.3064831,9.499845,181822457091090
-0.28500733,1.1927197,9.401649,181822466840006
-0.21315674,1.2058923,9.3453665,181822476558071
-0.20597167,1.1436218,9.357342,181822486276136
-0.1484912,1.0753638,9.348959,181822495994201
-0.18561402,0.9508228,9.224418,181822505712266
-0.21794678,0.8143066,9.243578,181822515461182
-0.13172607,0.8478369,9.314231,181822525179247
-0.23590942,0.9172925,9.280701,181822534897312
-0.3293152,0.8095166,9.313033,181822544615377
-0.35087037,0.7723938,9.411229,181822554333442
-0.3927832,0.86699706,9.322614,181822564051507
-0.4646338,0.94842774,9.301059,181822573800423
-0.5508545,1.045426,9.259146,181822583518488
-0.5903723,1.1783496,9.196875,181822593236553
-0.58558226,1.1639795,9.295071,181822602954618
-0.60833496,1.1963123,9.398057,181822612672683
-0.43828857,1.1759546,9.390872,181822622421599
-0.5149292,1.1819421,9.411229,181822632139664
-0.3329077,1.0645862,9.396859,181822641857729
-0.4035608,1.1663746,9.299861,181822651575794
-0.45625123,1.219065,9.344169,181822661324710
-0.43709105,1.2250525,9.315429,181822671042775
-0.31135255,1.1244617,9.336984,181822680760840
-0.3329077,1.0693762,9.5214,181822690478905
-0.34727782,1.0118958,9.417217,181822700196970
-0.26704466,0.97716796,9.509425,181822709945886
-0.36524048,1.0250684,9.48308,181822719663951
-0.37003052,1.0250684,9.503437,181822729382016
-0.36284545,1.0645862,9.595646,181822739100081
-0.35087037,0.99752563,9.536968,181822748848997
-0.4071533,1.0837463,9.588461,181822758567062
-0.33410522,1.0657837,9.565708,181822768285127
-0.33171022,1.0693762,9.523795,181822778003192
-0.3820056,1.1747571,9.677076,181822787752108
-0.44786865,1.2346326,9.594448,181822797470173
-0.39877075,1.3100756,9.519005,181822807188238
-0.39996827,1.2466077,9.438772,181822816906303
-0.022752685,1.1160791,8.671168,181822826655219
-0.068258055,2.459685,7.6724453,181822836373284
-0.5891748,1.1232642,8.26162,181822846091349
-0.79993653,-0.57001466,9.812395,181822855809414
0.081430666,-0.27901977,9.665101,181822865527479
-0.25985962,1.2094848,9.139395,181822875276395
-0.6981482,1.8262024,8.840017,181822884994460
-0.93765014,1.5986755,9.539363,181822894712525
-0.8586145,1.2765454,10.115365,181822904430590
-0.63468015,1.470542,10.177635,181822914179506
-0.549657,1.8285974,9.708212,181822923897571
-0.8586145,1.5040723,9.685459,181822933615636
-0.6658154,1.1687695,9.975256,181822943333701
-0.42272094,0.94363767,10.073452,181822953051766
-0.2838098,0.9951306,9.832752,181822962800682
-0.3556604,1.0945239,9.486672,181822972518747
-0.366438,0.9963281,9.456735,181822982236812
-0.37242553,0.9340576,9.553733,181822991954877
-0.21674927,0.9627979,9.517808,181823001672942
-0.22632934,1.0585986,9.316626,181823011421858
-0.19279908,1.0669812,9.317823,181823021139923
-0.21315674,0.97716796,9.262738,181823030857988
-0.23471192,0.93286014,9.334589,181823040576053
-0.13651611,0.9172925,9.377699,181823050294118
-0.24429199,0.92567503,9.352551,181823060043034
-0.27422974,0.9627979,9.3872795,181823069761099
-0.305365,1.0250684,9.257948,181823079479164
-0.4418811,1.111289,9.229208,181823089197229
-0.43828857,1.1915222,9.20406,181823098946145
-0.42272094,1.2358301,9.332193,181823108664210
-0.42391846,1.1951147,9.325008,181823118382275
-0.4646338,1.23104,9.356144,181823128100340
-0.53049684,1.1747571,9.334589,181823137818405
-0.42751098,1.1687695,9.371712,181823147567321
-0.48139894,1.2681628,9.254355,181823157285386
-0.44427612,1.1951147,9.320218,181823167003451
-0.53528684,1.2022998,9.422007,181823176721516
-0.42391846,1.23104,9.320218,181823186439581
-0.50894165,1.1304492,9.269923,181823196188497
-0.37601808,1.1208692,9.436377,181823205906562
-0.34847534,1.0801538,9.333391,181823215624627
-0.46942383,1.096919,9.339378,181823225342692
-0.38440064,1.0178833,9.314231,181823235060757
-0.4682263,1.0801538,9.375304,181823244778822
-0.47062135,1.0490185,9.336984,181823254527738
-0.44427612,1.0274634,9.362131,181823264245803
-0.43349853,1.0298584,9.489067,181823273963868
-0.43709105,1.0849439,9.400452,181823283681933
-0.41314086,1.1005114,9.334589,181823293399998
-0.3903882,1.1472144,9.432784,181823303148914
-0.47660887,1.1615845,9.395661,181823312866979
-0.3556604,1.2657678,9.443562,181823322585044
-0.53528684,1.22625,9.344169,181823332303109
-0.43349853,1.2394226,9.313033,181823342021174
-0.47301635,1.1244617,9.433982,181823351739239
-0.37242553,1.2046949,9.350156,181823361457304
-0.4682263,1.23104,9.489067,181823371175369
-0.4155359,1.1543994,9.495055,181823380893434
-0.42511597,1.219065,9.577683,181823390611499
-0.42272094,1.1819421,9.471105,181823400360415
-0.3939807,1.2250525,9.569301,181823410078480
-0.45744872,1.1867322,9.448352,181823419796545
-0.30776,0.8310718,7.892787,181823429514610
-0.15328126,2.5411158,7.745493,181823439232675
-0.85382444,0.20118164,9.298663,181823448950740
-0.46223876,-1.0897338,10.195599,181823458668805
-0.0023950196,0.20118164,9.80042,181823468386870
-0.43709105,1.4561719,9.17532,181823478104935
-0.9244775,1.8082397,9.399254,181823487823000
-1.0130932,1.6238233,9.697434,181823497571916
-0.7472461,1.5878979,10.0770445,181823507289981
-0.4155359,1.8166223,9.753717,181823517008046
-0.73407346,1.6010705,9.72378,181823526726111
-0.6227051,1.1855347,10.009984,181823536444176
-0.31255004,1.040636,10.044712,181823546162241
-0.27422974,1.2609777,9.759705,181823555880306
-0.29219237,1.3699511,9.529782,181823565598371
-0.3544629,1.3028907,9.501042,181823575316436
-0.34488282,1.2070899,9.47829,181823585065352
-0.25267455,1.1196716,9.523795,181823594783417
-0.34009278,1.22625,9.495055,181823604501482
-0.28620484,1.22625,9.536968,181823614219547
-0.3676355,1.22146,9.339378,181823623937612
-0.2933899,1.3160633,9.356144,181823633655677
-0.23590942,1.3184582,9.364527,181823643373742
-0.31374756,1.1639795,9.45434,181823653091807
-0.23830444,1.0466236,9.429192,181823662840723
-0.32332763,1.0083032,9.485475,181823672558788
-0.1951941,0.984353,9.374106,181823682276853
-0.24668701,0.92208254,9.410031,181823691994918
-0.25267455,1.045426,9.350156,181823701712983
-0.31374756,1.0574012,9.200467,181823711431048
-0.29219237,0.96399534,9.316626,181823721179964
-0.32452515,0.9316626,9.269923,181823730898029
-0.3305127,0.9939331,9.293873,181823740616094
-0.2838098,1.0669812,9.139395,181823750334159
-0.30776,1.1316468,9.073531,181823760052224
-0.26464966,1.0550061,9.272318,181823769770289
-0.18681152,1.0466236,9.273516,181823779488354
-0.4778064,1.0130932,9.277108,181823789206419
-0.36404297,1.0585986,9.286688,181823798924484
-0.38440064,1.0849439,9.2256155,181823808673400
-0.4035608,1.1951147,9.301059,181823818391465
-0.3939807,1.1687695,9.244776,181823828109530
-0.36284545,1.108894,9.357342,181823837827595
-0.4430786,1.1196716,9.432784,181823847545660
-0.4514612,1.2082874,9.382489,181823857263725
-0.37362304,1.2394226,9.2818985,181823866981790
-0.32332763,1.3088782,9.378897,181823876699855
-0.4071533,1.2717553,9.381291,181823886417920
-0.4658313,1.2777429,9.485475,181823896166836
-0.37601808,1.3388159,9.378897,181823905884901
-0.4514612,1.2094848,9.348959,181823915602966
-0.4155359,1.2430152,9.416019,181823925321031
-0.34608033,1.2346326,9.414822,181823935039096
-0.3903882,1.2370276,9.479487,181823944757161
-0.37601808,1.2226574,9.486672,181823954475226
-0.34608033,0.96399534,8.932225,181823964224142
0.04550537,2.711162,7.477251,181823973942207
-0.8083191,0.9304651,8.647218,181823983660272
-0.5939648,-0.95321774,9.741742,181823993378337
0.07185058,-0.34488282,9.883048,181824003096402
-0.13052857,1.096919,9.29028,181824012814467
-0.6442602,1.6669335,9.1693325,181824022563383
-0.91010743,1.4549744,9.7393465,181824032281448
-0.8634045,1.2430152,10.275831,181824041999513
-0.48139894,1.5890955,10.14171,181824051717578
-0.43469605,1.8896704,9.758507,181824061435643
-0.6286926,1.6286132,9.880653,181824071184559
-0.45984375,1.2801379,10.07944,181824080902624
-0.20477417,1.0370435,10.109378,181824090620689
-0.1472937,1.1005114,9.861493,181824100338754
-0.2933899,1.2885205,9.671089,181824110087670
-0.2574646,1.3208532,9.54535,181824119805735
-0.11136841,1.3280383,9.427995,181824129523800
-0.07065307,1.343606,9.335786,181824139241865
-0.13292359,1.2178674,9.363329,181824148959930
-0.15567628,1.0753638,9.460327,181824158677995
-0.10777588,1.108894,9.460327,181824168426911
-0.082628176,1.0574012,9.382489,181824178144976
-0.13412109,0.9855505,9.259146,181824187863041
-0.2323169,0.99752563,9.369316,181824197581106
-0.1844165,1.0909314,9.262738,181824207299171
-0.21794678,1.0981164,9.339378,181824217017236
-0.24668701,1.0250684,9.335786,181824226766152
-0.3221301,1.0202783,9.305848,181824236484217
-0.39517823,1.1053015,9.340576,181824246202282
-0.3939807,1.2058923,9.336984,181824255920347
-0.36404297,1.2250525,9.339378,181824265638412
-0.5221143,1.1843371,9.396859,181824275387328
-0.49337402,1.1639795,9.370514,181824285105393
-0.39877075,1.2022998,9.493857,181824294823458
-0.44667113,1.2011023,9.4507475,181824304541523
-0.429906,1.1891272,9.348959,181824314259588
-0.5005591,1.2250525,9.363329,181824323977653
-0.5173242,1.2130774,9.399254,181824333726569
-0.41194335,1.3112732,9.293873,181824343444634
-0.45505372,1.2717553,9.332193,181824353162699
-0.49576905,1.2466077,9.419612,181824362880764
-0.4418811,1.2633728,9.444759,181824372598829
-0.4287085,1.2705579,9.342971,181824382316894
-0.3903882,1.299298,9.504635,181824392034959
-0.39996827,1.2226574,9.486672,181824401753024
-0.43349853,1.2142749,9.496252,181824411501940
-0.49097902,1.2813355,9.451944,181824421220005
-0.3293152,1.3903089,9.448352,181824430938070
-0.3065625,1.2669654,9.538165,181824440656135
-0.21674927,1.2346326,9.429192,181824450374200
-0.2694397,1.2011023,9.55972,181824460092265
-0.1844165,1.2765454,9.536968,181824469810330
-0.2706372,1.2909155,9.445957,181824479528395
-0.17842895,1.233435,9.3872795,181824489246460
0.10059082,2.330354,7.39582,181824498964525
-0.37242553,1.3962964,8.416099,181824508682590
-0.64665526,-0.61791503,9.887838,181824518431506
0.08023316,-0.4047583,10.04112,181824528149571
-0.07065307,1.2981006,9.073531,181824537867636
-0.63108766,1.7938696,8.903485,181824547585701
-0.69455564,1.541195,9.587263,181824557303766
-0.6322852,1.284928,10.001601,181824567021831
-0.34488282,1.660946,9.780063,181824576739896
-0.3544629,1.7555493,9.377699,181824586457961
-0.6215076,1.4861096,9.496252,181824596176026
-0.34488282,1.1148816,9.765692,181824605894091
-0.1963916,1.0777588,9.801618,181824615612156
-0.11376343,1.2693603,9.460327,181824625361072
-0.21195923,1.3615686,9.251961,181824635079137
-0.20237915,1.1951147,9.419612,181824644797202
-0.13292359,1.0981164,9.332193,181824654515267
-0.065863036,1.1100916,9.342971,181824664233332
-0.1484912,1.2394226,9.342971,181824673951397
-0.12573853,1.2011023,9.285491,181824683669462
-0.12933105,1.1400293,9.348959,181824693387527
-0.18082398,1.0933264,9.401649,181824703105592
-0.1580713,0.9352551,9.335786,181824712823657
-0.19399658,0.9903406,9.504635,181824722541722
-0.34847534,0.97597045,9.588461,181824732259787
-0.27901977,1.1220666,9.445957,181824741977852
-0.31374756,1.2034973,9.375304,181824751695917
-0.33171022,1.1999048,9.445957,181824761413982
-0.39757323,1.1412268,9.5214,181824771132047
-0.33410522,1.1208692,9.532178,181824780880963
-0.305365,1.0741663,9.49266,181824790599028
-0.25147706,1.1280541,9.570498,181824800317093
-0.2814148,0.979563,9.529782,181824810035158
-0.21076173,1.0250684,9.590856,181824819753223
-0.20357665,1.1400293,9.55972,181824829471288
-0.22632934,1.23104,9.417217,181824839189353
-0.20836669,1.3136683,9.238788,181824848907418
-0.25387207,1.2981006,9.378897,181824858625483
-0.31015503,1.1819421,9.398057,181824868343548
-0.28740233,1.1771522,9.362131,181824878061613
-0.32811767,1.1867322,9.42081,181824887779678
-0.22752686,1.1975098,9.542955,181824897528594
-0.2586621,0.99872315,9.583671,181824907246659
-0.30416748,1.1496093,9.510623,181824916964724
-0.2706372,1.0981164,9.315429,181824926682789
-0.2694397,1.1723621,9.344169,181824936400854
-0.3412903,1.2502002,9.425599,181824946118919
-0.2826123,1.2502002,9.271121,181824955836984
-0.3197351,1.1579919,9.422007,181824965555049
-0.2335144,1.1100916,9.474697,181824975273114
-0.1592688,1.0597961,9.405242,181824984991179
-0.2694397,1.1520044,9.448352,181824994709244
-0.2826123,1.2909155,9.484278,181825004427309
-0.37721556,1.3364209,9.393267,181825014145374
-0.4035608,1.3292358,9.436377,181825023863439
-0.4658313,1.3579761,9.456735,181825033581504
-0.38919067,1.2490027,9.528585,181825043299569
-0.3676355,1.2346326,9.753717,181825053017634
-0.104183346,1.8118323,6.8581386,181825062735699
-0.24668701,1.7591418,8.1143265,181825072453764
-0.6993457,-0.9196875,9.839938,181825082171829
0.2586621,-1.2741504,10.431507,181825091920745
0.2945874,0.7101233,9.616003,181825101607959
-0.549657,1.6441809,9.075927,181825111356875
-0.76760375,1.7866845,9.329799,181825121074940
-0.6622229,1.8441651,9.618399,181825130793005
-0.3197351,1.8812878,9.629176,181825140511070
-0.33889526,1.9375708,9.489067,181825150229135
-0.5556445,1.5232325,9.735754,181825159947200
-0.3915857,1.1448194,9.933344,181825169665265
-0.19878662,1.1184741,9.850716,181825179383330
-0.13172607,1.5459851,9.382489,181825189101395
-0.20118164,1.5699353,9.200467,181825198819460
-0.014370117,1.4873071,9.183702,181825208537525
0.0047900393,1.2621753,9.301059,181825218255590
0.023950195,1.2394226,9.277108,181825227973655
-0.010777588,1.2082874,9.271121,181825237691720
-0.061072998,1.1148816,9.323811,181825247409785
-0.033530273,1.0502161,9.467512,181825257127850
-0.10059082,0.98674804,9.465117,181825266845915
-0.08981323,1.0849439,9.471105,181825276563980
-0.123343505,1.0274634,9.459129,181825286282045
-0.17962646,1.0490185,9.372909,181825296000110
-0.26584718,1.1268567,9.366921,181825305718175
-0.15567628,1.1460168,9.475895,181825315436240
-0.27542725,1.2082874,9.524993,181825325154305
-0.26704466,1.108894,9.54535,181825334872370
-0.3556604,1.1819421,9.583671,181825344590435
-0.40116578,1.2645704,9.5070305,181825354339351
-0.41673338,1.2346326,9.447155,181825364057416
-0.32093263,1.3052857,9.425599,181825373775481
-0.3568579,1.3112732,9.380094,181825383493546
-0.30057496,1.2370276,9.474697,181825393211611
-0.20716919,1.2370276,9.433982,181825402929676
-0.22752686,1.2813355,9.414822,181825412647741
-0.16166382,1.3208532,9.359736,181825422365806
-0.15687378,1.3627661,9.296268,181825432114722
-0.2562671,1.3160633,9.307046,181825441832787
-0.32811767,1.2705579,9.262738,181825451550852
-0.29219237,1.2058923,9.303453,181825461268917
-0.26105714,1.1735595,9.251961,181825471017833
-0.24548951,1.1639795,9.356144,181825480735898
-0.21076173,1.0957215,9.366921,181825490453963
-0.21674927,1.0885364,9.3453665,181825500172028
-0.24788453,1.1484119,9.445957,181825509890093
-0.2945874,1.1819421,9.395661,181825519608158
-0.30177248,1.1783496,9.283095,181825529326223
-0.39757323,1.2490027,9.293873,181825539075139
-0.28859985,1.1352392,9.513018,181825548793204
-0.2826123,1.1843371,9.462722,181825558511269
-0.23111938,1.108894,9.453142,181825568229334
-0.14370117,1.0597961,9.519005,181825577947399
-0.24429199,1.1268567,9.510623,181825587696315
-0.21195923,1.108894,9.495055,181825597414380
-0.17842895,1.1148816,9.400452,181825607132445
-0.11615845,1.1951147,9.181308,181825616850510
0.19878662,2.2165906,7.1263804,181825626568575
-0.25027955,1.7220191,8.171806,181825636286640
-0.41673338,-0.24668701,9.479487,181825646004705
0.07783814,-0.2802173,10.0626745,181825655722770
0.020357667,1.0023156,9.471105,181825665440835
-0.42032593,1.6405884,9.27591,181825675189751
-0.8705896,1.8753003,9.42081,181825684907816
-0.63468015,1.7423767,9.849518,181825694625881
-0.44786865,1.7794995,9.754914,181825704343946
-0.5879773,1.6573535,9.707014,181825714062011
-0.556842,1.5124549,10.006392,181825723780076
-0.35326537,1.404679,10.043514,181825733498141
-0.18202148,1.4058765,9.798025,181825743216206
-0.19160156,1.4968872,9.601633,181825752934271
-0.09939331,1.2861255,9.576486,181825762652336
-0.11496094,1.2466077,9.548943,181825772370401
-0.082628176,1.108894,9.637559,181825782088466
-0.09340576,1.2525952,9.480685,181825791806531
-0.017962646,1.2825329,9.465117,181825801555447
-0.043110352,1.3244458,9.311836,181825811273512
-0.083825685,1.2609777,9.2747135,181825820991577
0.10298584,1.2382251,9.332193,181825830709642
-0.09340576,1.1256592,9.327404,181825840427707
-0.15088624,1.1819421,9.400452,181825850145772
-0.24429199,1.1148816,9.311836,181825859863837
-0.21195923,1.3040881,9.353748,181825869581902
-0.20477417,1.2597803,9.214838,181825879299967
-0.33410522,1.284928,9.381291,181825889048883
-0.23471192,1.2681628,9.370514,181825898766948
-0.30296996,1.2442126,9.402846,181825908485013
-0.3412903,1.2166699,9.354946,181825918203078
-0.36045045,1.2981006,9.319021,181825927921143
-0.34727782,1.3328284,9.340576,181825937670059
-0.39637575,1.3471985,9.374106,181825947388124
-0.38440064,1.3160633,9.370514,181825957106189
-0.305365,1.2226574,9.501042,181825966855105
-0.3676355,1.2801379,9.508227,181825976573170
-0.31374756,1.3567786,9.472302,181825986291235
-0.2706372,1.4178516,9.389674,181825996009300
-0.28620484,1.3615686,9.425599,181826005758216
-0.21555176,1.4513818,9.433982,181826015476281
-0.2826123,1.341211,9.534573,181826025194346
-0.2574646,1.404679,9.509425,181826034912411
-0.3197351,1.3711487,9.477093,181826044661327
-0.2814148,1.4968872,9.447155,181826054379392
-0.2694397,1.411864,9.472302,181826064097457
-0.39996827,1.4537768,9.44955,181826073815522
-0.28979737,1.4130615,9.437574,181826083533587
-0.21555176,1.3567786,9.336984,181826093282503
-0.26345214,1.2418176,9.405242,181826103000568
-0.17962646,1.2478051,9.365724,181826112718633
-0.13771363,1.2370276,9.393267,181826122436698
-0.183219,1.1999048,9.29028,181826132185614
-0.14609618,1.2011023,9.382489,181826141903679
-0.16405883,1.0885364,9.342971,181826151621744
-0.13172607,1.0873389,9.222023,181826161339809
-0.086220704,1.3376184,9.230405,181826171088725
-0.10657837,2.3135889,7.0784802,181826180806790
-0.3796106,1.421444,8.181387,181826190524855
-0.57001466,-0.5628296,9.72378,181826200242920
0.2335144,-0.27542725,10.1189575,181826209991836
-0.12693603,1.5878979,9.3453665,181826219709901
-0.8071216,2.3052063,8.914263,181826229427966
-0.8107141,2.389032,9.498648,181826239146031
-0.5448669,1.9782861,9.950109,181826248894947
-0.37721556,1.583108,9.986034,181826258613012
-0.5005591,1.3591735,9.994416,181826268331077
-0.37841308,1.3651612,9.956097,181826278049142
-0.29937744,1.4789245,9.78605,181826287798058
-0.21315674,1.5843054,9.53098,181826297516123
-0.28740233,1.5447876,9.536968,181826307234188
-0.23950195,1.3891113,9.457932,181826316952253
-0.05628296,1.3160633,9.503437,181826326670318
-0.09340576,1.3076806,9.486672,181826336419234
-0.029937744,1.3543836,9.425599,181826346137299
-0.031135254,1.2933105,9.393267,181826355855364
-0.033530273,1.0861413,9.427995,181826365573429
-0.067060545,1.0717713,9.443562,181826375291494
-0.08741821,1.1304492,9.336984,181826385009559
-0.09699829,1.3004956,9.172925,181826394758475
-0.08981323,1.2142749,9.1621475,181826404476540
-0.10178833,1.1100916,9.265133,181826414194605
-0.11256592,1.1328442,9.241183,181826423912670
-0.1963916,1.0729687,9.333391,181826433630735
-0.13292359,1.1280541,9.323811,181826443379651
-0.015567627,1.2681628,9.21364,181826453097716
-0.122145995,1.346001,9.20885,181826462815781
-0.18202148,1.404679,9.231603,181826472533846
-0.22393432,1.350791,9.351354,181826482251911
-0.1580713,1.3232483,9.413624,181826491969976
-0.18681152,1.3795313,9.412427,181826501718892
-0.24309449,1.3280383,9.3872795,181826511436957
-0.13891113,1.3627661,9.354946,181826521155022
-0.16166382,1.2981006,9.400452,181826530873087
-0.30776,1.2789404,9.393267,181826540591152
-0.15328126,1.3723462,9.461525,181826550309217
-0.13651611,1.4178516,9.291478,181826560058133
-0.18920654,1.4609619,9.405242,181826569776198
-0.30416748,1.3280383,9.305848,181826579494263
-0.22752686,1.3100756,9.45434,181826589212328
-0.18681152,1.3651612,9.469907,181826598930393
-0.09580078,1.3112732,9.471105,181826608648458
-0.04550537,1.2681628,9.51661,181826618397374
-0.13771363,1.2094848,9.588461,181826628115439
-0.1580713,1.4453943,9.490265,181826637833504
-0.18082398,1.585503,9.560918,181826647551569
-0.21195923,1.5028747,9.48308,181826657300485
-0.25506958,1.5076648,9.637559,181826667018550
-0.30177248,1.2813355,9.201665,181826676736615
0.32093263,2.8225305,7.315587,181826686454680
-0.37242553,1.6286132,8.393346,181826696172745
-0.60234743,-0.68497556,9.780063,181826705921661
0.16525635,-0.7688013,10.298584,181826715639726
0.17004639,0.8957373,9.678274,181826725357791
-0.18202148,1.8681152,9.121432,181826735075856
-0.47301635,2.088457,9.255553,181826744793921
-0.39637575,2.1052222,9.540561,181826754542837
-0.10298584,1.7699194,9.577683,181826764260902
-0.104183346,1.1663746,9.825567,181826773978967
0.033530273,0.88735473,10.071057,181826783697032
0.18681152,0.97118044,10.02675,181826793415097
0.1472937,1.3064831,9.570498,181826803164013
0.11975098,1.5172448,9.327404,181826812882078
0.122145995,1.3663586,9.352551,181826822600143
0.12933105,1.3028907,9.364527,181826832318208
0.14489868,1.2011023,9.432784,181826842067124
0.11136841,1.1172767,9.49266,181826851785189
0.10298584,1.096919,9.426797,181826861503254
0.10178833,1.0322534,9.404044,181826871221319
0.086220704,1.0178833,9.390872,181826880939384
-0.0742456,1.0705737,9.460327,181826890688300
-0.09340576,1.2729529,9.380094,181826900406365
-0.11256592,1.1891272,9.513018,181826910124430
-0.20118164,1.1711645,9.508227,181826919842495
-0.14130615,1.22146,9.539363,181826929560560
-0.12573853,1.3292358,9.425599,181826939278625
-0.17244141,1.3675561,9.335786,181826949027541
-0.1963916,1.3028907,9.328601,181826958745606
-0.20597167,1.2322376,9.340576,181826968463671
-0.183219,1.1999048,9.441167,181826978181736
-0.28979737,1.2502002,9.457932,181826987899801
-0.14370117,1.1987072,9.291478,181826997617866
-0.2335144,1.2058923,9.148974,181827007335931
-0.23710693,1.3112732,9.255553,181827017053996
-0.09939331,1.2034973,9.314231,181827026772061
-0.11735596,1.0885364,9.357342,181827036490126
-0.0981958,1.1484119,9.352551,181827046208191
-0.08741821,1.0633887,9.374106,181827055926256
-0.0981958,1.1579919,9.360934,181827065644321
0.08023316,1.1927197,9.326206,181827075362386
-0.027542725,1.1879296,9.214838,181827085080451
-0.0011975098,1.1340418,9.336984,181827094798516
-0.032332763,1.0885364,9.277108,181827104516581
-0.015567627,1.1567944,9.427995,181827114234646
0.0742456,1.1723621,9.419612,181827123952711
0.025147704,1.2597803,9.362131,181827133670776
-0.10897339,1.2370276,9.3872795,181827143419692
-0.019160157,1.2322376,9.513018,181827153137757
0.08741821,1.3040881,9.501042,181827162855822
-0.027542725,1.3543836,9.611214,181827172573887
0.028740235,1.4202466,9.554931,181827182291952
-0.016765136,1.4058765,9.540561,181827192010017
-0.07065307,1.2765454,9.580078,181827201728082
-0.009580079,1.348396,9.621991,181827211446147
0.1484912,1.1148816,8.308323,181827221164212
0.35087037,2.8285182,7.3191795,181827230882277
-0.30177248,0.90411985,8.2197075,181827240600342
-0.40835083,-1.1328442,9.680669,181827250349258
0.29817992,-0.7089258,9.940529,181827260067323
0.14130615,0.85502195,9.340576,181827269785388
-0.48618898,1.6190332,9.293873,181827279503453
-0.9196875,1.839375,9.631571,181827289221518
-0.671803,2.0968397,10.163265,181827298939583
-0.2814148,2.2704785,10.140512,181827308657648
-0.37122804,1.8597326,9.722582,181827318375713
-0.38799316,1.4561719,10.299782,181827328093778
-0.18082398,1.0418335,10.311756,181827337811843
0.028740235,1.1711645,10.009984,181827347529908
0.028740235,1.5519726,9.607621,181827357247973
-0.10178833,1.6118481,9.501042,181827366996889
-0.0490979,1.3807287,9.358539,181827376714954
0.19399658,1.1999048,9.346563,181827386433019
0.17962646,1.1915222,9.325008,181827396151084
0.09460327,1.1184741,9.285491,181827405869149
0.12573853,0.9951306,9.067544,181827415587214
0.23471192,0.9699829,9.110654,181827425305279
0.20956421,0.9855505,9.096284,181827435023344
0.20477417,0.91489744,9.034014,181827444741409
0.19160156,0.92208254,9.134604,181827454459474
0.0742456,0.8957373,9.177715,181827464177539
0.04670288,0.9855505,9.2818985,181827473895604
-0.082628176,0.9855505,9.224418,181827483613669
-0.067060545,1.1304492,9.320218,181827493362585
-0.15447876,1.219065,9.378897,181827503080650
-0.22513184,1.1915222,9.474697,181827512798715
-0.18920654,1.167572,9.451944,181827522516780
-0.22752686,1.2382251,9.513018,181827532234845
-0.2335144,1.2466077,9.617201,181827541952910
-0.29219237,1.3076806,9.556128,181827551670975
-0.27662477,1.3220508,9.565708,181827561389040
-0.28500733,1.346001,9.52619,181827571107105
-0.27422974,1.2597803,9.599238,181827580825170
-0.16645385,1.3100756,9.481882,181827590543235
-0.24429199,1.2561878,9.441167,181827600261300
-0.23830444,1.2370276,9.423204,181827609979365
-0.18082398,1.2250525,9.479487,181827619697430
-0.12933105,1.2382251,9.47829,181827629415495
-0.20836669,1.1915222,9.466314,181827639133560
-0.038320314,1.1172767,9.5070305,181827648882476
-0.1101709,1.1484119,9.536968,181827658600541
-0.16405883,1.1460168,9.577683,181827668318606
-0.13771363,1.2645704,9.474697,181827678036671
-0.17244141,1.3124707,9.423204,181827687754736
-0.12933105,1.2909155,9.517808,181827697472801
-0.25267455,1.2945081,9.395661,181827707190866
-0.11256592,1.2633728,9.427995,181827716908931
-0.14250366,1.3184582,9.369316,181827726626996
-0.11735596,1.3495935,9.404044,181827736345061
-0.10777588,1.2561878,9.490265,181827746063126
-0.028740235,1.2525952,9.50224,181827755812042
-0.20357665,0.86579955,7.5742493,181827765530107
0.23471192,2.1267774,7.611372,181827775248172
-0.27183473,0.3293152,8.8484,181827784966237
0.027542725,-1.0861413,9.606423,181827794684302
0.3293152,-0.09101074,9.86748,181827804402367
0.028740235,1.0310559,9.366921,181827814120432
-0.37242553,1.5783179,9.641151,181827823838497
-0.5724097,1.7447717,9.807605,181827833556562
-0.27542725,2.034569,9.808803,181827843274627
-0.12813355,2.0501368,9.718989,181827853023543
-0.38559815,1.3759388,9.954899,181827862741608
-0.20357665,0.8849597,10.3512745,181827872459673
0.0490979,0.8957373,10.236314,181827882177738
0.120948486,1.2046949,9.780063,181827891895803
0.04790039,1.3986914,9.546548,181827901613868
-0.0119750975,1.3136683,9.471105,181827911331933
0.11975098,1.2250525,9.48787,181827921049998
0.032332763,1.1819421,9.399254,181827930768063
0.08861572,1.3016931,9.398057,181827940486128
0.10298584,1.2597803,9.317823,181827950204193
0.069455564,1.108894,9.313033,181827959922258
0.05029541,1.1148816,9.362131,181827969640323
-0.009580079,1.0166858,9.296268,181827979358388
-0.05748047,1.033451,9.348959,181827989107304
-0.120948486,1.0777588,9.25675,181827998825369
-0.10178833,1.162782,9.309441,181828008543434
-0.18681152,1.1352392,9.166937,181828018261499
-0.12573853,1.1376343,9.249565,181828027979564
-0.083825685,1.0418335,9.317823,181828037697629
-0.11376343,1.0825489,9.441167,181828047415694
-0.17124389,1.0729687,9.342971,181828057133759
-0.21794678,1.0597961,9.266331,181828066851824
-0.12933105,1.1915222,9.336984,181828076569889
-0.18202148,1.2537928,9.301059,181828086287954
-0.15687378,1.3831238,9.22801,181828096006019
-0.22393432,1.3615686,9.319021,181828105724084
-0.17603393,1.2166699,9.323811,181828115442149
-0.14489868,1.2382251,9.499845,181828125160214
-0.0981958,1.113684,9.448352,181828134878279
-0.11855347,1.1232642,9.381291,181828144596344
-0.17124389,1.1100916,9.310638,181828154314409
-0.09220825,1.1795471,9.311836,181828164032474
0.0011975098,1.1340418,9.285491,181828173750539
-0.069455564,1.1783496,9.408834,181828183468604
-0.13412109,1.1807446,9.3872795,181828193186669
-0.25147706,1.3052857,9.354946,181828202904734
-0.26464966,1.3196558,9.489067,181828212622799
-0.31494507,1.4573693,9.477093,181828222340864
-0.12933105,1.5052698,9.424402,181828232058929
-0.16765137,1.4441968,9.368119,181828241807845
-0.07065307,1.3867164,9.424402,181828251525910
0.0023950196,1.3591735,9.486672,181828261243975
-0.0023950196,1.2298425,9.499845,181828270962040
0.15447876,1.0837463,9.666299,181828280680105
0.023950195,1.0514135,9.636361,181828290398170
0.18082398,0.9855505,9.439969,181828300116235
0.183219,2.5195606,7.1599107,181828309834300
-0.30895752,1.7280066,7.8377013,181828319552365
-0.6753955,-0.7113208,9.529782,181828329270430
0.17483643,-1.0885364,10.160871,181828338988495
0.05269043,0.16645385,9.849518,181828348706560
-0.24309449,1.1496093,9.569301,181828358424625
-0.54726195,1.52922,9.9644785,181828368142690
-0.5484595,1.5519726,10.019565,181828377891606
-0.24908203,1.8645227,9.669891,181828387578820
-0.32572266,1.848955,9.453142,181828397296885
-0.39757323,1.348396,9.922565,181828407014950
-0.13771363,0.9089099,10.277029,181828416733015
0.043110352,1.0442286,10.116563,181828426451080
0.13292359,1.3723462,9.562116,181828436199996
0.0,1.5076648,9.357342,181828445918061
0.05628296,1.4477893,9.392069,181828455636126
0.13412109,1.3172607,9.411229,181828465354191
0.12933105,1.2478051,9.370514,181828475072256
-0.0011975098,1.3316308,9.363329,181828484790321
-0.013172608,1.2322376,9.45434,181828494508386
0.0119750975,1.096919,9.354946,181828504226451
0.0035925293,1.1424243,9.382489,181828513944516
0.019160157,1.0621911,9.335786,181828523662581
-0.14250366,0.9891431,9.461525,181828533380646
-0.10777588,0.96160036,9.45434,181828543098711
-0.11376343,0.8945398,9.466314,181828552816776
-0.15088624,0.9292676,9.534573,181828562534841
-0.15687378,0.9304651,9.323811,181828572252906
-0.17124389,0.96040285,9.334589,181828581970971
-0.15687378,1.0621911,9.350156,181828591689036
-0.14250366,1.1939173,9.293873,181828601407101
-0.1844165,1.2034973,9.230405,181828611125166
-0.18202148,1.2681628,9.235195,181828620843231
-0.14968872,1.2322376,9.217233,181828630561296
-0.2562671,1.2513977,9.296268,181828640279361
-0.24429199,1.3028907,9.243578,181828649997426
-0.12933105,1.2621753,9.22322,181828659715491
-0.124541014,1.1951147,9.295071,181828669433556
-0.11975098,1.1915222,9.315429,181828679151621
-0.025147704,1.1208692,9.356144,181828688869686
-0.0371228,1.0957215,9.292676,181828698587751
-0.122145995,1.1867322,9.323811,181828708305816
-0.05987549,1.1304492,9.479487,181828718023881
-0.11376343,1.0957215,9.267529,181828727741946
-0.05269043,1.1436218,9.307046,181828737460011
-0.12933105,1.2466077,9.29028,181828747178076
-0.021555176,1.1747571,9.280701,181828756896141
0.05748047,1.0514135,9.514215,181828766614206
0.014370117,1.043031,9.486672,181828776332271
0.0011975098,1.1532019,9.474697,181828786050336
0.022752685,1.2274475,9.498648,181828795768401
0.034727782,1.3172607,9.370514,181828805486466
-0.031135254,1.2933105,9.484278,181828815204531
-0.023950195,1.3292358,9.508227,181828824922596
-0.034727782,1.2921131,9.539363,181828834640661
0.0490979,1.0238708,8.957373,181828844358726
0.20118164,2.7818153,7.066505,181828854076791
-0.28740233,1.7986597,7.3299575,181828863794856
-0.83346677,-0.43469605,9.128617,181828873512921
0.05867798,-1.0298584,10.080637,181828883230986
0.22273682,-0.26704466,10.10339,181828892949051
-0.16046631,0.75203615,9.783655,181828902667116
-0.41074586,1.5076648,9.972861,181828912385181
-0.49457154,1.778302,9.928554,181828922103246
-0.2826123,2.1195922,9.698631,181828931821311
-0.22273682,2.3566992,9.647139,181828941570227
-0.366438,1.9483484,9.883048,181828951288292
-0.26824218,1.0562036,10.395582,181828961006357
-0.17842895,0.6274951,10.660232,181828970724422
0.04550537,0.8957373,10.3512745,181828980442487
0.028740235,1.2669654,9.999207,181828990160552
-0.062270507,1.465752,9.630374,181828999878617
-0.06346802,1.3903089,9.484278,181829009596682
-0.07664063,1.3352234,9.466314,181829019314747
0.062270507,1.1831397,9.315429,181829029032812
-0.033530273,1.1053015,9.504635,181829038750877
-0.015567627,1.0669812,9.380094,181829048499793
-0.07664063,1.0849439,9.335786,181829058217858
-0.07903565,0.98674804,9.365724,181829067935923
-0.1353186,1.0346484,9.222023,181829077653988
-0.28620484,1.101709,9.152567,181829087372053
-0.1472937,1.0777588,9.168135,181829097090118
-0.18681152,1.0657837,9.193282,181829106808183
-0.26584718,1.0118958,9.231603,181829116526248
-0.22632934,1.0166858,9.307046,181829126244313
-0.23471192,0.984353,9.272318,181829135993229
-0.26225463,1.0585986,9.286688,181829145711294
-0.34727782,1.1436218,9.119037,181829155429359
-0.38440064,1.1783496,9.172925,181829165147424
-0.30895752,1.2933105,9.279503,181829174865489
-0.25985962,1.2130774,9.296268,181829184583554
-0.30177248,1.1747571,9.311836,181829194301619
-0.31255004,1.0981164,9.383686,181829204019684
-0.305365,1.1400293,9.332193,181829213737749
-0.31734008,1.1100916,9.48787,181829223455814
-0.31135255,1.1280541,9.45434,181829233173879
-0.31015503,1.1532019,9.329799,181829242891944
-0.40116578,1.1687695,9.437574,181829252610009
-0.3293152,1.1615845,9.465117,181829262328074
-0.366438,1.2681628,9.438772,181829272076990
-0.3185376,1.1963123,9.377699,181829281795055
-0.30057496,1.1783496,9.48308,181829291513120
-0.1844165,1.1472144,9.490265,181829301231185
-0.25267455,1.1496093,9.56451,181829310949250
-0.26464966,1.1735595,9.51182,181829320667315
-0.21674927,1.1639795,9.551338,181829330385380
-0.22513184,1.1520044,9.510623,181829340103445
-0.2215393,1.2394226,9.474697,181829349821510
-0.17842895,1.2430152,9.490265,181829359539575
-0.15447876,1.1939173,9.486672,181829369288491
-0.12933105,1.1951147,9.47829,181829379006556
-0.17363891,1.1579919,9.491463,181829388724621
-0.2562671,1.6393908,7.2856493,181829398442686
-0.064665526,2.43813,7.532336,181829408160751
-0.7867639,0.17004639,9.005274,181829417878816
-0.29219237,-1.1196716,9.868678,181829427596881
0.09220825,0.0047900393,9.855505,181829437314946
-0.14370117,1.0645862,9.336984,181829447033011
-0.4754114,1.6190332,9.418414,181829456751076
-0.5616321,1.52922,9.673484,181829466499992
-0.3544629,1.5986755,9.76689,181829476218057
-0.17483643,1.6621436,9.594448,181829485936122
-0.4035608,1.5136523,9.598041,181829495654187
-0.28740233,1.0214758,9.758507,181829505372252
-0.028740235,0.8358618,9.8028145,181829515090317
0.120948486,0.8909473,9.728569,181829524808382
0.11735596,1.0693762,9.613608,181829534526447
-0.014370117,0.92567503,9.527388,181829544244512
0.0023950196,0.8969348,9.541758,181829553962577
0.023950195,1.0741663,9.5214,181829563680642
-0.029937744,1.1053015,9.377699,181829573429558
-0.104183346,1.1987072,9.353748,181829583147623
-0.12573853,1.2274475,9.383686,181829592865688
-0.083825685,1.0825489,9.371712,181829602583753
-0.21674927,1.0669812,9.459129,181829612301818
-0.25027955,0.9675879,9.588461,181829622019883
-0.2802173,1.0957215,9.623188,181829631737948
-0.25027955,1.0849439,9.541758,181829641486864
-0.3197351,1.1963123,9.539363,181829651204929
-0.41673338,1.1100916,9.519005,181829660922994
-0.31734008,1.1663746,9.299861,181829670641059
-0.23471192,1.1340418,9.510623,181829680359124
-0.27422974,1.0885364,9.501042,181829690077189
-0.29817992,1.0873389,9.48308,181829699826105
-0.32811767,1.0813513,9.522597,181829709544170
-0.32093263,1.108894,9.513018,181829719262235
-0.23710693,1.1388317,9.432784,181829728980300
-0.23710693,1.1292517,9.322614,181829738698365
-0.305365,1.1735595,9.388476,181829748416430
-0.31734008,1.1184741,9.267529,181829758165346
-0.18202148,1.1100916,9.335786,181829767883411
-0.21435425,1.0202783,9.320218,181829777601476
-0.17842895,0.96519285,9.432784,181829787319541
-0.26584718,0.92208254,9.429192,181829797037606
-0.16525635,0.96160036,9.375304,181829806755671
-0.1951941,1.0023156,9.182505,181829816473736
-0.2323169,1.1795471,9.222023,181829826191801
-0.21794678,1.2070899,9.19448,181829835909866
-0.26225463,1.1436218,9.196875,181829845627931
-0.20836669,1.0322534,9.24717,181829855376847
-0.10657837,1.0095007,9.439969,181829865094912
-0.08861572,0.8693921,9.390872,181829874812977
-0.0981958,0.88735473,9.341774,181829884531042
-0.124541014,0.97597045,9.357342,181829894249107
-0.16046631,0.9855505,9.400452,181829903967172
-0.13891113,1.0059083,9.437574,181829913685237
-0.22992188,1.0382409,9.477093,181829923403302
-0.05149292,2.2285657,6.957532,181829933121367
-0.18561402,2.074087,7.4077954,181829942839432
-0.8849597,-0.27901977,9.187295,181829952557497
-0.1951941,-0.9017249,10.2387085,181829962275562
0.11376343,0.36164796,9.817185,181829971993627
-0.5113367,0.96160036,9.660312,181829981711692
-0.81310916,1.4142591,9.980046,181829991429757
-0.80233157,1.5364051,10.027946,181830001147822
-0.5712122,2.098037,9.765692,181830010865887
-0.4658313,2.4129822,9.42081,181830020583952
-0.59276736,1.7842896,9.778865,181830030332868
-0.305365,0.92807007,10.278226,181830040050933
-0.034727782,0.6514453,10.457852,181830049768998
0.043110352,0.87298465,10.065069,181830059487063
-0.05388794,1.0765613,9.874665,181830069205128
-0.12693603,1.1005114,9.576486,181830078923193
-0.062270507,1.0753638,9.513018,181830088641258
-0.023950195,1.1951147,9.365724,181830098359323
0.009580079,1.1148816,9.399254,181830108077388
-0.08023316,0.9951306,9.332193,181830117795453
-0.0742456,0.796344,9.380094,181830127513518
0.0071850587,0.8957373,9.356144,181830137231583
-0.015567627,0.87178713,9.286688,181830146949648
-0.24908203,0.8418494,9.291478,181830156667713
-0.27422974,0.92208254,9.278306,181830166385778
-0.14250366,1.0166858,9.235195,181830176103843
-0.17363891,0.9831555,9.304651,181830185821908
-0.31015503,0.94363767,9.230405,181830195539973
-0.32332763,0.9508228,9.278306,181830205258038
-0.25506958,0.9364526,9.377699,181830214976103
-0.32093263,0.9855505,9.332193,181830224694168
-0.3544629,0.984353,9.425599,181830234443084
-0.429906,0.99992067,9.293873,181830244161149
-0.32332763,1.0538086,9.399254,181830253879214
-0.27183473,1.0753638,9.2184305,181830263597279
-0.2838098,1.1819421,9.328601,181830273315344
-0.27542725,1.0514135,9.298663,181830283064260
-0.18681152,0.9568103,9.386082,181830292782325
-0.18561402,0.9675879,9.424402,181830302500390
-0.20477417,1.0286609,9.412427,181830312218455
-0.24908203,0.9663904,9.350156,181830321936520
-0.2335144,1.033451,9.2818985,181830331685436
-0.2323169,1.0286609,9.309441,181830341403501
-0.21555176,0.9292676,9.378897,181830351121566
-0.2562671,0.9448352,9.302256,181830360839631
-0.1963916,0.90052736,9.375304,181830370557696
-0.10178833,0.87178713,9.328601,181830380306612
-0.19279908,0.9735754,9.253158,181830390024677
-0.1472937,0.9292676,9.295071,181830399742742
-0.1963916,0.920885,9.431587,181830409460807
0.015567627,1.1184741,9.445957,181830419178872
-0.05269043,1.165177,9.448352,181830428896937
-0.22273682,1.0705737,9.426797,181830438615002
-0.23471192,0.9855505,9.653126,181830448333067
-0.061072998,0.65623534,9.924961,181830458081983
-0.15687378,0.6334827,9.9644785,181830467800048
-0.124541014,0.80113405,9.842333,181830477518113
-0.031135254,0.8825647,9.782457,181830487236178
0.1844165,2.5315356,6.6988697,181830496954243
-0.3185376,2.264491,7.63652,181830506672308
-1.0106982,-0.18920654,9.013656,181830516421224
-0.09580078,-1.5878979,10.262659,181830526139289
0.07903565,-1.4861096,10.853031,181830535857354
-0.16405883,-0.53648436,10.620714,181830545575419
-0.5448669,0.37721556,10.503358,181830555293484
-0.8693921,1.4010864,10.059082,181830565011549
-0.6227051,2.0525317,9.695039,181830574760465
-0.25387207,2.5147705,9.084309,181830584478530
-0.45744872,2.44292,8.863967,181830594196595
-0.4790039,1.7028589,9.393267,181830603914660
-0.24548951,0.9196875,9.863888,181830613632725
0.041912843,0.3796106,10.226733,181830623350790
0.0742456,0.15088624,10.201586,181830633068855
0.064665526,0.31135255,9.976454,181830642817771
0.07903565,0.5005591,9.606423,181830652535836
0.020357667,0.84424436,9.332193,181830662253901
0.008382568,0.9735754,9.1765175,181830671971966
-0.068258055,0.99872315,9.017248,181830681690031
0.05867798,0.90411985,9.045989,181830691408096
0.0071850587,0.72808594,9.1202345,181830701126161
0.03592529,0.6167175,9.271121,181830710844226
-0.086220704,0.53169435,9.352551,181830720593142
0.0071850587,0.57959473,9.382489,181830730311207
0.0071850587,0.60234743,9.404044,181830740029272
-0.15447876,0.53289187,9.425599,181830749747337
-0.0981958,0.7005432,9.347761,181830759465402
-0.23950195,0.6969507,9.342971,181830769183467
-0.23590942,0.8789722,9.211246,181830778901532
-0.19399658,0.9340576,9.251961,181830788619597
-0.30416748,0.8909473,9.284293,181830798337662
-0.19399658,0.90411985,9.411229,181830808055727
-0.25985962,0.8753796,9.402846,181830817804643
-0.32811767,0.8298743,9.47829,181830827522708
-0.27901977,0.8358618,9.588461,181830837240773
-0.2203418,0.8490344,9.51182,181830846958838
-0.18561402,0.91010743,9.436377,181830856676903
-0.29099488,0.9077124,9.378897,181830866394968
-0.21794678,0.85142946,9.413624,181830876113033
-0.25267455,0.88855225,9.433982,181830885831098
-0.21315674,0.8262817,9.459129,181830895549163
-0.033530273,0.7101233,9.529782,181830905267228
-0.120948486,0.7220984,9.365724,181830914985293
-0.123343505,0.7723938,9.480685,181830924734209
-0.13651611,0.80113405,9.398057,181830934452274
-0.08741821,0.7652087,9.442365,181830944170339
-0.12813355,0.80592406,9.473499,181830953888404
-0.11975098,0.859812,9.445957,181830963606469
-0.12693603,0.88735473,9.381291,181830973324534
-0.14370117,0.8693921,9.466314,181830983042599
-0.1353186,0.8358618,9.571695,181830992760664
-0.19399658,0.9340576,9.605226,181831002509580
-0.07903565,0.6813831,8.511899,181831012227645
0.37482056,2.9135413,7.1168003,181831021945710
-0.50774413,1.1711645,8.2197075,181831031663775
-0.70174074,-1.2825329,9.672286,181831041381840
0.2323169,-1.1400293,10.232721,181831051099905
0.16166382,0.16525635,9.5070305,181831060817970
-0.4514612,0.7113208,9.474697,181831070536035
-0.53169435,0.76760375,10.073452,181831080254100
-0.6322852,1.1316468,9.998009,181831089972165
-0.35087037,1.8226099,9.942924,181831099721081
-0.29099488,2.2656884,9.279503,181831109439146
-0.5269043,1.780697,9.402846,181831119157211
-0.36045045,1.0538086,10.019565,181831128875276
0.028740235,0.5736072,10.233918,181831138593341
0.15687378,0.46343628,10.0626745,181831148311406
0.010777588,0.6861731,9.883048,181831158060322
0.064665526,0.7041357,9.641151,181831167778387
0.10298584,0.7256909,9.49745,181831177496452
0.16286133,0.7544311,9.424402,181831187214517
0.07065307,0.89932984,9.272318,181831196932582
0.05628296,0.91130495,9.214838,181831206650647
0.07304809,0.76760375,9.323811,181831216368712
0.09699829,0.6370752,9.378897,181831226086777
-0.05029541,0.63587767,9.374106,181831235804842
-0.11735596,0.6047424,9.479487,181831245553758
-0.1844165,0.676593,9.404044,181831255271823
-0.18202148,0.864602,9.320218,181831264989888
-0.26464966,0.86100954,9.374106,181831274707953
-0.1844165,0.8095166,9.42081,181831284426018
-0.33171022,0.7759863,9.44955,181831294144083
-0.27183473,0.80472654,9.286688,181831303862148
-0.29578492,0.79514647,9.395661,181831313580213
-0.20597167,0.8789722,9.348959,181831323329129
-0.2706372,0.81789917,9.340576,181831333047194
-0.2215393,0.81789917,9.441167,181831342765259
-0.27901977,0.8490344,9.299861,181831352483324
-0.27422974,0.8741821,9.280701,181831362201389
-0.29578492,0.83346677,9.382489,181831371919454
-0.19399658,0.82747924,9.376501,181831381637519
-0.19998413,0.8921448,9.340576,181831391355584
-0.21315674,0.7831714,9.513018,181831401104500
-0.07544312,0.7316785,9.405242,181831410822565
-0.16884887,0.796344,9.425599,181831420540630
-0.124541014,0.864602,9.447155,181831430258695
-0.17124389,0.79993653,9.405242,181831439976760
-0.1472937,0.8095166,9.508227,181831449725676
-0.18082398,0.7640112,9.436377,181831459443741
-0.11136841,0.7592212,9.498648,181831469161806
-0.0059875487,0.8693921,9.462722,181831478879871
-0.07903565,0.77957886,9.410031,181831488597936
0.0119750975,0.8107141,9.3872795,181831498316001
-0.05388794,0.77957886,9.56451,181831508034066
-0.05867798,0.81310916,9.582473,181831517782982
-0.15567628,0.75203615,9.586065,181831527501047
-0.019160157,0.8202942,9.491463,181831537219112
-0.11496094,0.91130495,9.437574,181831546937177
-0.1472937,0.798739,9.445957,181831556655242
-0.020357667,0.8238867,9.467512,181831566373307
-0.05508545,0.7640112,9.471105,181831576091372
0.0490979,0.78915894,9.477093,181831585809437
0.50774413,2.5363257,6.9922595,181831595558353
-0.10298584,2.034569,7.4125853,181831605276418
-0.80233157,-0.1951941,9.245973,181831614994483
0.0,-1.2394226,10.0698595,181831624712548
0.07664063,-1.0394385,10.05549,181831634430613
-0.13412109,-0.3544629,9.889035,181831644148678
-0.27782226,0.37242553,9.711804,181831653866743
-0.33650026,0.7747888,9.748927,181831663615659
-0.5233118,1.1975098,9.756112,181831673333724
-0.35206786,1.8633252,9.787248,181831683051789
-0.29578492,2.3267615,9.718989,181831692769854
-0.33769774,2.205813,9.393267,181831702487919
-0.37242553,1.5040723,9.854308,181831712205984
-0.14968872,0.79514647,10.12734,181831721924049
-0.019160157,0.4179309,10.388397,181831731672965
0.10059082,0.552052,10.033935,181831741391030
-0.09939331,0.62989014,10.009984,181831751109095
-0.03592529,0.68976563,9.651929,181831760827160
-0.009580079,0.6861731,9.544153,181831770545225
0.068258055,0.87178713,9.368119,181831780263290
-0.09580078,0.8813672,9.254355,181831790012206
-0.08981323,0.7879614,9.089099,181831799730271
-0.0071850587,0.7005432,9.170529,181831809448336
-0.07664063,0.48618898,9.277108,181831819166401
-0.09220825,0.51013917,9.207653,181831828884466
-0.07544312,0.45026368,9.193282,181831838633382
-0.14010864,0.47301635,9.295071,181831848351447
-0.21794678,0.43349853,9.375304,181831858069512
-0.1592688,0.61073,9.217233,181831867787577
-0.37721556,0.6813831,9.255553,181831877505642
-0.34488282,0.7580237,9.22801,181831887254558
-0.25985962,0.7927515,9.287886,181831896972623
-0.24189697,0.70293826,9.313033,181831906690688
-0.085023195,0.69575316,9.382489,181831916408753
-0.24548951,0.6550378,9.396859,181831926126818
-0.37482056,0.7161108,9.362131,181831935875734
-0.19040406,0.68497556,9.520203,181831945593799
-0.28740233,0.7544311,9.436377,181831955311864
-0.20956421,0.72808594,9.455537,181831965029929
-0.17842895,0.81789917,9.424402,181831974747994
-0.21076173,0.6478528,9.489067,181831984466059
-0.19758911,0.7711963,9.380094,181831994184124
-0.1472937,0.7209009,9.272318,181832003933040
-0.15088624,0.6885681,9.350156,181832013651105
-0.23590942,0.74365354,9.347761,181832023369170
-0.23111938,0.74125856,9.384884,181832033087235
-0.15088624,0.7232959,9.48787,181832042805300
-0.14130615,0.6993457,9.3381815,181832052523365
-0.29219237,0.76281375,9.370514,181832062272281
-0.14010864,0.732876,9.48787,181832071990346
-0.10777588,0.7388635,9.49266,181832081708411
-0.17244141,0.92567503,9.491463,181832091426476
-0.12693603,0.8202942,9.539363,181832101144541
-0.11615845,0.7867639,9.5070305,181832110862606
-0.16166382,0.7831714,9.587263,181832120580671
0.0059875487,0.75203615,9.606423,181832130329587
-0.013172608,0.7256909,9.548943,181832140047652
0.04790039,2.0692968,7.2628965,181832149765717
-0.35087037,1.8357825,7.3706727,181832159483782
-1.0526111,-0.9029224,9.392069,181832169201847
0.0981958,-1.3591735,10.10339,181832178950763
0.23590942,-0.2969824,9.572893,181832188668828
-0.30895752,0.76640624,9.115444,181832198386893
-0.5281018,1.0837463,9.778865,181832208104958
-0.6286926,0.8681946,10.232721,181832217823023
-0.36045045,0.9891431,10.350077,181832227571939
-0.22273682,1.7567468,9.928554,181832237290004
-0.34847534,2.208208,9.47829,181832247008069
-0.4071533,1.607058,9.619596,181832256726134
-0.18202148,0.8358618,10.072254,181832266444199
0.17004639,0.32332763,10.237511,181832276162264
0.30296996,0.4071533,9.972861,181832285911180
0.09340576,0.5999524,9.7956295,181832295629245
0.09101074,0.68377805,9.441167,181832305347310
0.031135254,0.7101233,9.370514,181832315065375
0.14250366,0.8310718,9.259146,181832324783440
0.08023316,0.8562195,9.193282,181832334532356
0.026345216,0.7819739,9.27591,181832344250421
0.14968872,0.6274951,9.297466,181832353968486
-0.029937744,0.4670288,9.302256,181832363686551
-0.1353186,0.5269043,9.362131,181832373404616
-0.14010864,0.65623534,9.229208,181832383153532
-0.25387207,0.791554,9.163344,181832392871597
-0.27422974,0.92208254,9.320218,181832402589662
-0.27662477,0.8837622,9.2818985,181832412307727
-0.34488282,0.7652087,9.448352,181832422025792
-0.31015503,0.7747888,9.505833,181832431743857
-0.37362304,0.81310916,9.479487,181832441461922
-0.366438,0.8083191,9.45434,181832451179987
-0.26345214,0.90052736,9.473499,181832460928903
-0.30177248,0.90531737,9.443562,181832470646968
-0.2562671,0.86220706,9.42081,181832480365033
-0.28620484,0.80472654,9.496252,181832490083098
-0.12693603,0.74125856,9.53098,181832499801163
-0.25147706,0.80233157,9.499845,181832509519228
-0.21435425,0.7604187,9.539363,181832519237293
-0.26225463,0.8190967,9.508227,181832528955358
-0.25147706,0.80233157,9.4507475,181832538673423
-0.20237915,0.79993653,9.498648,181832548422339
-0.1101709,0.8238867,9.412427,181832558140404
-0.2323169,0.8681946,9.490265,181832567858469
-0.17363891,0.82867676,9.371712,181832577576534
-0.123343505,0.8909473,9.389674,181832587294599
-0.08741821,0.7879614,9.374106,181832597012664
-0.08981323,0.8849597,9.48308,181832606730729
-0.16405883,0.87777466,9.44955,181832616479645
-0.16525635,0.81789917,9.514215,181832626197710
-0.20237915,0.87777466,9.400452,181832635915775
-0.039517824,0.89932984,9.419612,181832645633840
-0.085023195,0.81310916,9.448352,181832655351905
-0.14968872,0.9244775,9.297466,181832665069970
-0.11735596,0.8322693,9.419612,181832674788035
0.017962646,0.75203615,9.484278,181832684506100
-0.10657837,0.7388635,9.484278,181832694255016
-0.028740235,0.76640624,9.451944,181832703973081
0.122145995,0.5724097,7.885602,181832713691146
0.13651611,2.7375073,6.6641417,181832723409211
-0.64066774,0.78915894,7.9227247,181832733127276
-0.6227051,-1.7327967,9.86269,181832742845341
0.51971924,-1.4262341,10.06028,181832752594257
0.14968872,-0.022752685,9.382489,181832762312322
-0.3544629,1.2070899,9.316626,181832772030387
-0.57480466,1.4010864,9.868678,181832781748452
-0.60713744,1.4406042,9.975256,181832791466517
-0.25387207,2.0525317,9.697434,181832801184582
-0.38320312,1.9962487,9.569301,181832810902647
-0.47181883,1.2466077,10.049502,181832820651563
-0.23950195,0.7089258,10.527308,181832830369628
0.039517824,0.7424561,10.321337,181832840087693
-0.043110352,0.97237796,10.038724,181832849805758
-0.021555176,0.99992067,9.839938,181832859523823
-0.05628296,0.8693921,9.7956295,181832869272739
0.027542725,0.8921448,9.721384,181832878990804
-0.010777588,0.92567503,9.513018,181832888708869
0.038320314,0.8741821,9.48787,181832898426934
0.0119750975,0.76281375,9.439969,181832908144999
0.017962646,0.7723938,9.360934,181832917893915
-0.069455564,0.7149133,9.302256,181832927611980
-0.09340576,0.676593,9.445957,181832937330045
-0.067060545,0.64545774,9.390872,181832947048110
-0.04430786,0.6550378,9.325008,181832956766175
-0.1472937,0.6646179,9.235195,181832966515091
-0.19040406,0.6861731,9.25675,181832976233156
-0.081430666,0.735271,9.214838,181832985951221
-0.17842895,0.84065187,9.159752,181832995669286
-0.19878662,0.7759863,9.303453,181833005387351
-0.19878662,0.76161623,9.336984,181833015136267
-0.19998413,0.7843689,9.328601,181833024854332
-0.1592688,0.81670165,9.372909,181833034572397
-0.19878662,0.76640624,9.348959,181833044290462
-0.2215393,0.80592406,9.405242,181833054039378
-0.19878662,0.8490344,9.350156,181833063757443
-0.1580713,0.864602,9.377699,181833073475508
-0.32692015,0.8490344,9.310638,181833083224424
-0.33650026,0.8957373,9.320218,181833092942489
-0.2323169,0.94363767,9.341774,181833102660554
-0.18800904,0.864602,9.447155,181833112378619
-0.12933105,0.7220984,9.49745,181833122127535
-0.13292359,0.7975415,9.52619,181833131845600
-0.17004639,0.796344,9.439969,181833141563665
-0.16645385,0.8250842,9.42081,181833151281730
-0.16525635,0.8789722,9.429192,181833160999795
-0.16405883,0.97237796,9.411229,181833170748711
-0.18202148,0.9316626,9.445957,181833180466776
-0.11496094,0.92687255,9.459129,181833190184841
-0.13412109,0.8753796,9.582473,181833199902906
-0.07544312,0.7472461,9.501042,181833209620971
-0.11136841,0.8981323,9.592053,181833219339036
-0.17124389,0.91010743,9.505833,181833229087952
0.30177248,0.71850586,6.817423,181833238806017
0.23710693,3.3182995,6.0617943,181833248524082
-0.94842774,0.97716796,7.7347155,181833258242147
-0.65743285,-1.5052698,9.660312,181833267960212
0.2323169,-1.4453943,10.249486,181833277678277
-0.14250366,-0.549657,10.183623,181833287427193
-0.49097902,0.5005591,10.181228,181833297145258
-0.8466394,1.2382251,10.08902,181833306863323
-0.60234743,1.9423609,10.345287,181833316581388
-0.33769774,2.6931994,9.115444,181833326299453
-0.53528684,2.5854235,9.022038,181833336017518
-0.5005591,1.6118481,9.730965,181833345735583
-0.05508545,0.8813672,10.321337,181833355453648
0.30895752,0.6825806,10.208771,181833365202564
0.22872436,0.97716796,9.85311,181833374920629
0.16765137,1.045426,9.681867,181833384638694
0.09340576,0.99872315,9.475895,181833394356759
0.23710693,1.0370435,9.321416,181833404074824
0.17244141,1.0717713,9.093889,181833413792889
0.1353186,0.9783655,9.115444,181833423510954
0.20477417,0.9556128,9.263935,181833433229019
0.21794678,0.7927515,8.981323,181833442977935
0.31255004,0.859812,8.860374,181833452696000
0.23830444,0.7424561,9.126222,181833462414065
0.18681152,0.46942383,9.332193,181833472132130
0.10298584,0.3329077,9.352551,181833481850195
0.0071850587,0.3221301,9.534573,181833491568260
0.11256592,0.38559815,9.522597,181833501286325
0.14968872,0.5724097,9.24238,181833511035241
0.13412109,0.7113208,9.181308,181833520753306
0.082628176,0.7699988,9.163344,181833530471371
0.1844165,0.68018556,9.198072,181833540189436
0.26345214,0.5221143,9.344169,181833549907501
0.31135255,0.45505372,9.504635,181833559625566
0.12693603,0.4430786,9.432784,181833569343631
0.123343505,0.5867798,9.3453665,181833579061696
0.10897339,0.7197034,9.271121,181833588779761
-0.013172608,0.68018556,9.509425,181833598528677
-0.19998413,0.5281018,9.43518,181833608246742
-0.27303222,0.32093263,9.648336,181833617964807
-0.27901977,0.26824218,9.596844,181833627682872
-0.38919067,0.48139894,9.581276,181833637400937
-0.46343628,0.4418811,9.638756,181833647119002
-0.4897815,0.40595582,9.571695,181833656837067
-0.41074586,0.3903882,9.605226,181833666555132
-0.37721556,0.48259643,9.616003,181833676273197
-0.5556445,0.49696654,9.672286,181833685991262
-0.6861731,0.4071533,9.883048,181833695709327
-0.7580237,0.2838098,9.963282,181833705427392
-0.90531737,0.19878662,9.963282,181833715176308
-0.6981482,0.3903882,9.8519125,181833724894373
-0.80472654,0.7209009,9.649533,181833734612438
-0.6933582,0.9939331,9.42081,181833744330503
-0.79993653,1.1484119,9.24717,181833754048568
-0.8190967,1.1436218,9.389674,181833763766633
-0.73407346,0.8083191,9.570498,181833773484698
-0.7592212,0.65623534,9.7956295,181833783202763
-4.3469605,-5.1157618,14.535374,181833792920828
-0.07065307,1.0765613,12.518767,181833802638893
2.9530592,2.9794042,6.915619,181833812387809
1.3124707,3.8260436,8.472382,181833822105874
0.9556128,2.4201672,8.808882,181833831823939
-0.24548951,1.4992822,9.842333,181833841542004
-6.300099,0.15687378,9.314231,181833851260069
-2.6836195,-1.2394226,10.139316,181833860978134
1.2346326,0.6251001,9.871073,181833870696199
1.0202783,1.5052698,9.681867,181833880414264
-0.7209009,1.7471668,9.610016,181833890163180
-1.7974621,1.0837463,9.466314,181833899881245
-0.9448352,0.76281375,9.762099,181833909599310
