-0.07304809,0.54247195,9.503437,62697774067707
0.122145995,0.3927832,9.661509,62697783816623
0.18202148,-0.05029541,9.912986,62697793534688
0.14250366,-0.25985962,9.897418,62697803283604
0.1844165,-0.2323169,9.715397,62697813032520
0.16286133,0.028740235,9.538165,62697822750585
0.17363891,0.22752686,9.214838,62697832499501
0.2586621,0.35925293,9.2184305,62697842248417
0.23950195,0.2945874,9.2328005,62697851966482
0.24429199,0.33410522,9.291478,62697861715398
0.2706372,0.25506958,9.371712,62697871433463
0.19878662,0.09699829,9.504635,62697881182379
0.2323169,-0.0011975098,9.489067,62697890900444
0.25387207,-0.07903565,9.508227,62697900649360
0.08981323,0.0119750975,9.522597,62697910367425
0.11496094,0.07664063,9.519005,62697920116341
0.12813355,0.17842895,9.315429,62697929865257
0.15687378,0.19040406,9.265133,62697939583322
0.1472937,0.14250366,9.201665,62697949332238
0.2323169,0.10298584,9.46392,62697959050303
0.11256592,0.020357667,9.489067,62697968799219
0.09101074,0.0071850587,9.529782,62697978517284
-0.019160157,-0.05269043,9.539363,62697988266200
0.020357667,-0.17004639,9.505833,62697998015116
0.09699829,-0.009580079,9.437574,62698007764032
0.24908203,-0.038320314,9.484278,62698017482097
0.32332763,0.0,9.568103,62698027231013
0.31494507,0.0071850587,9.47829,62698036979929
0.26345214,0.11136841,9.456735,62698046697994
0.22632934,0.11136841,9.571695,62698056446910
0.19160156,0.22872436,9.477093,62698066195826
0.17603393,0.30296996,9.392069,62698075913891
0.30177248,0.2802173,9.448352,62698085662807
0.28620484,0.31374756,9.412427,62698095411723
0.31494507,0.28620484,9.286688,62698105129788
0.28620484,0.25027955,9.479487,62698114878704
0.4035608,0.29937744,9.431587,62698124627620
0.40954834,0.24908203,9.510623,62698134345685
0.4155359,0.37242553,9.444759,62698144094601
0.44547364,0.39877075,9.524993,62698153843517
0.39877075,0.42511597,9.407637,62698163561582
0.3329077,0.46343628,9.359736,62698173310498
0.4263135,0.53648436,9.314231,62698183059414
0.33769774,0.4179309,9.400452,62698192777479
0.432301,0.47421387,9.441167,62698202526395
0.3305127,0.41194335,9.467512,62698212275311
0.39757323,0.3939807,9.524993,62698221993376
0.33769774,0.38080812,9.475895,62698231742292
0.3676355,0.4035608,9.570498,62698241491208
0.35087037,0.5616321,9.395661,62698251240124
0.3580554,0.7268884,9.363329,62698260958189
0.27542725,0.7101233,9.304651,62698270707105
0.32332763,0.5508545,9.278306,62698280456021
0.26824218,0.44786865,9.499845,62698290174086
0.20836669,0.4778064,9.59325,62698299923002
0.33889526,0.40595582,9.477093,62698309671918
0.3927832,0.61791503,9.393267,62698319389983
0.36404297,0.5783972,9.425599,62698329138899
0.38440064,0.7089258,9.230405,62698338887815
0.45984375,0.6622229,9.26154,62698348605880
0.5149292,0.63468015,9.16095,62698358354796
0.6011499,0.554447,9.222023,62698368103712
0.52570677,0.49816406,9.251961,62698377821777
0.50774413,0.42751098,9.226812,62698387570693
0.5376819,0.44786865,9.326206,62698397319609
0.5185217,0.42032593,9.412427,62698407037674
0.6598279,0.43349853,9.329799,62698416786590
0.72928345,0.42032593,9.207653,62698426535506
0.737666,0.45026368,9.399254,62698436253571
0.7580237,0.4754114,9.382489,62698446002487
0.7089258,0.48738647,9.340576,62698455751403
0.65743285,0.55803955,9.244776,62698465469468
0.69575316,0.5771997,9.131012,62698475218384
0.69216067,0.4406836,9.017248,62698484967300
0.7209009,0.49576905,9.273516,62698494685365
0.6119275,0.3676355,9.481882,62698504434281
0.5233118,0.3580554,9.721384,62698514183197
0.39877075,0.43110353,9.588461,62698523901262
0.34967285,0.43110353,9.48308,62698533650178
0.42751098,0.4071533,9.568103,62698543399094
0.4790039,0.39877075,9.623188,62698553117159
0.38679564,0.32452515,9.489067,62698562866075
0.2802173,0.28740233,9.51182,62698572614991
0.42032593,0.20597167,9.547746,62698582333056
0.3412903,0.24309449,9.602831,62698592081972
0.23471192,0.22872436,9.598041,62698601830888
0.37242553,0.34967285,9.762099,62698611548953
0.32093263,0.3939807,9.56451,62698621297869
0.37362304,0.34488282,9.459129,62698631046785
0.34248778,0.36045045,9.528585,62698640764850
0.54247195,0.3065625,9.56451,62698650513766
0.5137317,0.37601808,9.544153,62698660262682
0.40236327,0.45864624,9.457932,62698669980747
0.31494507,0.4658313,9.386082,62698679729663
0.38919067,0.45744872,9.352551,62698689478579
0.33171022,0.41433838,9.344169,62698699196644
0.4179309,0.46942383,9.465117,62698708945560
0.3436853,0.48379394,9.524993,62698718694476
0.4790039,0.55923706,9.52619,62698728412541
0.4406836,0.59635985,9.484278,62698738161457
0.48020142,0.5604346,9.437574,62698747910373
0.38440064,0.5676196,9.354946,62698757628438
0.3556604,0.53169435,9.352551,62698767377354
0.37601808,0.5125342,9.378897,62698777126270
0.33410522,0.49457154,9.442365,62698786844335
0.39996827,0.5879773,9.378897,62698796593251
0.29817992,0.6382727,9.263935,62698806342167
0.36045045,0.6502478,9.287886,62698816091083
0.26704466,0.63108766,9.291478,62698825809148
0.2945874,0.60234743,9.413624,62698835558064
0.37003052,0.45864624,9.382489,62698845306980
0.3329077,0.4035608,9.496252,62698855025045
0.24788453,0.35925293,9.444759,62698864773961
0.26704466,0.42272094,9.418414,62698874492026
0.30416748,0.43469605,9.3872795,62698884240942
0.37003052,0.49337402,9.280701,62698893959007
0.4179309,0.4646338,9.353748,62698903707923
0.4035608,0.41912842,9.457932,62698913456839
0.4430786,0.51013917,9.475895,62698923174904
0.4263135,0.5903723,9.552535,62698932923820
0.42032593,0.5041516,9.524993,62698942672736
0.4754114,0.5616321,9.396859,62698952421652
0.4682263,0.45026368,9.48308,62698962139717
0.3927832,0.44547364,9.45434,62698971888633
0.37841308,0.5029541,9.424402,62698981637549
0.4754114,0.5879773,9.357342,62698991355614
0.52091676,0.6478528,9.49266,62699001104530
0.5771997,0.58198977,9.469907,62699010853446
0.5065466,0.45026368,9.598041,62699020571511
0.45505372,0.50774413,9.669891,62699030320427
0.42391846,0.41194335,9.693842,62699040069343
0.33769774,0.5724097,9.661509,62699049787408
0.32692015,0.57959473,9.496252,62699059536324
0.2945874,0.5281018,9.389674,62699069285240
0.368833,0.61791503,9.448352,62699079003305
0.44427612,0.556842,9.474697,62699088752221
0.4897815,0.45265868,9.481882,62699098501137
0.51971924,0.4538562,9.539363,62699108250053
0.5556445,0.4035608,9.534573,62699117968118
0.4047583,0.46223876,9.627978,62699127717034
0.49097902,0.48618898,9.654324,62699137435099
0.53648436,0.5616321,9.606423,62699147184015
0.47062135,0.55803955,9.384884,62699156932931
0.48379394,0.6059399,9.368119,62699166650996
0.5269043,0.5053491,9.401649,62699176399912
0.6143225,0.4778064,9.46392,62699186148828
0.5903723,0.45744872,9.416019,62699195866893
0.49816406,0.4658313,9.439969,62699205615809
0.37841308,0.4778064,9.408834,62699215333874
0.42032593,0.49816406,9.495055,62699225082790
0.4538562,0.47181883,9.404044,62699234831706
0.3903882,0.60713744,9.399254,62699244549771
0.5005591,0.62031007,9.244776,62699254298687
0.51013917,0.59276736,9.317823,62699264047603
0.5831873,0.41433838,9.380094,62699273765668
0.5149292,0.40236327,9.383686,62699283514584
0.43469605,0.41433838,9.3453665,62699293263500
0.49696654,0.43110353,9.437574,62699302981565
0.5005591,0.54366946,9.378897,62699312730481
0.39996827,0.55803955,9.3309965,62699322479397
0.4658313,0.5783972,9.319021,62699332197462
0.45265868,0.6011499,9.363329,62699341946378
0.48139894,0.59156984,9.389674,62699351695294
0.44547364,0.4790039,9.3453665,62699361413359
0.5161267,0.37721556,9.422007,62699371162275
0.5017566,0.40116578,9.3872795,62699380911191
0.47181883,0.5640271,9.400452,62699390629256
0.46104127,0.61911255,9.404044,62699400378172
0.53169435,0.6227051,9.348959,62699410127088
0.45864624,0.64665526,9.457932,62699419845153
0.5017566,0.53049684,9.429192,62699429594069
0.5448669,0.5939648,9.570498,62699439342985
0.5412744,0.6251001,9.489067,62699449091901
0.55803955,0.66940796,9.320218,62699458809966
0.38799316,0.5771997,9.354946,62699468558882
0.49576905,0.6215076,9.388476,62699478307798
0.3915857,0.59156984,9.48308,62699488025863
0.5652246,0.5604346,9.576486,62699497774779
0.5017566,0.5652246,9.599238,62699507523695
0.5831873,0.68018556,9.523795,62699517272611
0.47062135,0.6251001,9.598041,62699526990676
0.47421387,0.58198977,9.484278,62699536739592
0.5556445,0.6598279,9.471105,62699546488508
0.49457154,0.60354495,9.462722,62699556206573
0.5412744,0.60833496,9.412427,62699565955489
0.4394861,0.5281018,9.52619,62699575704405
0.53528684,0.48259643,9.533375,62699585453321
0.5340893,0.44786865,9.538165,62699595171386
0.5879773,0.5292993,9.5214,62699604920302
0.5053491,0.6753955,9.4507475,62699614669218
0.53169435,0.60833496,9.346563,62699624418134
0.5017566,0.59755737,9.402846,62699634136199
0.52091676,0.6119275,9.437574,62699643885115
0.5173242,0.62031007,9.380094,62699653634031
0.48499146,0.58438474,9.357342,62699663352096
0.6167175,0.5831873,9.411229,62699673101012
0.51013917,0.55923706,9.523795,62699682849928
0.36524048,0.6502478,9.49745,62699692567993
0.39517823,0.7244934,9.433982,62699702316909
0.55923706,0.63108766,9.374106,62699712065825
0.4658313,0.6586304,9.3872795,62699721783890
0.5484595,0.5556445,9.375304,62699731532806
0.44547364,0.59755737,9.418414,62699741281722
0.4071533,0.6382727,9.412427,62699750999787
0.45625123,0.6514453,9.407637,62699760748703
0.46343628,0.6861731,9.291478,62699770497619
0.5233118,0.6706055,9.438772,62699780215684
0.53528684,0.6502478,9.505833,62699789964600
0.549657,0.59516233,9.505833,62699799713516
0.5652246,0.74365354,9.584868,62699809431581
0.50894165,0.78915894,9.51661,62699819180497
0.5736072,0.76281375,9.48787,62699828929413
0.46942383,0.44427612,9.002878,62699838647478
0.34727782,0.5987549,8.504714,62699848396394
0.38440064,0.7927515,8.23288,62699858145310
0.3544629,0.4682263,8.472382,62699867863375
0.43709105,0.015567627,9.302256,62699877612291
0.3915857,-0.60713744,10.215956,62699887361207
0.27183473,-0.6215076,10.565629,62699897079272
0.41314086,-0.0059875487,10.541678,62699906828188
0.3676355,0.63108766,10.111773,62699916577104
0.3915857,1.5603552,9.195678,62699926295169
0.21076173,2.2309606,8.624465,62699936044085
0.34608033,2.2968237,8.400531,62699945762150
0.34248778,1.6357983,8.801697,62699955511066
0.38679564,0.86220706,9.305848,62699965259982
0.43709105,0.21914428,9.84832,62699974978047
0.49576905,-0.009580079,9.953701,62699984726963
0.44427612,0.07304809,9.996812,62699994445028
0.61552,0.22992188,9.866283,62700004193944
0.6382727,0.36404297,9.736952,62700013942860
0.5113367,0.45505372,9.504635,62700023660925
0.5340893,0.6430628,9.249565,62700033409841
0.5149292,0.7041357,9.200467,62700043127906
0.58079225,0.6514453,9.224418,62700052876822
0.57480466,0.5412744,9.353748,62700062625738
0.5652246,0.48259643,9.584868,62700072343803
0.5676196,0.35925293,9.590856,62700082092719
0.59276736,0.44427612,9.623188,62700091841635
0.54606444,0.52450925,9.528585,62700101559700
0.5664221,0.59516233,9.523795,62700111308616
0.45984375,0.66821045,9.423204,62700121057532
0.45505372,0.74125856,9.402846,62700130775597
0.4035608,0.7496411,9.417217,62700140524513
0.43828857,0.77838135,9.382489,62700150242578
0.46223876,0.7220984,9.503437,62700159991494
0.44906616,0.76760375,9.5070305,62700169709559
0.34967285,0.7041357,9.576486,62700179458475
0.2586621,0.6442602,9.493857,62700189207391
0.3185376,0.70174074,9.627978,62700198925456
0.31734008,0.7149133,9.583671,62700208674372
0.29937744,0.7544311,9.44955,62700218423288
0.2826123,0.80233157,9.513018,62700228141353
0.3676355,0.80113405,9.443562,62700237890269
0.34967285,0.84424436,9.508227,62700247639185
0.38679564,0.7316785,9.577683,62700257357250
0.3161426,0.83346677,9.660312,62700267106166
0.3568579,0.69455564,9.623188,62700276855082
0.42272094,0.71850586,9.611214,62700286573147
0.36404297,0.085023195,8.993299,62700296322063
0.22752686,0.64186525,8.128696,62700306070979
0.23950195,1.1076965,7.6221495,62700315789044
0.48020142,0.6502478,7.9514647,62700325537960
0.4035608,-0.552052,9.3872795,62700335286876
0.5939648,-1.2681628,10.490186,62700345004941
0.5939648,-1.0717713,10.965597,62700354753857
0.41673338,-0.120948486,10.700947,62700364502773
0.183219,0.8562195,10.145303,62700374220838
0.32811767,1.8214123,9.366921,62700383969754
0.27183473,2.5590785,8.587342,62700393718670
0.4071533,2.7758276,8.361013,62700403436735
0.35326537,2.0992346,8.595725,62700413185651
0.5185217,1.2202624,9.350156,62700422934567
0.4179309,0.32572266,10.053095,62700432652632
0.39637575,-0.11855347,10.419533,62700442401548
0.432301,-0.26584718,10.443482,62700452150464
0.52570677,-0.0023950196,10.072254,62700461868529
0.53289187,0.4071533,9.769284,62700471617445
0.49696654,0.6825806,9.522597,62700481366361
0.5017566,0.8586145,9.326206,62700491084426
0.5676196,0.864602,9.183702,62700500833342
0.59156984,0.77957886,9.222023,62700510582258
0.47660887,0.5939648,9.332193,62700520300323
0.45744872,0.48020142,9.432784,62700530049239
0.4670288,0.61552,9.44955,62700539798155
0.4047583,0.63468015,9.304651,62700549516220
0.4790039,0.6251001,9.299861,62700559265136
0.55324954,0.6274951,9.257948,62700569014052
0.3915857,0.5400769,9.319021,62700578732117
0.3161426,0.5760022,9.24238,62700588481033
0.32093263,0.6274951,9.172925,62700598229949
0.2826123,0.6502478,9.11784,62700607948014
0.31374756,0.737666,9.18969,62700617696930
0.37601808,0.73048097,9.236393,62700627445846
0.4430786,0.6753955,9.26154,62700637163911
0.5149292,0.62390256,9.417217,62700646912827
0.3903882,0.59156984,9.459129,62700656630892
0.39877075,0.49337402,9.499845,62700666379808
0.38559815,0.6981482,9.55014,62700676128724
0.2933899,0.6586304,9.614806,62700685846789
0.29578492,0.6969507,9.581276,62700695595705
0.35087037,0.74604857,9.534573,62700705313770
0.2586621,0.8478369,9.606423,62700715062686
0.35925293,0.80472654,9.638756,62700724811602
0.41673338,0.7197034,9.736952,62700734529667
0.46104127,0.7316785,9.831555,62700744278583
0.5281018,0.7831714,9.721384,62700754027499
0.56881714,0.80592406,9.728569,62700763776415
0.5065466,0.76760375,9.692644,62700773494480
0.64665526,0.20477417,9.277108,62700783243396
0.21674927,0.76161623,8.331076,62700792992312
0.38679564,1.526825,7.0712953,62700802710377
0.34488282,1.4358143,7.176676,62700812459293
0.3161426,-0.39757323,8.450827,62700822208209
0.305365,-1.9794836,10.494976,62700831926274
0.34248778,-2.6369164,11.402688,62700841675190
0.44906616,-1.7663269,11.455379,62700851393255
0.46223876,-0.41433838,10.848241,62700861142171
0.43110353,0.7711963,10.123748,62700870891087
0.40835083,1.7878821,9.377699,62700880609152
0.44906616,2.7207422,8.605305,62700890358068
0.5400769,3.1278956,8.031698,62700900106984
0.5281018,2.9207263,8.098759,62700909825049
0.49696654,1.7651294,8.7897215,62700919573965
0.5712122,0.6430628,9.880653,62700929292030
0.5999524,-0.20716919,10.45426,62700939040946
0.5999524,-0.5831873,10.671009,62700948789862
0.45984375,-0.39996827,10.518926,62700958507927
0.5388794,0.064665526,10.230326,62700968256843
0.61552,0.39637575,9.768087,62700978005759
0.6658154,0.88974977,9.291478,62700987723824
0.54366946,1.1292517,9.093889,62700997472740
0.53169435,1.2022998,9.050778,62701007190805
0.53169435,1.0322534,9.127419,62701016939721
0.48139894,0.71850586,9.206455,62701026688637
0.47062135,0.42391846,9.378897,62701036406702
0.42751098,0.24189697,9.740544,62701046155618
0.38320312,0.015567627,9.75731,62701055873683
0.4538562,0.083825685,9.584868,62701065622599
0.39877075,0.12933105,9.596844,62701075371515
0.45984375,0.33171022,9.374106,62701085089580
0.3820056,0.53289187,9.147778,62701094838496
0.4514612,0.71850586,8.950188,62701104587412
0.305365,0.74006104,8.943003,62701114305477
0.42511597,0.6825806,9.062754,62701124054393
0.37122804,0.6514453,9.15137,62701133772458
0.38679564,0.48499146,9.323811,62701143521374
0.3903882,0.5831873,9.292676,62701153270290
0.4071533,0.5233118,9.441167,62701162988355
0.32093263,0.48618898,9.382489,62701172737271
0.38440064,0.5664221,9.462722,62701182455336
0.30895752,0.5161267,9.396859,62701192204252
0.33889526,0.4921765,9.45434,62701201953168
0.31135255,0.6286926,9.320218,62701211671233
0.39757323,0.6873706,9.395661,62701221420149
0.5269043,0.77838135,9.408834,62701231169065
0.49576905,0.69216067,9.453142,62701240887130
0.49337402,0.7484436,9.388476,62701250636046
0.4155359,0.6861731,9.444759,62701260354111
0.5065466,0.6478528,9.600436,62701270103027
0.5412744,0.50894165,9.569301,62701279821092
0.48020142,0.53528684,9.631571,62701289570008
0.6478528,0.65623534,9.633966,62701299318924
0.50894165,0.6969507,9.569301,62701309036989
0.5604346,0.28740233,8.975336,62701318785905
0.41194335,1.0789562,8.078401,62701328503970
0.46223876,1.6453785,7.5610766,62701338252886
0.5017566,0.88974977,7.9981675,62701348001802
0.24788453,-0.7867639,9.480685,62701357719867
0.34967285,-1.8022522,10.910511,62701367468783
0.43589357,-1.5914905,11.171569,62701377186848
0.53648436,-0.6777905,10.759625,62701386935764
0.3412903,0.3927832,10.320139,62701396653829
0.26824218,1.2070899,9.740544,62701406402745
0.4047583,2.0549269,9.067544,62701416151661
0.42272094,2.5602758,8.599318,62701425869726
0.5149292,2.4728577,8.410111,62701435618642
0.54366946,1.8884729,8.854387,62701445336707
0.4790039,1.1352392,9.311836,62701455085623
0.40236327,0.47421387,9.935739,62701464834539
0.39517823,-0.068258055,10.195599,62701474552604
0.4406836,-0.21555176,10.303374,62701484301520
0.6011499,-0.020357667,10.095007,62701494019585
0.6334827,0.39996827,9.716595,62701503768501
0.6095325,0.7316785,9.45434,62701513486566
0.59156984,0.9699829,9.128617,62701523235482
0.5029541,0.9831555,9.142987,62701532984398
0.6370752,0.9927356,9.19448,62701542702463
0.5879773,0.81789917,9.321416,62701552451379
0.55803955,0.57001466,9.581276,62701562169444
0.43589357,0.51013917,9.584868,62701571918360
0.5017566,0.5185217,9.686657,62701581667276
0.41314086,0.61073,9.475895,62701591385341
0.37122804,0.7484436,9.332193,62701601134257
0.3221301,0.852627,9.352551,62701610852322
0.43828857,0.9400452,9.255553,62701620601238
0.46104127,0.91609496,9.462722,62701630350154
0.41314086,0.81550413,9.436377,62701640099070
0.38679564,0.8250842,9.388476,62701649817135
0.45625123,0.7101233,9.390872,62701659566051
0.47301635,0.7209009,9.369316,62701669284116
0.47421387,0.7209009,9.297466,62701679033032
0.57001466,0.7532337,9.239985,62701688781948
0.43589357,0.64545774,9.2256155,62701698500013
0.55803955,0.6430628,9.328601,62701708248929
0.4155359,0.63108766,9.42081,62701717997845
0.46942383,0.68377805,9.315429,62701727715910
0.4682263,0.69455564,9.302256,62701737464826
0.5340893,0.674198,9.314231,62701747182891
0.5831873,0.6251001,9.293873,62701756931807
0.5448669,0.5903723,9.222023,62701766680723
0.51971924,0.6262976,9.491463,62701776398788
0.5005591,0.57480466,9.538165,62701786147704
0.45505372,0.62989014,9.395661,62701795896620
0.48738647,0.6394702,9.419612,62701805614685
0.46104127,0.6119275,9.47829,62701815363601
0.44906616,0.7496411,9.627978,62701825081666
0.52570677,0.78915894,9.43518,62701834830582
0.54366946,0.84065187,9.51661,62701844579498
0.54726195,0.8957373,9.441167,62701854297563
0.4921765,0.7209009,9.556128,62701864046479
0.47062135,0.6478528,9.594448,62701873795395
0.4071533,0.5771997,9.666299,62701883513460
0.37122804,0.69216067,9.529782,62701893262376
0.42032593,0.8466394,9.430389,62701903011292
0.5125342,0.80113405,9.481882,62701912729357
0.552052,0.86699706,9.547746,62701922478273
0.4778064,0.803529,9.576486,62701932196338
0.45026368,0.82268924,9.552535,62701941945254
0.50774413,0.75083864,9.484278,62701951694170
0.49936157,0.77718383,9.352551,62701961412235
0.38799316,0.73048097,9.404044,62701971161151
0.4418811,0.7879614,9.382489,62701980910067
0.47660887,0.74006104,9.311836,62701990628132
0.43110353,0.7592212,9.3453665,62702000377048
0.47062135,0.7604187,9.347761,62702010095113
0.554447,0.76161623,9.295071,62702019844029
0.4394861,0.7580237,9.378897,62702029592945
0.5281018,0.74485105,9.436377,62702039311010
0.44427612,0.7879614,9.429192,62702049059926
0.42751098,0.7711963,9.308244,62702058777991
0.44786865,0.80592406,9.432784,62702068526907
0.51013917,0.74006104,9.335786,62702078275823
0.51971924,0.7149133,9.396859,62702087993888
0.48139894,0.7149133,9.44955,62702097742804
0.40835083,0.71730834,9.424402,62702107460869
0.5664221,0.735271,9.429192,62702117209785
0.4514612,0.79514647,9.411229,62702126958701
0.41314086,0.7137158,9.309441,62702136676766
0.41314086,0.8083191,9.362131,62702146425682
0.46942383,0.8083191,9.401649,62702156174598
0.5628296,0.8095166,9.411229,62702165892663
0.5376819,0.74125856,9.495055,62702175641579
0.38080812,0.68018556,9.431587,62702185359644
0.53049684,0.69455564,9.447155,62702195108560
0.4538562,0.78915894,9.416019,62702204857476
0.39517823,0.8430469,9.514215,62702214575541
0.4658313,0.7723938,9.316626,62702224324457
0.4287085,0.75203615,9.401649,62702234073373
0.4179309,0.7232959,9.412427,62702243791438
0.41912842,0.7137158,9.519005,62702253540354
0.48020142,0.60833496,9.501042,62702263258419
0.55803955,0.74365354,9.469907,62702273007335
0.5149292,0.7580237,9.404044,62702282725400
0.4754114,0.8107141,9.374106,62702292474316
0.5005591,0.80113405,9.444759,62702302223232
0.5137317,0.71850586,9.352551,62702311941297
0.4754114,0.7819739,9.408834,62702321690213
0.45984375,0.71850586,9.320218,62702331408278
0.4394861,0.7149133,9.441167,62702341157194
0.432301,0.7149133,9.486672,62702350875259
0.55803955,0.66821045,9.522597,62702360624175
0.46942383,0.8214917,9.475895,62702370373091
0.31494507,0.7604187,9.581276,62702380091156
0.46942383,0.80233157,9.445957,62702389840072
0.63587767,0.8801697,9.59325,62702399588988
0.50894165,0.796344,9.462722,62702409307053
0.48618898,0.77957886,9.501042,62702419055969
0.4394861,0.81789917,9.44955,62702428774034
0.44427612,0.80113405,9.414822,62702438522950
0.43828857,0.7101233,9.539363,62702448241015
0.51013917,0.6538403,9.510623,62702457989931
0.429906,0.676593,9.462722,62702467707996
0.4658313,0.84424436,9.43518,62702477456912
0.46942383,0.82268924,9.431587,62702487205828
0.48139894,0.79993653,9.437574,62702496923893
0.35087037,0.7089258,9.402846,62702506672809
0.45505372,0.80592406,9.380094,62702516390874
0.45026368,0.7268884,9.352551,62702526139790
0.4646338,0.76760375,9.293873,62702535857855
0.44427612,0.7640112,9.322614,62702545606771
0.46104127,0.75203615,9.423204,62702555355687
0.39877075,0.75682616,9.402846,62702565073752
0.4778064,0.6514453,9.416019,62702574822668
0.39996827,0.6502478,9.489067,62702584540733
0.4394861,0.6658154,9.546548,62702594289649
0.40835083,0.68497556,9.496252,62702604007714
0.4514612,0.7723938,9.416019,62702613756630
0.49337402,0.8238867,9.384884,62702623474695
0.432301,0.7879614,9.3944645,62702633223611
0.4646338,0.7388635,9.467512,62702642972527
0.51971924,0.74485105,9.558523,62702652690592
0.41194335,0.6730005,9.595646,62702662439508
0.5281018,0.7532337,9.542955,62702672157573
0.37242553,0.7604187,9.485475,62702681906489
0.38320312,0.7544311,9.437574,62702691624554
0.43828857,0.80113405,9.411229,62702701373470
0.4682263,0.72808594,9.461525,62702711091535
0.4754114,0.735271,9.489067,62702720840451
0.5053491,0.76161623,9.284293,62702730558516
0.49337402,0.6813831,9.411229,62702740307432
0.5185217,0.62989014,9.356144,62702750056348
0.42272094,0.69575316,9.416019,62702759774413
0.5556445,0.66940796,9.43518,62702769523329
0.47660887,0.5831873,9.447155,62702779241394
0.429906,0.5508545,9.484278,62702788990310
0.43709105,0.5939648,9.477093,62702798739226
0.48618898,0.6885681,9.328601,62702808457291
0.56881714,0.7735913,9.263935,62702818206207
0.57959473,0.74365354,9.3381815,62702827924272
0.58558226,0.7735913,9.363329,62702837673188
0.53648436,0.76640624,9.328601,62702847422104
0.5005591,0.6382727,9.442365,62702857140169
0.49097902,0.66342044,9.436377,62702866889085
0.38559815,0.69575316,9.375304,62702876607150
0.4035608,0.79035646,9.460327,62702886356066
0.32572266,0.70533323,9.430389,62702896074131
0.3676355,0.7364685,9.457932,62702905823047
0.44786865,0.74006104,9.362131,62702915571963
0.43709105,0.74485105,9.457932,62702925290028
0.5125342,0.6610254,9.418414,62702935038944
0.39877075,0.69096315,9.557325,62702944757009
0.45744872,0.6861731,9.459129,62702954505925
0.4263135,0.75083864,9.467512,62702964223990
0.40835083,0.7209009,9.5214,62702973972906
0.45505372,0.791554,9.514215,62702983721822
0.45265868,0.7927515,9.46392,62702993439887
0.52091676,0.7879614,9.416019,62703003188803
0.43828857,0.75203615,9.399254,62703012906868
0.4155359,0.75682616,9.477093,62703022655784
0.44427612,0.7735913,9.565708,62703032373849
0.429906,0.74006104,9.447155,62703042122765
0.3927832,0.7867639,9.624386,62703051871681
0.53289187,0.7220984,9.539363,62703061589746
0.5340893,0.7807764,9.424402,62703071338662
0.49576905,0.70772827,9.484278,62703081056727
0.55324954,0.7604187,9.313033,62703090805643
0.53049684,0.7197034,9.299861,62703100523708
0.5903723,0.5736072,9.436377,62703110272624
0.63108766,0.6334827,9.568103,62703119990689
0.46343628,0.54366946,9.459129,62703129739605
0.5556445,0.6502478,9.491463,62703139488521
0.45744872,0.7747888,9.442365,62703149206586
0.4287085,0.7484436,9.374106,62703158955502
0.5233118,0.7975415,9.351354,62703168673567
0.50774413,0.7364685,9.442365,62703178422483
0.4682263,0.7496411,9.495055,62703188171399
0.49936157,0.8238867,9.416019,62703197889464
0.48618898,0.85023195,9.44955,62703207638380
0.44427612,0.86100954,9.417217,62703217356445
0.42751098,0.7747888,9.493857,62703227105361
0.39877075,0.7388635,9.484278,62703236823426
0.46223876,0.8095166,9.465117,62703246572342
0.38679564,0.8945398,9.47829,62703256290407
0.45864624,0.84424436,9.416019,62703266039323
0.44667113,0.7652087,9.455537,62703275788239
0.41673338,0.7220984,9.370514,62703285506304
0.50774413,0.82747924,9.45434,62703295255220
0.45744872,0.7652087,9.317823,62703304973285
0.3568579,0.9029224,9.425599,62703314722201
0.3927832,0.76760375,9.2747135,62703324440266
0.4430786,0.7879614,9.443562,62703334189182
0.49576905,0.803529,9.311836,62703343938098
0.5053491,0.85502195,9.316626,62703353656163
0.60713744,0.9196875,9.292676,62703363405079
0.62390256,0.80592406,9.395661,62703373123144
0.55324954,0.7927515,9.335786,62703382872060
0.4658313,0.737666,9.303453,62703392620976
0.49457154,0.6538403,9.332193,62703402339041
0.58558226,0.6370752,9.357342,62703412087957
0.54726195,0.5903723,9.457932,62703421836873
0.46942383,0.671803,9.381291,62703431554938
0.5484595,0.69455564,9.344169,62703441303854
0.5185217,0.6813831,9.29028,62703451021919
0.64186525,0.74365354,9.356144,62703460770835
0.53289187,0.7005432,9.426797,62703470519751
0.47181883,0.62989014,9.479487,62703480237816
0.53289187,0.6382727,9.515412,62703489986732
0.48738647,0.7101233,9.519005,62703499735648
0.5484595,0.85382444,9.42081,62703509453713
0.5029541,0.7759863,9.473499,62703519202629
0.63587767,0.82268924,9.354946,62703528920694
0.5628296,0.81670165,9.307046,62703538669610
0.6262976,0.8358618,9.365724,62703548387675
0.78915894,0.803529,9.326206,62703558136591
0.60234743,0.7209009,9.481882,62703567885507
0.5149292,0.671803,9.529782,62703577603572
0.4921765,0.6861731,9.496252,62703587352488
0.58558226,0.65264285,9.523795,62703597070553
0.49576905,0.7544311,9.633966,62703606819469
0.34608033,0.8370593,9.672286,62703616568385
0.41074586,0.7604187,9.647139,62703626286450
0.32332763,0.63587767,9.782457,62703636035366
0.26345214,0.676593,9.726174,62703645784282
0.24548951,0.7244934,9.644744,62703655502347
0.21555176,0.70653075,9.55972,62703665251263
0.082628176,0.83945435,9.577683,62703674969328
0.10178833,0.8825647,9.473499,62703684718244
0.08981323,0.8969348,9.447155,62703694467160
0.16286133,0.83346677,9.407637,62703704185225
0.085023195,0.85502195,9.417217,62703713934141
0.2802173,0.9580078,9.322614,62703723652206
0.26225463,0.9424402,9.291478,62703733401122
0.30296996,0.9077124,9.22801,62703743150038
0.36404297,0.96519285,9.214838,62703752868103
0.4155359,0.91250247,9.2328005,62703762617019
0.34248778,0.87178713,9.251961,62703772335084
0.39517823,0.8214917,9.198072,62703782084000
0.43828857,0.91010743,9.260343,62703791802065
0.3820056,0.8753796,9.358539,62703801550981
0.38080812,0.8562195,9.302256,62703811299897
0.44667113,0.8430469,9.480685,62703821017962
0.53169435,0.7747888,9.442365,62703830766878
0.554447,0.7197034,9.558523,62703840484943
0.43589357,0.68497556,9.529782,62703850233859
0.5053491,0.7364685,9.43518,62703859982775
0.4430786,0.7209009,9.553733,62703869700840
0.5508545,0.8107141,9.390872,62703879449756
0.55324954,0.8262817,9.54535,62703889167821
0.48858398,0.80113405,9.519005,62703898916737
0.5161267,0.80472654,9.43518,62703908634802
0.55803955,0.7472461,9.436377,62703918383718
0.57959473,0.7819739,9.480685,62703928101783
0.53049684,0.803529,9.436377,62703937850699
0.6215076,0.76161623,9.529782,62703947599615
0.5831873,0.79514647,9.50224,62703957317680
0.47660887,0.83346677,9.513018,62703967066596
0.32692015,0.69455564,9.571695,62703976784661
0.27183473,0.70293826,9.625584,62703986533577
0.24309449,0.7232959,9.588461,62703996251642
0.104183346,0.7256909,9.520203,62704006000558
0.12693603,0.7424561,9.580078,62704015749474
0.04550537,0.73407346,9.56451,62704025467539
0.11496094,0.732876,9.678274,62704035216455
0.10897339,0.735271,9.612411,62704044965371
0.027542725,0.7496411,9.633966,62704054683436
-0.09460327,0.76161623,9.608818,62704064432352
0.0742456,0.857417,9.475895,62704074150417
0.010777588,0.87298465,9.508227,62704083899333
0.07664063,0.9556128,9.489067,62704093617398
0.03592529,0.96040285,9.47829,62704103366314
0.22632934,1.0262659,9.386082,62704113084379
0.41314086,1.0106982,9.42081,62704122833295
0.42032593,0.88974977,8.97294,62704132551360
0.43110353,1.1771522,7.7814183,62704142300276
0.43110353,1.5376025,7.125183,62704152018341
0.48379394,0.8430469,7.3575,62704161767257
0.17962646,-0.40835083,8.88193,62704171516173
0.26105714,-1.6705261,10.633886,62704181234238
0.18681152,-1.6393908,11.475736,62704190983154
0.10777588,-0.5125342,11.37275,62704200701219
0.05029541,1.1903247,10.5129385,62704210450135
0.17723145,2.6560767,9.104667,62704220168200
0.33650026,3.4452355,8.33347,62704229917116
0.5053491,3.187771,8.349038,62704239635181
0.41433838,2.0213964,8.873548,62704249384097
0.49097902,0.9244775,9.724977,62704259102162
0.59755737,0.26345214,10.2315235,62704268851078
0.6550378,-0.04790039,10.414742,62704278569143
0.6286926,-0.008382568,10.455458,62704288318059
0.82268924,0.22752686,10.096205,62704298036124
0.803529,0.49576905,9.82916,62704307785040
0.7819739,0.7232959,9.589658,62704317533956
0.7388635,0.88735473,9.341774,62704327252021
0.70293826,1.1256592,9.066346,62704337000937
0.7137158,1.0166858,9.241183,62704346719002
0.58438474,0.8705896,9.412427,62704356467918
0.5161267,0.59516233,9.484278,62704366216834
0.5340893,0.52091676,9.48308,62704375934899
0.59156984,0.676593,9.456735,62704385683815
0.47062135,0.76760375,9.353748,62704395432731
0.44427612,0.8861572,9.310638,62704405150796
0.429906,0.8634045,9.326206,62704414899712
0.38919067,0.73407346,9.427995,62704424617777
0.35326537,0.8921448,9.323811,62704434366693
0.26225463,0.92807007,9.357342,62704444084758
0.30296996,1.0154883,9.140592,62704453833674
0.34488282,1.0262659,9.239985,62704463582590
0.36045045,0.9292676,9.278306,62704473300655
0.35326537,0.8981323,9.407637,62704483049571
0.3556604,0.80592406,9.48787,62704492767636
0.37841308,0.7496411,9.532178,62704502516552
0.34847534,0.80113405,9.584868,62704512234617
0.30296996,0.86579955,9.592053,62704521983533
0.28979737,0.97118044,9.52619,62704531732449
0.34009278,1.0741663,9.538165,62704541450514
0.18082398,1.1316468,9.096284,62704551199430
0.32572266,1.3663586,7.820936,62704560948346
0.3221301,1.607058,7.2652917,62704570666411
0.37122804,0.7089258,8.102351,62704580415327
0.26464966,-0.69096315,9.960886,62704590133392
0.28740233,-1.3052857,11.282937,62704599882308
0.22632934,-0.85142946,11.532019,62704609600373
0.12933105,0.5724097,10.908116,62704619349289
0.10897339,2.0728893,10.021959,62704629098205
0.13771363,3.0883777,9.075927,62704638816270
0.43589357,3.251239,8.458012,62704648565186
0.44786865,2.6141639,8.753797,62704658283251
0.5724097,1.4406042,9.395661,62704668032167
0.51013917,0.59276736,9.895023,62704677781083
0.63587767,0.04670288,10.140512,62704687499148
0.73407346,0.0047900393,10.0770445,62704697248064
0.74006104,0.023950195,9.855505,62704706966129
0.80592406,0.25027955,9.611214,62704716715045
0.8825647,0.42272094,9.441167,62704726433110
0.94842774,0.6586304,9.133407,62704736182026
0.96160036,0.852627,8.922646,62704745930942
0.9963281,0.9855505,8.813672,62704755649007
0.93765014,0.96040285,9.037606,62704765397923
0.8430469,0.6873706,9.079519,62704775115988
0.75562865,0.59156984,9.285491,62704784864904
0.7101233,0.5903723,9.267529,62704794582969
0.7735913,0.64665526,9.24238,62704804331885
0.62989014,0.81670165,9.126222,62704814080801
0.6286926,0.9352551,9.230405,62704823798866
0.5053491,0.93765014,9.079519,62704833547782
0.47062135,1.0190808,9.229208,62704843265847
0.5340893,0.92807007,9.214838,62704853014763
0.31015503,0.9244775,9.163344,62704862763679
0.42152345,0.92807007,9.237591,62704872481744
0.4287085,0.93884766,9.255553,62704882230660
0.42751098,0.90411985,9.24238,62704891979576
0.3820056,0.94962525,9.336984,62704901697641
0.33530274,0.9352551,9.310638,62704911446557
0.55324954,0.86579955,9.400452,62704921164622
0.5604346,0.83945435,9.416019,62704930913538
0.45265868,0.82747924,9.538165,62704940662454
0.37841308,0.8262817,9.51661,62704950380519
0.368833,0.864602,9.472302,62704960129435
0.49576905,0.9400452,9.462722,62704969847500
0.41912842,0.9472302,9.407637,62704979596416
0.5065466,1.0526111,9.459129,62704989314481
0.49337402,0.98195803,9.54535,62704999063397
0.5891748,1.0154883,9.528585,62705008781462
0.6047424,1.0095007,9.673484,62705018530378
0.44547364,0.92807007,9.566906,62705028279294
0.3329077,0.99752563,8.890312,62705037997359
0.37362304,1.1819421,8.000563,62705047746275
0.47301635,1.0765613,7.5682616,62705057464340
0.47421387,0.08023316,8.826844,62705067213256
0.4658313,-0.9352551,10.314152,62705076931321
0.39517823,-0.5939648,11.085348,62705086680237
0.45265868,0.23950195,10.778786,62705096398302
0.3329077,1.597478,10.139316,62705106147218
0.31255004,2.5399182,9.142987,62705115865283
0.5269043,2.830913,8.656798,62705125614199
0.53289187,2.1722827,8.908276,62705135363115
0.59276736,1.2813355,9.637559,62705145081180
0.5664221,0.6550378,10.019565,62705154830096
0.6251001,0.26464966,10.268646,62705164548161
0.7005432,0.3544629,10.14171,62705174297077
0.7807764,0.54366946,9.81958,62705184015142
0.7604187,0.76281375,9.697434,62705193764058
0.7041357,0.8358618,9.641151,62705203482123
0.61911255,1.0095007,9.340576,62705213231039
0.6334827,1.0130932,9.230405,62705222949104
0.59755737,0.9424402,9.328601,62705232698020
0.5221143,0.83346677,9.327404,62705242416085
0.6167175,0.613125,9.317823,62705252165001
0.67898804,0.7364685,9.332193,62705261883066
0.68497556,0.79035646,9.323811,62705271631982
0.6394702,0.82867676,9.390872,62705281350047
0.5161267,0.81550413,9.370514,62705291098963
0.4778064,0.80592406,9.372909,62705300817028
0.5005591,0.7652087,9.393267,62705310565944
0.41194335,0.81310916,9.398057,62705320314860
0.38440064,0.9292676,9.268725,62705330032925
0.44906616,1.1196716,9.244776,62705339781841
0.37841308,1.0562036,9.205257,62705349499906
0.46104127,1.1400293,9.244776,62705359248822
0.44547364,0.92807007,9.239985,62705368966887
0.41314086,0.8825647,9.430389,62705378715803
0.45744872,0.79993653,9.408834,62705388433868
0.3915857,0.8095166,9.390872,62705398182784
0.49097902,0.80592406,9.319021,62705407900849
0.4754114,0.86100954,9.417217,62705417649765
0.6442602,0.864602,9.322614,62705427367830
0.6215076,0.89932984,9.332193,62705437116746
0.65623534,0.920885,9.400452,62705446834811
0.7209009,0.8789722,9.46392,62705456583727
0.5903723,0.8562195,9.445957,62705466301792
0.5760022,0.72808594,9.316626,62705476050708
0.5281018,0.7975415,8.448431,62705485768773
0.3412903,0.8358618,7.543114,62705495517689
0.45744872,0.47421387,7.515571,62705505235754
0.549657,-0.4538562,8.630453,62705514984670
0.6334827,-0.92807007,10.032737,62705524733586
0.55803955,-0.48858398,10.843451,62705534451651
0.39757323,0.48738647,10.775193,62705544200567
0.10777588,1.6693286,10.2458935,62705553918632
0.16645385,2.5291407,9.224418,62705563667548
0.25985962,2.8321106,8.788525,62705573385613
0.3197351,2.46687,9.054371,62705583134529
0.27542725,1.6765137,9.625584,62705592852594
0.25387207,1.0538086,10.15608,62705602601510
0.2586621,0.71251833,10.499765,62705612319575
0.21195923,0.8143066,10.4075575,62705622068491
0.21914428,0.93765014,10.223141,62705631786556
0.2826123,1.104104,10.099797,62705641535472
0.37721556,1.289718,9.83395,62705651253537
0.4263135,1.4609619,9.612411,62705661002453
0.42032593,1.3974938,9.542955,62705670720518
0.44547364,1.2573853,9.546548,62705680469434
0.45864624,1.0633887,9.770482,62705690187499
0.366438,0.859812,9.656719,62705699936415
0.36164796,0.9172925,9.538165,62705709654480
0.44786865,0.97118044,9.443562,62705719403396
0.47181883,0.92807007,9.295071,62705729121461
0.5065466,0.83825684,9.347761,62705738870377
0.34967285,0.8250842,9.322614,62705748619293
0.37003052,0.76161623,9.25675,62705758337358
0.4071533,0.7699988,9.233997,62705768086274
0.3676355,0.79993653,9.123827,62705777804339
0.36045045,0.7316785,8.966953,62705787522404
0.32093263,0.90052736,9.023236,62705797271320
0.47181883,0.88974977,8.933423,62705806989385
0.47301635,0.9508228,8.941806,62705816738301
0.33650026,0.89932984,8.950188,62705826456366
0.4538562,0.8418494,9.074729,62705836174431
0.39637575,0.7807764,9.025631,62705845923347
0.3412903,0.7364685,9.084309,62705855641412
0.2335144,0.82268924,9.110654,62705865390328
0.27422974,0.803529,9.1130495,62705875108393
0.33530274,0.89932984,9.004076,62705884826458
0.3580554,0.9029224,9.057964,62705894575374
0.42032593,0.852627,9.211246,62705904293439
0.34488282,0.82747924,9.323811,62705914042355
0.4430786,0.8634045,9.369316,62705923760420
0.4754114,0.864602,9.400452,62705933478485
0.50894165,0.8945398,9.461525,62705943227401
0.48020142,0.94962525,9.406439,62705952945466
0.5005591,1.0322534,9.321416,62705962694382
0.48379394,1.0825489,9.20885,62705972412447
0.49816406,1.045426,9.364527,62705982161363
0.6274951,0.864602,9.388476,62705991879428
0.47421387,0.89334226,9.586065,62706001628344
0.4658313,0.70293826,9.621991,62706011346409
0.3544629,0.58558226,9.673484,62706021095325
0.3197351,0.5640271,9.789642,62706030813390
0.21674927,0.6981482,9.904603,62706040562306
0.22273682,0.6981482,9.9153805,62706050280371
0.16525635,0.7831714,9.8590975,62706060029287
0.05867798,0.9244775,9.792037,62706069747352
0.032332763,1.0777588,9.734557,62706079496268
0.13412109,1.22146,9.611214,62706089214333
0.11256592,1.2681628,9.587263,62706098963249
0.18800904,1.2909155,9.569301,62706108681314
0.2933899,1.167572,9.695039,62706118430230
0.2933899,0.94842774,9.735754,62706128148295
0.22752686,0.9304651,9.86748,62706137897211
0.37362304,0.7220984,9.871073,62706147615276
0.43469605,0.8262817,9.815988,62706157364192
0.39996827,0.8789722,9.672286,62706167082257
0.4287085,0.87657714,9.647139,62706176831173
0.41433838,0.9065149,9.539363,62706186549238
0.16884887,1.0071057,9.356144,62706196298154
0.34608033,1.0190808,9.358539,62706206016219
0.3412903,0.94962525,9.336984,62706215765135
0.30177248,0.9675879,9.309441,62706225483200
0.2694397,0.8837622,9.351354,62706235232116
0.24908203,0.90531737,9.368119,62706244950181
0.33410522,0.83825684,9.309441,62706254699097
0.37242553,0.8921448,9.1693325,62706264417162
0.30296996,0.91250247,9.096284,62706274166078
0.33410522,0.90531737,9.114246,62706283884143
0.36284545,1.0047107,9.066346,62706293633059
0.368833,0.9472302,9.041199,62706303351124
0.37242553,0.8490344,9.166937,62706313100040
0.43828857,0.857417,9.217233,62706322818105
0.38799316,0.84424436,9.310638,62706332567021
0.4071533,0.8849597,9.297466,62706342285086
0.31374756,0.9448352,9.268725,62706352034002
0.2562671,0.9556128,9.206455,62706361752067
0.24189697,1.0023156,9.080716,62706371500983
0.19279908,0.9855505,9.20406,62706381219048
0.20836669,1.0071057,9.304651,62706390967964
0.21914428,0.91010743,9.363329,62706400686029
0.21555176,0.8909473,9.407637,62706410434945
0.15687378,0.91489744,9.408834,62706420153010
0.13052857,0.88974977,9.479487,62706429901926
0.025147704,0.95321774,9.461525,62706439619991
0.16765137,1.0142908,9.469907,62706449368907
0.1963916,1.0310559,9.475895,62706459086972
0.13651611,1.0849439,9.380094,62706468835888
0.18920654,1.0753638,9.534573,62706478553953
0.1963916,1.0609937,9.687854,62706488302869
0.18920654,0.89334226,9.580078,62706498020934
0.14370117,0.9352551,9.493857,62706507769850
0.11136841,1.0873389,9.456735,62706517487915
0.18800904,1.1795471,9.358539,62706527236831
0.24189697,1.1472144,9.374106,62706536954896
0.31374756,0.9891431,9.473499,62706546703812
0.32093263,0.90531737,9.533375,62706556421877
0.37122804,0.82867676,9.728569,62706566170793
0.25985962,0.8801697,9.709409,62706575888858
0.15208374,0.8921448,9.632769,62706585637774
0.16405883,1.0202783,9.536968,62706595355839
0.13052857,1.0753638,9.479487,62706605104755
0.15447876,1.0083032,9.547746,62706614822820
0.20597167,1.0298584,9.572893,62706624571736
0.21914428,1.1304492,9.612411,62706634289801
0.21555176,1.0645862,9.496252,62706644038717
0.3412903,0.9699829,9.48308,62706653756782
0.25387207,0.9196875,9.587263,62706663505698
0.21914428,0.89932984,9.572893,62706673254614
0.20716919,0.984353,9.426797,62706682972679
0.32093263,1.1053015,9.362131,62706692721595
0.3197351,1.1316468,9.251961,62706702439660
0.28979737,1.0142908,9.405242,62706712157725
0.3412903,1.0118958,9.388476,62706721906641
0.26345214,0.96399534,9.474697,62706731624706
0.22632934,0.8813672,9.438772,62706741373622
0.19279908,0.920885,9.400452,62706751091687
0.18561402,0.91010743,9.426797,62706760809752
0.24429199,0.98674804,9.309441,62706770558668
0.19758911,1.0346484,9.22801,62706780276733
0.1963916,1.0071057,9.237591,62706790025649
0.23710693,0.9963281,9.237591,62706799743714
0.22393432,0.99872315,9.327404,62706809492630
0.31734008,0.91250247,9.430389,62706819210695
0.24668701,0.94962525,9.382489,62706828928760
0.26824218,0.9460327,9.320218,62706838677676
0.30177248,0.9448352,9.263935,62706848395741
0.3544629,0.9592053,9.214838,62706858144657
0.3293152,1.0286609,9.222023,62706867862722
0.30895752,1.0106982,9.260343,62706877611638
0.3221301,0.9460327,9.251961,62706887329703
0.32811767,0.91130495,9.358539,62706897078619
0.3161426,0.91130495,9.326206,62706906796684
0.23590942,0.9352551,9.406439,62706916545600
0.2706372,0.97477293,9.392069,62706926263665
0.32093263,1.047821,9.447155,62706935981730
0.3305127,1.0238708,9.329799,62706945730646
0.2802173,1.0681787,9.456735,62706955448711
0.24788453,0.95321774,9.447155,62706965197627
0.28859985,0.9580078,9.505833,62706974915692
0.31135255,0.979563,9.473499,62706984633757
0.32093263,1.0382409,9.436377,62706994382673
0.3065625,1.0154883,9.411229,62707004100738
0.20956421,1.0322534,9.547746,62707013849654
0.24189697,1.0609937,9.514215,62707023567719
0.32692015,1.0059083,9.53098,62707033316635
0.21435425,1.0418335,9.475895,62707043034700
0.366438,0.9412427,9.554931,62707052752765
0.48379394,0.9891431,9.473499,62707062501681
0.54606444,0.9568103,9.402846,62707072219746
0.5604346,0.85142946,9.44955,62707081968662
0.6262976,0.83346677,9.408834,62707091686727
0.5879773,0.8705896,9.44955,62707101435643
0.48259643,0.9352551,9.441167,62707111153708
0.6430628,0.9029224,9.513018,62707120902624
0.5987549,0.81310916,9.630374,62707130651540
0.53049684,0.7592212,9.575288,62707140369605
0.4179309,0.80233157,9.623188,62707150118521
0.3221301,0.93765014,9.583671,62707159836586
0.35326537,1.040636,9.529782,62707169585502
0.2335144,1.0011182,9.547746,62707179303567
0.21914428,1.0669812,9.505833,62707189052483
0.24069947,1.0095007,9.576486,62707198770548
0.16166382,0.9687854,9.576486,62707208519464
0.11855347,1.0585986,9.514215,62707218237529
0.12573853,1.0071057,9.484278,62707227986445
0.17363891,0.97716796,9.498648,62707237704510
0.19998413,1.0142908,9.553733,62707247453426
0.1484912,0.9939331,9.380094,62707257171491
0.21076173,1.0585986,9.3309965,62707266920407
0.23471192,1.0118958,9.319021,62707276638472
0.2802173,0.9424402,9.265133,62707286387388
0.23590942,1.0238708,9.317823,62707296105453
0.23590942,1.0370435,9.365724,62707305854369
0.1963916,1.0011182,9.24238,62707315572434
0.18681152,1.0442286,9.200467,62707325321350
0.16525635,0.920885,9.093889,62707335039415
0.25027955,0.9412427,9.145382,62707344757480
0.31015503,0.9580078,9.237591,62707354506396
0.31135255,0.97597045,9.257948,62707364224461
0.34727782,0.84424436,9.348959,62707373973377
0.24908203,0.86100954,9.244776,62707383691442
0.25267455,0.8262817,9.188493,62707393409507
0.22872436,0.8418494,9.235195,62707403127572
0.20477417,0.9136999,9.351354,62707412876488
0.20477417,0.91010743,9.241183,62707422594553
0.19758911,0.86100954,9.311836,62707432343469
0.09699829,0.9029224,9.302256,62707442061534
0.25506958,0.91489744,9.340576,62707451779599
0.24908203,0.8310718,9.404044,62707461528515
0.24668701,0.83945435,9.352551,62707471246580
0.19040406,0.9340576,9.303453,62707480964645
0.3197351,0.93884766,9.322614,62707490713561
0.33889526,0.8957373,9.429192,62707500431626
0.30296996,0.9029224,9.466314,62707510180542
0.3161426,0.9172925,9.408834,62707519898607
0.44906616,0.9244775,9.534573,62707529647523
0.31015503,0.9065149,9.424402,62707539365588
0.41673338,0.9424402,9.395661,62707549083653
0.38440064,0.97237796,9.444759,62707558832569
0.25387207,0.95321774,9.536968,62707568550634
0.39877075,0.97597045,9.647139,62707578299550
0.53049684,0.9675879,9.44955,62707588017615
0.4047583,1.0071057,9.589658,62707597735680
0.429906,0.92687255,9.673484,62707607484596
0.3915857,0.94962525,9.671089,62707617202661
0.38440064,0.9556128,9.763297,62707626951577
0.3796106,1.0035132,9.672286,62707636669642
0.30177248,0.9196875,9.594448,62707646418558
0.17483643,1.0035132,9.627978,62707656136623
0.13412109,0.8214917,9.55972,62707665885539
0.11256592,0.9352551,9.532178,62707675603604
0.15088624,1.0178833,9.529782,62707685321669
0.11615845,1.2801379,9.400452,62707695070585
0.17603393,1.2202624,9.269923,62707704788650
0.123343505,1.1543994,9.363329,62707714537566
0.13651611,0.93765014,9.477093,62707724255631
0.22632934,0.79514647,9.528585,62707734004547
0.1951941,0.87178713,9.406439,62707743722612
0.27901977,0.9592053,9.280701,62707753471528
0.3568579,0.95441526,9.239985,62707763189593
0.34608033,0.97716796,9.20406,62707772938509
0.35925293,0.9663904,9.320218,62707782656574
0.38080812,0.92208254,9.380094,62707792405490
0.40595582,0.87657714,9.412427,62707802123555
0.38799316,0.9663904,9.471105,62707811841620
0.22513184,0.9556128,9.42081,62707821590536
0.33769774,0.9400452,9.430389,62707831308601
0.3939807,1.0574012,9.340576,62707841057517
0.41194335,1.0550061,9.401649,62707850775582
0.35087037,1.1184741,9.377699,62707860493647
0.42391846,1.0562036,9.586065,62707870242563
0.4035608,0.93286014,9.522597,62707879960628
0.3544629,0.9831555,9.623188,62707889709544
0.3568579,1.0669812,9.513018,62707899427609
0.368833,1.1436218,9.342971,62707909145674
0.31135255,1.2561878,9.366921,62707918894590
0.25027955,1.1388317,9.49266,62707928612655
0.35206786,1.035846,9.386082,62707938361571
0.29817992,1.0071057,9.445957,62707948079636
0.25267455,0.89932984,9.466314,62707957828552
0.26345214,0.89932984,9.46871,62707967546617
0.20597167,0.9352551,9.352551,62707977295533
0.28620484,0.9352551,9.378897,62707987013598
0.2802173,0.9627979,9.389674,62707996731663
0.31494507,0.9316626,9.377699,62708006480579
0.39637575,0.9687854,9.418414,62708016198644
0.23950195,0.9196875,9.467512,62708025947560
0.33410522,0.9915381,9.347761,62708035665625
0.23950195,0.8909473,9.453142,62708045383690
0.26345214,1.0130932,9.49745,62708055132606
0.21195923,0.9675879,9.529782,62708064850671
0.18202148,1.0298584,9.53098,62708074599587
0.034727782,1.0741663,9.533375,62708084317652
0.023950195,1.0837463,9.539363,62708094066568
0.13651611,1.0789562,9.498648,62708103784633
0.11496094,0.80233157,8.435259,62708113533549
0.061072998,1.0154883,8.267608,62708123251614
0.082628176,0.6047424,7.7203455,62708133000530
-0.081430666,0.17603393,8.551417,62708142749446
0.069455564,0.1580713,9.484278,62708152467511
0.016765136,0.7089258,10.163265,62708162216427
-0.25506958,1.4525794,10.304571,62708171934492
-0.15328126,2.151925,10.072254,62708181683408
-0.16046631,2.0573218,9.7393465,62708191401473
0.07544312,1.4585669,9.896221,62708201150389
0.1353186,0.93884766,9.986034,62708210868454
0.27782226,0.8909473,9.904603,62708220617370
0.3185376,1.0777588,9.744137,62708230335435
0.3580554,1.2885205,9.602831,62708240084351
0.46104127,1.1711645,9.614806,62708249833267
0.33410522,1.0059083,9.697434,62708259551332
0.5137317,0.9244775,9.782457,62708269300248
0.48020142,0.9592053,9.736952,62708279049164
0.42391846,1.0681787,9.362131,62708288767229
0.39637575,1.0837463,9.298663,62708298516145
0.39517823,0.979563,9.291478,62708308234210
0.34009278,0.9508228,9.374106,62708317983126
0.31255004,0.89334226,9.358539,62708327701191
0.17962646,0.96040285,9.400452,62708337450107
0.16525635,0.97118044,9.341774,62708347199023
0.16884887,1.0047107,9.315429,62708356917088
0.20357665,0.9568103,9.431587,62708366666004
0.17124389,1.0154883,9.277108,62708376384069
0.19998413,0.9783655,9.19927,62708386132985
0.16046631,0.9735754,9.309441,62708395851050
0.15088624,0.9340576,9.326206,62708405599966
0.10897339,0.97118044,9.352551,62708415348882
0.1592688,0.9939331,9.3453665,62708425066947
0.17244141,1.099314,9.404044,62708434815863
0.12693603,1.0705737,9.269923,62708444533928
0.2215393,1.0609937,9.329799,62708454282844
0.18681152,1.0777588,9.424402,62708464031760
0.1472937,1.0095007,9.400452,62708473749825
0.18800904,1.0705737,9.539363,62708483498741
0.17483643,1.0394385,9.547746,62708493216806
0.2203418,1.1484119,9.540561,62708502965722
0.25027955,1.0633887,9.533375,62708512683787
0.2945874,0.9963281,9.627978,62708522432703
0.35925293,0.9304651,9.661509,62708532181619
0.10298584,0.552052,8.28078,62708541899684
0.15208374,0.8214917,7.733518,62708551648600
0.0023950196,0.42391846,7.2880445,62708561366665
0.0035925293,0.0371228,8.274793,62708571115581
0.09939331,-0.040715333,9.56451,62708580833646
0.05628296,0.81191164,10.289004,62708590582562
-0.120948486,1.7351917,10.453063,62708600300627
-0.1472937,2.2992187,10.312954,62708610049543
-0.22992188,2.0657043,10.0135765,62708619798459
-0.03592529,1.4801221,10.053095,62708629516524
0.17962646,0.9400452,10.086625,62708639265440
0.38679564,0.8310718,9.926159,62708648983505
0.45625123,1.0609937,9.764495,62708658732421
0.44667113,1.2933105,9.614806,62708668450486
0.42152345,1.2597803,9.48308,62708678199402
0.6215076,1.1304492,9.529782,62708687917467
0.47421387,0.9352551,9.720187,62708697666383
0.5281018,0.89932984,9.681867,62708707384448
0.48738647,0.8945398,9.528585,62708717133364
0.5041516,1.0322534,9.401649,62708726851429
0.48738647,1.0382409,9.257948,62708736600345
0.4406836,1.0909314,9.239985,62708746318410
0.43469605,1.0813513,9.220825,62708756067326
0.30296996,0.9855505,9.390872,62708765785391
0.30776,0.9017249,9.348959,62708775534307
0.25147706,0.83825684,9.399254,62708785252372
0.17483643,0.9292676,9.489067,62708795001288
0.16046631,0.8490344,9.390872,62708804750204
0.14130615,0.9172925,9.297466,62708814468269
0.11975098,1.0502161,9.328601,62708824217185
0.19399658,1.099314,9.2184305,62708833935250
0.22273682,1.108894,9.254355,62708843684166
0.19878662,1.0166858,9.291478,62708853402231
0.23710693,1.0178833,9.42081,62708863151147
0.17842895,0.9675879,9.51661,62708872869212
0.16765137,0.9472302,9.462722,62708882618128
0.033530273,1.0526111,9.467512,62708892336193
0.13412109,1.1005114,9.402846,62708902085109
0.18920654,1.1735595,9.412427,62708911803174
0.26584718,1.1951147,9.339378,62708921552090
0.3329077,1.0825489,9.356144,62708931270155
0.305365,1.0214758,9.601633,62708941019071
0.305365,1.0801538,9.777667,62708950737136
0.19160156,1.113684,9.945318,62708960486052
0.034727782,1.0394385,9.9572935,62708970204117
0.025147704,1.0921289,9.932146,62708979922182
-0.10298584,0.7735913,8.546627,62708989671098
0.05388794,1.465752,7.9251194,62708999389163
-0.07544312,1.353186,7.0880604,62709009138079
0.064665526,0.53528684,8.085586,62709018856144
0.3939807,0.09101074,9.81479,62709028605060
0.5676196,0.5269043,10.457852,62709038323125
0.368833,1.3675561,10.341694,62709048072041
0.122145995,2.0501368,9.951306,62709057790106
0.21674927,1.8968555,9.75731,62709067539022
0.44427612,1.169967,9.798025,62709077257087
0.64545774,0.45026368,9.963282,62709087006003
0.80472654,0.32093263,9.86748,62709096724068
0.8957373,0.6430628,9.455537,62709106472984
1.0226734,0.8921448,9.182505,62709116191049
0.91130495,0.9412427,9.081914,62709125939965
0.91849,0.69096315,9.298663,62709135658030
0.8490344,0.6382727,9.485475,62709145406946
0.7735913,0.64545774,9.623188,62709155125011
0.7879614,0.76640624,9.453142,62709164873927
0.6442602,0.8430469,9.3453665,62709174591992
0.671803,0.8837622,9.18011,62709184340908
0.6119275,1.0502161,9.250763,62709194058973
0.60234743,1.0657837,9.196875,62709203807889
0.50894165,1.0394385,9.19448,62709213525954
0.54726195,1.0238708,9.260343,62709223274870
0.41912842,0.9963281,9.353748,62709232992935
0.38799316,0.86579955,9.437574,62709242741851
0.35326537,0.8681946,9.466314,62709252459916
0.2826123,0.89932984,9.407637,62709262208832
0.3568579,1.0681787,9.374106,62709271926897
0.33889526,1.0753638,9.319021,62709281675813
0.33410522,1.0621911,9.404044,62709291393878
0.1963916,1.0897338,9.413624,62709301142794
0.31374756,1.0298584,9.406439,62709310860859
0.17483643,1.0909314,9.339378,62709320609775
0.29578492,1.0154883,9.357342,62709330327840
0.33410522,0.98794556,9.425599,62709340076756
0.33410522,0.91609496,9.426797,62709349825672
0.28740233,0.91489744,9.388476,62709359543737
0.4646338,0.9196875,9.47829,62709369292653
0.54366946,0.85142946,9.505833,62709379010718
0.5053491,0.9508228,9.51661,62709388759634
0.40954834,0.9029224,9.606423,62709398477699
0.26345214,0.76640624,8.284372,62709408226615
0.26824218,1.2382251,8.067623,62709417944680
0.014370117,0.9699829,7.171886,62709427693596
-0.0490979,0.24548951,8.303533,62709437411661
-0.023950195,-0.09580078,9.812395,62709447160577
0.0742456,0.44427612,10.918894,62709456878642
0.120948486,1.607058,10.590776,62709466627558
-0.008382568,2.5566833,9.938133,62709476345623
0.032332763,2.3267615,9.523795,62709486094539
0.13891113,1.4262341,9.821975,62709495843455
0.2814148,0.6981482,10.148895,62709505561520
0.4047583,0.5340893,10.134525,62709515279585
0.5412744,0.86220706,9.79084,62709525028501
0.62989014,1.2046949,9.529782,62709534746566
0.60354495,1.2454102,9.565708,62709544495482
0.5376819,1.0621911,9.753717,62709554213547
0.556842,0.87657714,9.777667,62709563962463
0.41912842,0.91489744,9.513018,62709573680528
0.47660887,1.0753638,9.378897,62709583429444
0.5628296,1.1244617,9.259146,62709593147509
0.5005591,1.0466236,9.278306,62709602896425
0.3903882,0.87777466,9.376501,62709612614490
0.32572266,0.8466394,9.399254,62709622363406
0.32692015,0.7759863,9.475895,62709632081471
0.23950195,0.75682616,9.248368,62709641830387
0.24309449,0.8346643,9.285491,62709651548452
0.27901977,0.80592406,9.20406,62709661297368
0.24548951,0.90411985,9.21364,62709671015433
0.35925293,0.8262817,9.22322,62709680764349
0.38559815,0.9196875,9.152567,62709690482414
0.4071533,0.82867676,9.298663,62709700231330
0.32811767,0.8789722,9.303453,62709709949395
0.31255004,0.96399534,9.22322,62709719667460
0.432301,0.9903406,9.254355,62709729416376
0.38799316,0.94842774,9.325008,62709739134441
0.38440064,1.0394385,9.323811,62709748883357
0.42391846,0.9807605,9.335786,62709758601422
0.40236327,0.9364526,9.348959,62709768350338
0.44786865,0.90052736,9.344169,62709778068403
0.47301635,0.8358618,9.460327,62709787817319
0.4790039,0.79035646,9.418414,62709797535384
0.48738647,0.70653075,9.471105,62709807284300
0.37362304,0.76760375,9.50224,62709817002365
0.43110353,0.7723938,9.336984,62709826751281
0.5173242,0.8095166,9.340576,62709836469346
0.37841308,0.8478369,9.377699,62709846218262
0.3939807,0.7927515,9.457932,62709855936327
0.4047583,0.74604857,9.534573,62709865654392
0.44786865,0.7735913,9.623188,62709875403308
0.41074586,0.7496411,9.568103,62709885121373
0.32692015,0.8586145,9.623188,62709894870289
0.24548951,0.9077124,9.522597,62709904588354
0.2814148,0.9029224,9.529782,62709914337270
0.34488282,0.9292676,9.584868,62709924055335
0.3161426,1.045426,9.612411,62709933804251
0.32093263,1.0118958,9.716595,62709943522316
0.41673338,0.96040285,9.713001,62709953271232
0.4406836,0.95321774,9.763297,62709962989297
0.34248778,1.0011182,9.648336,62709972738213
0.39877075,1.0753638,9.586065,62709982456278
0.4754114,1.0681787,9.581276,62709992174343
0.38080812,1.0801538,9.519005,62710001923259
0.3412903,1.0753638,9.504635,62710011641324
0.38919067,1.0382409,9.467512,62710021390240
0.4430786,1.0574012,9.493857,62710031108305
0.46343628,0.99992067,9.404044,62710040857221
0.46942383,0.9663904,9.405242,62710050575286
0.3939807,0.979563,9.392069,62710060293351
0.43110353,0.9891431,9.444759,62710070042267
0.36045045,0.9364526,9.405242,62710079760332
0.46223876,0.9556128,9.25675,62710089509248
0.5185217,0.99872315,9.303453,62710099227313
0.42751098,0.98794556,9.378897,62710108945378
0.3293152,0.8813672,9.334589,62710118694294
0.40835083,0.8909473,9.322614,62710128412359
0.4287085,0.93765014,9.334589,62710138161275
0.34967285,0.9508228,9.285491,62710147879340
0.45625123,0.97237796,9.269923,62710157628256
0.36404297,0.9196875,9.42081,62710167346321
0.3676355,0.9172925,9.298663,62710177064386
0.43110353,1.0023156,9.310638,62710186813302
0.39877075,0.93884766,9.329799,62710196531367
0.42751098,0.9855505,9.308244,62710206280283
0.48259643,0.94842774,9.171727,62710215998348
0.44427612,0.91250247,9.424402,62710225716413
0.48259643,0.9244775,9.453142,62710235465329
0.41074586,0.9627979,9.365724,62710245183394
0.4682263,0.8981323,9.364527,62710254932310
0.47421387,0.93765014,9.378897,62710264650375
0.4071533,1.0442286,9.399254,62710274368440
0.44906616,0.92687255,9.419612,62710284117356
0.39877075,0.9292676,9.381291,62710293835421
0.42272094,0.93286014,9.375304,62710303584337
0.31255004,0.9735754,9.540561,62710313302402
0.33889526,0.84424436,9.600436,62710323020467
0.40236327,0.9029224,9.509425,62710332769383
0.31734008,0.9592053,9.45434,62710342487448
0.32692015,0.97237796,9.426797,62710352205513
0.3927832,1.035846,9.459129,62710361954429
0.31734008,1.0083032,9.405242,62710371672494
0.36524048,1.0394385,9.44955,62710381421410
0.4179309,1.1484119,9.489067,62710391139475
0.37721556,1.104104,9.47829,62710400857540
0.36284545,1.0621911,9.519005,62710410606456
0.33530274,1.0490185,9.425599,62710420324521
0.4790039,0.9939331,9.425599,62710430073437
0.47181883,1.0250684,9.528585,62710439791502
0.39517823,0.97597045,9.473499,62710449540418
0.32692015,0.8466394,9.445957,62710459258483
0.40116578,0.9460327,9.553733,62710468976548
0.38559815,0.9292676,9.614806,62710478725464
0.34248778,0.93884766,9.466314,62710488443529
0.48379394,0.97118044,9.49266,62710498192445
0.40595582,0.90531737,9.527388,62710507910510
0.432301,0.89334226,9.451944,62710517659426
0.44667113,0.95441526,9.388476,62710527377491
0.34608033,0.9891431,9.432784,62710537126407
0.31374756,0.9448352,9.390872,62710546875323
0.36524048,0.97118044,9.236393,62710556593388
0.45265868,0.9735754,9.126222,62710566342304
0.38320312,0.88735473,9.150172,62710576060369
0.43589357,0.9400452,9.18011,62710585809285
0.45265868,0.8634045,9.291478,62710595527350
0.40595582,0.9017249,9.3381815,62710605276266
0.38799316,0.84065187,9.390872,62710614994331
0.3903882,0.8071216,9.297466,62710624712396
0.3903882,0.9136999,9.359736,62710634461312
0.39637575,0.97597045,9.383686,62710644179377
0.32811767,0.93286014,9.451944,62710653928293
0.31135255,0.8789722,9.509425,62710663646358
0.3221301,0.77838135,9.504635,62710673395274
0.41314086,0.84424436,9.529782,62710683113339
0.41673338,0.88735473,9.631571,62710692862255
0.4670288,0.8813672,9.522597,62710702580320
0.45864624,0.9627979,9.536968,62710712329236
0.51013917,0.8693921,9.532178,62710722047301
0.50774413,0.9400452,9.519005,62710731796217
0.5005591,0.9580078,9.498648,62710741514282
0.5939648,0.93765014,9.524993,62710751263198
0.45864624,0.99752563,9.481882,62710760981263
0.45744872,0.9172925,9.455537,62710770699328
0.429906,0.9699829,9.53098,62710780448244
0.45864624,0.9292676,9.538165,62710790166309
0.46223876,0.87657714,9.48308,62710799915225
0.49936157,0.88735473,9.554931,62710809633290
0.432301,0.92328,9.443562,62710819382206
0.4287085,0.8143066,9.417217,62710829100271
0.47181883,0.83945435,9.467512,62710838818336
0.4179309,0.82747924,9.425599,62710848567252
0.38679564,0.8741821,9.399254,62710858285317
0.30776,0.87298465,9.425599,62710868034233
0.40595582,0.85023195,9.480685,62710877752298
0.45265868,0.9244775,9.447155,62710887470363
0.5412744,0.8969348,9.417217,62710897219279
0.5508545,0.90531737,9.467512,62710906937344
0.44427612,0.9089099,9.430389,62710916686260
0.432301,0.9556128,9.514215,62710926404325
0.42152345,0.97477293,9.501042,62710936153241
0.5029541,0.93286014,9.383686,62710945871306
0.43349853,0.979563,9.522597,62710955620222
0.41673338,0.91130495,9.437574,62710965338287
0.39877075,0.9675879,9.490265,62710975056352
0.37601808,1.0130932,9.429192,62710984805268
0.43349853,0.99872315,9.436377,62710994523333
0.5628296,0.97597045,9.423204,62711004272249
0.3939807,1.0011182,9.407637,62711014021165
0.41673338,0.91849,9.405242,62711023739230
0.43589357,0.92208254,9.557325,62711033488146
0.4682263,0.8801697,9.304651,62711043206211
0.58558226,0.9304651,9.336984,62711052955127
0.37841308,0.8634045,9.390872,62711062673192
0.5388794,0.87657714,9.342971,62711072422108
0.5185217,0.83945435,9.357342,62711082140173
0.5628296,0.8322693,9.407637,62711091889089
0.49576905,0.7747888,9.425599,62711101607154
0.59635985,0.82867676,9.441167,62711111356070
0.5712122,0.92567503,9.441167,62711121074135
0.4179309,0.9424402,9.419612,62711130823051
0.51971924,0.920885,9.475895,62711140541116
0.43828857,1.0059083,9.43518,62711150290032
0.43709105,0.9196875,9.332193,62711160008097
0.42391846,0.97597045,9.533375,62711169757013
0.53648436,0.9364526,9.456735,62711179505929
0.44547364,0.9627979,9.529782,62711189223994
0.44786865,1.0274634,9.541758,62711198972910
0.41194335,1.0047107,9.662706,62711208690975
0.34009278,0.93884766,9.48308,62711218439891
0.44786865,0.88855225,9.442365,62711228188807
0.37601808,1.0011182,9.501042,62711237906872
0.33650026,0.9855505,9.400452,62711247655788
0.4430786,0.9687854,9.323811,62711257404704
0.47421387,0.9077124,9.489067,62711267122769
0.37601808,0.9136999,9.326206,62711276871685
0.40236327,0.87657714,9.414822,62711286589750
0.37122804,0.8490344,9.475895,62711296338666
0.3820056,0.85142946,9.328601,62711306056731
0.4430786,0.83945435,9.308244,62711315805647
0.4047583,0.85142946,9.237591,62711325523712
0.49097902,0.8454419,9.253158,62711335272628
0.53289187,0.84065187,9.286688,62711344990693
0.46104127,0.8346643,9.327404,62711354739609
0.40835083,0.8562195,9.419612,62711364457674
0.49097902,0.83346677,9.469907,62711374206590
0.3161426,0.9244775,9.439969,62711383924655
0.2945874,1.0071057,9.369316,62711393673571
0.30177248,0.94842774,9.400452,62711403422487
0.4263135,0.92567503,9.311836,62711413140552
0.33650026,0.94962525,9.380094,62711422889468
0.4430786,0.9831555,9.442365,62711432638384
0.429906,0.9687854,9.490265,62711442356449
0.53528684,0.91489744,9.393267,62711452105365
0.46223876,0.79514647,9.447155,62711461823430
0.40954834,0.87777466,9.50224,62711471572346
0.53289187,0.920885,9.44955,62711481290411
0.47181883,0.85142946,9.462722,62711491039327
0.3903882,0.9448352,9.392069,62711500757392
0.4778064,0.8262817,9.443562,62711510506308
0.429906,0.7927515,9.576486,62711520255224
0.3915857,0.8586145,9.527388,62711529973289
0.36045045,0.85382444,9.614806,62711539722205
0.2694397,0.88974977,9.576486,62711549440270
0.28620484,0.93286014,9.562116,62711559189186
0.31494507,0.91849,9.504635,62711568938102
0.25267455,0.9699829,9.513018,62711578656167
0.24908203,0.83945435,9.513018,62711588405083
0.3436853,0.94842774,9.335786,62711598123148
0.4179309,0.87298465,9.46871,62711607872064
0.31255004,0.88855225,9.425599,62711617590129
0.32572266,0.9340576,9.408834,62711627339045
0.38679564,0.8562195,9.408834,62711637087961
0.47301635,0.9029224,9.413624,62711646806026
0.429906,0.81789917,9.304651,62711656554942
0.49097902,0.852627,9.344169,62711666273007
0.45026368,0.9244775,9.350156,62711676021923
0.5412744,0.93286014,9.436377,62711685739988
0.4897815,0.92567503,9.445957,62711695488904
0.53289187,0.89932984,9.471105,62711705206969
0.52570677,0.91250247,9.49266,62711714955885
0.48020142,1.0059083,9.471105,62711724673950
0.40954834,0.96040285,9.538165,62711734422866
0.3915857,0.9891431,9.425599,62711744140931
0.43349853,1.0202783,9.55972,62711753889847
0.41074586,1.0753638,9.617201,62711763607912
0.34608033,0.9939331,9.51661,62711773356828
0.4047583,0.97118044,9.56451,62711783074893
0.30895752,0.9508228,9.517808,62711792823809
0.32093263,0.96040285,9.5214,62711802541874
0.43349853,0.96040285,9.493857,62711812290790
0.31135255,1.096919,9.392069,62711822008855
0.36164796,0.9556128,9.320218,62711831757771
0.39757323,0.9029224,9.358539,62711841475836
0.5041516,0.859812,9.457932,62711851224752
0.37721556,0.83825684,9.352551,62711860942817
0.4514612,0.87178713,9.283095,62711870660882
0.41074586,0.9077124,9.297466,62711880409798
0.46104127,0.95441526,9.293873,62711890127863
0.49816406,0.84424436,9.257948,62711899876779
0.5999524,0.9472302,9.341774,62711909594844
0.57959473,0.864602,9.432784,62711919343760
0.4514612,0.796344,9.417217,62711929061825
0.46942383,0.852627,9.453142,62711938810741
0.5233118,0.798739,9.49745,62711948528806
0.4394861,0.80113405,9.553733,62711958277722
0.42511597,0.8634045,9.49745,62711967995787
0.43709105,0.4790039,8.868757,62711977744703
0.27662477,0.96399534,9.011261,62711987462768
0.31015503,0.613125,7.397018,62711997211684
0.24548951,0.94363767,7.6904078,62712006929749
0.19279908,1.2082874,8.150251,62712016678665
0.07903565,1.6417859,9.260343,62712026427581
-0.04430786,1.6058606,9.845925,62712036145646
-0.032332763,1.0837463,10.644665,62712045863711
0.04430786,0.5269043,11.07936,62712055612627
0.21315674,0.183219,10.927277,62712065330692
0.3065625,0.3676355,10.233918,62712075079608
0.4790039,0.93286014,9.691446,62712084797673
0.5340893,1.6010705,9.16095,62712094546589
0.63587767,1.6813037,9.129814,62712104295505
0.52570677,1.3172607,9.251961,62712114013570
0.6646179,0.8789722,9.669891,62712123762486
0.671803,0.73407346,9.825567,62712133480551
0.68018556,0.62031007,9.72378,62712143229467
0.6969507,0.8107141,9.596844,62712152947532
0.63468015,0.80113405,9.48787,62712162696448
0.65743285,0.9627979,9.340576,62712172414513
0.58558226,1.0071057,9.2328005,62712182163429
0.5281018,0.9915381,9.272318,62712191881494
0.4921765,0.84065187,9.398057,62712201630410
0.5676196,0.796344,9.547746,62712211348475
0.4035608,0.57480466,9.661509,62712221097391
0.37482056,0.7149133,9.581276,62712230815456
0.40236327,0.79394895,9.556128,62712240564372
0.2826123,1.0035132,9.427995,62712250282437
0.22632934,1.0921289,9.356144,62712260031353
0.24788453,1.0741663,9.48308,62712269749418
0.29817992,0.9580078,9.49745,62712279498334
0.27782226,0.9412427,9.542955,62712289216399
0.2203418,0.97716796,9.539363,62712298965315
0.21315674,1.0382409,9.49745,62712308683380
0.25387207,1.0502161,9.430389,62712318432296
0.3161426,1.0142908,9.467512,62712328181212
0.24548951,0.9292676,9.359736,62712337899277
0.43110353,0.9951306,9.402846,62712347648193
0.47181883,0.95441526,9.369316,62712357366258
0.5676196,0.9927356,9.398057,62712367115174
0.5664221,0.97716796,9.315429,62712376833239
0.5987549,0.8861572,9.382489,62712386582155
0.53528684,0.82867676,9.442365,62712396331071
0.55803955,0.8238867,9.472302,62712406049136
0.53289187,0.979563,9.46392,62712415798052
0.20597167,0.30895752,8.320298,62712425516117
0.26225463,0.852627,7.8712316,62712435265033
0.062270507,1.0418335,7.2856493,62712444983098
0.2826123,1.0214758,7.6568775,62712454732014
0.30296996,1.1196716,8.611293,62712464450079
0.17962646,1.3543836,9.54535,62712474198995
0.06346802,0.9412427,10.166858,62712483917060
-0.0035925293,0.47301635,10.678195,62712493665976
0.0119750975,0.029937744,10.927277,62712503414892
0.24908203,0.040715333,10.475816,62712513132957
0.40236327,0.5340893,9.727372,62712522881873
0.57959473,1.0717713,9.002878,62712532599938
0.6550378,1.53401,8.754993,62712542348854
0.791554,1.3819263,8.861572,62712552066919
0.61791503,0.984353,9.3453665,62712561815835
0.6119275,0.7197034,9.72378,62712571533900
0.56881714,0.6502478,9.686657,62712581282816
0.554447,0.7484436,9.730965,62712591000881
0.59635985,0.8741821,9.55972,62712600749797
0.6215076,1.0262659,9.524993,62712610467862
0.53169435,1.0538086,9.433982,62712620216778
0.45265868,1.1208692,9.357342,62712629934843
0.37122804,1.1819421,9.480685,62712639683759
0.38080812,1.0238708,9.635163,62712649401824
0.28500733,0.89932984,9.825567,62712659150740
0.33650026,0.75083864,9.910591,62712668868805
0.36045045,0.8562195,9.939331,62712678586870
0.36045045,0.9663904,9.686657,62712688335786
0.32093263,0.9508228,9.57888,62712698053851
0.37482056,0.9915381,9.592053,62712707802767
0.3939807,0.9472302,9.53577,62712717520832
0.34727782,0.796344,9.632769,62712727269748
0.38559815,0.6167175,9.630374,62712736987813
0.30416748,0.7220984,9.542955,62712746736729
0.36404297,0.81789917,9.557325,62712756454794
0.38919067,0.859812,9.49745,62712766172859
0.4394861,0.91010743,9.4507475,62712775921775
0.42511597,0.9244775,9.498648,62712785639840
0.38559815,0.859812,9.44955,62712795388756
0.2945874,0.81550413,9.599238,62712805106821
0.30296996,0.9172925,9.645941,62712814855737
0.25267455,0.94962525,9.601633,62712824573802
0.3161426,0.984353,9.629176,62712834322718
0.24668701,1.0981164,9.572893,62712844040783
0.22632934,1.0957215,9.554931,62712853789699
0.18561402,1.4920971,9.568103,62712863507764
-0.23111938,0.5053491,8.992101,62712873225829
-0.05987549,0.4658313,7.877219,62712882974745
-0.06346802,0.8741821,7.462881,62712892692810
0.0023950196,1.0849439,7.7059755,62712902441726
0.23830444,1.4573693,8.370593,62712912159791
0.15447876,1.7112415,9.084309,62712921877856
-0.07903565,1.7016613,9.934541,62712931626772
-0.09699829,1.5184424,10.412348,62712941344837
-0.0742456,0.8837622,10.702145,62712951062902
0.09340576,0.25147706,10.536888,62712960811818
0.2814148,0.08981323,10.289004,62712970529883
0.5939648,0.38080812,9.72378,62712980247948
0.5903723,0.95441526,9.462722,62712989996864
0.6586304,1.1819421,9.253158,62712999714929
0.671803,1.1340418,9.398057,62713009463845
0.7161108,0.6550378,9.588461,62713019181910
0.7316785,0.4670288,9.762099,62713028930826
0.7137158,0.53648436,9.798025,62713038648891
0.6981482,0.859812,9.513018,62713048366956
0.5137317,1.0238708,9.286688,62713058115872
0.58438474,1.165177,9.139395,62713067833937
0.5664221,1.1220666,9.030421,62713077582853
0.5664221,1.0370435,9.271121,62713087300918
0.4430786,0.9939331,9.3453665,62713097018983
0.41314086,0.857417,9.51182,62713106767899
0.3903882,0.79993653,9.475895,62713116485964
0.31015503,0.84424436,9.50224,62713126234880
0.2814148,0.93286014,9.363329,62713135952945
0.1963916,1.1196716,9.235195,62713145671010
0.22273682,1.113684,9.17532,62713155419926
0.086220704,1.0609937,9.190887,62713165137991
0.10657837,0.9460327,9.466314,62713174886907
0.086220704,0.9364526,9.49266,62713184604972
0.014370117,0.9831555,9.472302,62713194323037
0.032332763,1.0059083,9.376501,62713204071953
0.05029541,1.1591895,9.332193,62713213790018
0.12813355,1.1532019,9.257948,62713223508083
0.19998413,1.275348,9.472302,62713233256999
0.16765137,1.1819421,9.460327,62713242975064
0.21914428,1.1352392,9.558523,62713252723980
0.20477417,1.0526111,9.684261,62713262442045
0.20597167,0.19160156,8.714278,62713272160110
0.07065307,0.34727782,8.806487,62713281909026
-0.07185058,0.34727782,7.899972,62713291627091
0.022752685,0.9244775,8.01134,62713301376007
0.17962646,1.3364209,7.891589,62713311094072
-0.064665526,2.0549269,8.91067,62713320812137
-0.04550537,2.4908204,9.601633,62713330530202
-0.25147706,2.4093897,10.199191,62713340279118
-0.25387207,1.6813037,10.902129,62713349997183
-0.18681152,0.9364526,11.170371,62713359746099
-0.009580079,0.5604346,11.03146,62713369464164
0.26824218,0.57001466,10.590776,62713379182229
0.53049684,1.104104,10.021959,62713388931145
0.6143225,1.6429834,9.528585,62713398649210
0.7711963,1.7615368,9.314231,62713408398126
0.7472461,1.5759228,9.427995,62713418116191
0.852627,1.2741504,9.486672,62713427865107
0.75562865,0.96040285,9.685459,62713437583172
0.7113208,0.8693921,9.710607,62713447332088
0.75083864,0.9244775,9.598041,62713457050153
0.65264285,0.8586145,9.533375,62713466799069
0.6538403,0.8909473,9.45434,62713476517134
0.66821045,0.9400452,9.398057,62713486235199
0.6251001,1.0741663,9.248368,62713495984115
0.6538403,1.0106982,9.18011,62713505702180
0.55803955,0.9663904,9.271121,62713515451096
0.4754114,0.7927515,9.320218,62713525169161
0.40954834,0.7699988,9.390872,62713534918077
0.36284545,0.7843689,9.307046,62713544636142
0.33769774,0.857417,9.351354,62713554385058
0.34608033,0.852627,9.284293,62713564103123
0.35326537,0.80113405,9.263935,62713573852039
0.24189697,0.9783655,9.384884,62713583570104
0.25147706,1.0142908,9.307046,62713593288169
0.2574646,0.9903406,9.366921,62713603037085
0.26225463,1.0765613,9.230405,62713612755150
0.29099488,1.0753638,9.327404,62713622504066
0.26824218,1.0585986,9.266331,62713632222131
0.368833,1.2681628,9.207653,62713641971047
0.29219237,1.2717553,9.18969,62713651689112
0.19040406,1.2621753,9.243578,62713661438028
0.10178833,1.23104,9.283095,62713671156093
-0.033530273,1.2322376,9.351354,62713680905009
-0.11975098,1.2118798,9.297466,62713690623074
0.0035925293,1.2957056,9.395661,62713700371990
0.085023195,1.4058765,9.427995,62713710090055
0.028740235,1.5040723,9.389674,62713719808120
0.0071850587,1.5615528,9.329799,62713729557036
-0.026345216,1.6908838,9.214838,62713739275101
0.07304809,1.719624,9.267529,62713749024017
0.0059875487,1.7675244,9.268725,62713758742082
-0.025147704,1.7220191,9.277108,62713768490998
0.034727782,1.780697,9.2818985,62713778209063
0.023950195,1.712439,9.42081,62713787957979
-0.04550537,1.6789087,9.501042,62713797676044
0.020357667,1.6753162,9.48787,62713807424960
0.04430786,1.6717236,9.527388,62713817143025
0.062270507,1.6932788,9.462722,62713826891941
-0.0742456,1.8741028,9.412427,62713836610006
-0.010777588,1.9866687,9.267529,62713846358922
-0.017962646,1.9746937,9.257948,62713856076987
0.086220704,2.098037,9.18969,62713865825903
0.085023195,2.0848646,9.226812,62713875543968
0.09220825,2.0249891,9.217233,62713885262033
0.05388794,1.9519409,9.3309965,62713895010949
0.081430666,1.9734961,9.384884,62713904729014
0.1101709,1.9016455,9.515412,62713914477930
0.14250366,1.9399658,9.484278,62713924195995
0.1951941,1.8214123,9.390872,62713933914060
0.22632934,1.9878662,9.279503,62713943662976
0.17124389,2.0082238,9.316626,62713953381041
0.183219,2.0405567,9.316626,62713963129957
0.24429199,2.010619,9.2184305,62713972848022
0.18681152,2.1100123,9.269923,62713982596938
0.19040406,2.1004322,9.254355,62713992315003
0.19998413,2.0094213,9.248368,62714002033068
0.22393432,1.8980529,9.283095,62714011781984
0.2969824,1.8405725,9.381291,62714021500049
0.23471192,1.773512,9.353748,62714031248965
0.21674927,1.893263,9.352551,62714040967030
0.24908203,1.8681152,9.2747135,62714050715946
0.24548951,1.9196081,9.298663,62714060434011
0.20597167,1.773512,9.229208,62714070152076
0.20357665,1.8573376,9.238788,62714079900992
0.20836669,1.8537451,9.116642,62714089619057
0.23111938,1.9088305,9.19448,62714099367973
0.29817992,1.8513501,9.305848,62714109086038
0.32572266,1.7771045,9.2890835,62714118804103
0.183219,1.7411792,9.262738,62714128553019
0.19160156,1.7771045,9.22801,62714138271084
0.081430666,1.9136206,9.336984,62714148020000
0.1963916,1.9746937,9.24717,62714157738065
0.2706372,1.9040406,9.214838,62714167456130
0.19040406,1.9651135,9.277108,62714177205046
0.2215393,1.9291883,9.340576,62714186923111
0.17124389,2.0010388,9.314231,62714196672027
0.16046631,1.9519409,9.375304,62714206390092
0.14489868,1.9255958,9.382489,62714216108157
0.15088624,1.9255958,9.395661,62714225857073
0.26584718,1.8980529,9.425599,62714235575138
0.10538086,1.9722986,9.408834,62714245293203
0.10538086,1.9543359,9.401649,62714255042119
0.16286133,1.9303857,9.332193,62714264760184
0.11735596,2.0213964,9.427995,62714274478249
0.17124389,1.9315833,9.382489,62714284227165
0.17124389,1.9232007,9.443562,62714293945230
0.18800904,1.9423609,9.515412,62714303694146
0.20357665,1.8681152,9.439969,62714313412211
0.21076173,1.9782861,9.341774,62714323130276
0.3161426,1.9830762,9.406439,62714332879192
0.29937744,2.0142114,9.269923,62714342597257
0.23590942,2.0453467,9.309441,62714352315322
0.2574646,1.956731,9.346563,62714362064238
0.21914428,1.8705102,9.327404,62714371782303
0.1844165,1.9064355,9.351354,62714381531219
0.25027955,1.839375,9.328601,62714391249284
0.24908203,1.9854712,9.353748,62714400967349
0.21794678,1.8896704,9.316626,62714410716265
0.14370117,1.8717078,9.340576,62714420434330
0.26464966,1.9459534,9.319021,62714430152395
0.20357665,1.9088305,9.307046,62714439901311
0.27662477,1.9531385,9.302256,62714449619376
0.24189697,1.9232007,9.193282,62714459337441
0.14370117,1.8729053,9.236393,62714469086357
0.20237915,1.8501526,9.128617,62714478804422
0.24548951,1.8621277,9.168135,62714488522487
0.16645385,1.83698,9.139395,62714498271403
0.27542725,1.8285974,9.202863,62714507989468
0.21315674,1.7615368,9.195678,62714517707533
0.33769774,1.8202149,9.131012,62714527456449
0.23471192,1.8130298,9.1849,62714537174514
0.20237915,1.893263,9.172925,62714546923430
0.20956421,1.7890795,9.273516,62714556641495
0.3293152,1.8070422,9.25675,62714566390411
0.19040406,1.8058448,9.320218,62714576108476
0.17962646,1.8453625,9.347761,62714585826541
0.1951941,1.8621277,9.340576,62714595575457
0.183219,1.956731,9.3381815,62714605293522
0.3161426,1.9543359,9.303453,62714615042438
0.1963916,1.959126,9.269923,62714624760503
0.16765137,1.9315833,9.347761,62714634509419
0.2706372,1.83698,9.375304,62714644227484
0.18800904,1.8525476,9.376501,62714653976400
0.18561402,1.9016455,9.396859,62714663694465
0.10777588,1.959126,9.364527,62714673443381
0.1592688,2.0082238,9.291478,62714683161446
0.24189697,1.956731,9.340576,62714692910362
0.27422974,1.9890637,9.456735,62714702628427
0.2335144,1.9124231,9.336984,62714712377343
0.16405883,1.8561401,9.371712,62714722095408
0.16645385,1.8633252,9.400452,62714731844324
0.15208374,1.8309925,9.369316,62714741562389
0.1963916,1.9962487,9.352551,62714751311305
0.18681152,1.9363732,9.20406,62714761029370
0.26225463,1.8884729,9.220825,62714770778286
0.16645385,1.956731,9.3453665,62714780496351
0.24069947,1.848955,9.398057,62714790245267
0.12693603,1.8154248,9.395661,62714799963332
0.30177248,1.8657203,9.433982,62714809712248
0.14370117,1.83698,9.442365,62714819430313
0.19279908,1.8453625,9.353748,62714829179229
0.24309449,1.8130298,9.360934,62714838897294
0.22273682,1.8297949,9.295071,62714848646210
0.25027955,1.8968555,9.375304,62714858364275
0.2969824,1.8764977,9.358539,62714868113191
0.30776,1.9279907,9.332193,62714877862107
0.2335144,1.8250049,9.285491,62714887580172
0.34009278,1.8333875,9.286688,62714897329088
0.21076173,1.9435583,9.305848,62714907047153
0.38440064,1.8741028,9.154963,62714916796069
0.38440064,1.8585352,9.251961,62714926514134
0.33889526,1.771117,9.259146,62714936232199
0.30895752,1.8441651,9.322614,62714945981115
0.18800904,1.7914746,9.293873,62714955699180
0.11735596,1.8226099,9.336984,62714965417245
0.14370117,1.9100281,9.283095,62714975166161
0.11376343,1.9100281,9.371712,62714984884226
0.12573853,1.8657203,9.456735,62714994633142
0.10777588,1.8980529,9.453142,62715004351207
0.08981323,1.8549427,9.413624,62715014100123
0.083825685,1.84177,9.339378,62715023818188
0.10298584,1.8681152,9.295071,62715033567104
0.1484912,1.9184107,9.315429,62715043285169
0.17363891,1.8142273,9.333391,62715053034085
0.21195923,1.9172131,9.293873,62715062752150
0.19040406,1.8238074,9.16574,62715072501066
0.22872436,1.8405725,9.269923,62715082219131
0.17483643,1.9112256,9.236393,62715091937196
0.14130615,1.9375708,9.280701,62715101686112
0.16645385,1.8525476,9.260343,62715111404177
0.1580713,1.8537451,9.353748,62715121153093
0.17004639,1.7723144,9.333391,62715130871158
0.31494507,1.7483642,9.323811,62715140589223
0.1580713,1.778302,9.383686,62715150338139
0.16525635,1.8082397,9.311836,62715160056204
0.17483643,1.8705102,9.295071,62715169805120
0.17842895,1.905238,9.313033,62715179523185
0.22273682,1.8549427,9.286688,62715189272101
0.24788453,1.9016455,9.310638,62715198990166
0.23590942,1.8202149,9.44955,62715208739082
0.20118164,1.7914746,9.489067,62715218457147
0.27183473,1.6825012,9.422007,62715228206063
0.16645385,1.8705102,9.475895,62715237924128
0.09580078,1.7914746,9.4507475,62715247642193
0.1963916,1.8717078,9.400452,62715257391109
0.15447876,1.905238,9.364527,62715267140025
0.23830444,1.9267932,9.505833,62715276858090
0.2215393,1.9627185,9.457932,62715286607006
0.27662477,1.8441651,9.341774,62715296325071
-0.3329077,2.5483007,8.8484,62715306073987
-0.10897339,2.4513025,8.793314,62715315792052
0.71730834,1.3579761,9.975256,62715325540968
0.5879773,1.3196558,10.18482,62715335259033
0.2215393,1.6405884,9.782457,62715345007949
-0.0119750975,1.8082397,9.49745,62715354726014
-0.35326537,2.1207898,9.29028,62715364474930
-0.737666,2.7171497,8.832832,62715374192995
-0.0059875487,2.2201831,9.023236,62715383941911
1.155597,1.660946,9.626781,62715393659976
0.7747888,1.4885046,9.650731,62715403408892
0.010777588,1.4825171,9.623188,62715413157808
-0.20716919,1.6753162,9.484278,62715422875873
0.0981958,1.7184265,9.26154,62715432593938
