-0.9627979,0.47301635,9.388476,4.2291138E13
-0.83945435,0.33171022,9.396859,4.2291142E13
-0.73407346,0.21076173,9.477093,4.2291146E13
-0.70653075,0.16765137,9.436377,4.2291155E13
-0.6167175,0.064665526,9.606423,4.2291159E13
-0.7256909,0.008382568,9.572893,4.2291163E13
-0.7735913,0.08023316,9.533375,4.2291167E13
-0.71850586,0.19279908,9.466314,4.2291171E13
-0.6969507,0.22992188,9.459129,4.2291176E13
-0.7101233,0.3556604,9.3872795,4.2291184E13
-0.6442602,0.33769774,9.3453665,4.2291188E13
-0.5771997,0.2814148,9.344169,4.2291192E13
-0.55803955,0.28620484,9.425599,4.2291197E13
-0.5065466,0.2562671,9.390872,4.2291201E13
-0.549657,0.15447876,9.350156,4.2291205E13
-0.5233118,0.24429199,9.358539,4.2291213E13
-0.4658313,0.18920654,9.43518,4.2291218E13
-0.52570677,0.22752686,9.486672,4.2291222E13
-0.5292993,0.17603393,9.4507475,4.2291226E13
-0.53049684,0.20237915,9.48308,4.229123E13
-0.49576905,0.17723145,9.47829,4.2291234E13
-0.5292993,0.14489868,9.412427,4.2291243E13
-0.48618898,0.11855347,9.486672,4.2291247E13
-0.45625123,0.1592688,9.613608,4.2291251E13
-0.43110353,0.18561402,9.51182,4.2291255E13
-0.39877075,0.16286133,9.546548,4.229126E13
-0.46104127,0.23590942,9.474697,4.2291264E13
-0.45984375,0.0981958,9.522597,4.2291272E13
-0.45744872,0.05748047,9.532178,4.2291276E13
-0.40116578,0.020357667,9.576486,4.229128E13
-0.4921765,-0.04430786,9.608818,4.2291285E13
-0.47660887,-0.05029541,9.568103,4.2291289E13
-0.55324954,-0.023950195,9.594448,4.2291293E13
-0.45265868,0.05508545,9.517808,4.2291301E13
-0.54247195,0.027542725,9.569301,4.2291306E13
-0.5029541,0.17004639,9.527388,4.229131E13
-0.5903723,0.1963916,9.533375,4.2291314E13
-0.5005591,0.17842895,9.484278,4.2291318E13
-0.47660887,0.10538086,9.393267,4.2291322E13
-0.44786865,0.065863036,9.414822,4.2291331E13
-0.48738647,0.05508545,9.424402,4.2291335E13
-0.43349853,0.14968872,9.509425,4.2291339E13
-0.4538562,0.034727782,9.461525,4.2291343E13
-0.4646338,0.10657837,9.484278,4.2291348E13
-0.50774413,0.09101074,9.495055,4.2291352E13
-0.45984375,0.07664063,9.423204,4.2291356E13
-0.37362304,0.13292359,9.445957,4.2291364E13
-0.5281018,0.18681152,9.484278,4.2291369E13
-0.40835083,0.13651611,9.519005,4.2291373E13
-0.4406836,0.08023316,9.376501,4.2291377E13
-0.35326537,0.122145995,9.509425,4.2291381E13
-0.45505372,0.11735596,9.528585,4.2291385E13
-0.38919067,0.028740235,9.566906,4.2291394E13
-0.45984375,0.05987549,9.457932,4.2291398E13
-0.4790039,0.039517824,9.548943,4.2291402E13
-0.368833,0.10657837,9.493857,4.2291406E13
-0.38919067,0.13412109,9.498648,4.2291411E13
-0.43349853,0.10538086,9.533375,4.2291415E13
-0.40595582,0.17244141,9.395661,4.2291423E13
-0.41074586,0.12573853,9.412427,4.2291427E13
-0.48618898,0.0023950196,9.542955,4.2291431E13
-0.41673338,0.15088624,9.605226,4.2291436E13
-0.4682263,0.029937744,9.59325,4.229144E13
-0.39877075,0.09340576,9.627978,4.2291444E13
-0.3903882,0.09460327,9.541758,4.2291452E13
-0.52450925,0.17124389,9.581276,4.2291457E13
-0.48139894,0.10059082,9.455537,4.2291461E13
-0.47660887,0.10657837,9.542955,4.2291465E13
-0.5233118,0.07664063,9.513018,4.2291469E13
-0.45505372,0.09699829,9.639954,4.2291473E13
-0.4754114,0.07903565,9.589658,4.2291482E13
-0.49457154,0.04550537,9.617201,4.2291486E13
-0.5065466,0.15447876,9.547746,4.229149E13
-0.5269043,0.17842895,9.5214,4.2291494E13
-0.5448669,0.031135254,9.475895,4.2291499E13
-0.41194335,0.13052857,9.45434,4.2291503E13
-0.4646338,0.10777588,9.479487,4.2291511E13
-0.5269043,0.05388794,9.553733,4.2291515E13
-0.5448669,0.14370117,9.417217,4.229152E13
-0.43349853,0.085023195,9.524993,4.2291524E13
-0.47181883,0.14130615,9.505833,4.2291528E13
-0.5029541,0.20716919,9.491463,4.2291532E13
-0.53289187,0.17842895,9.54535,4.2291541E13
-0.549657,0.17723145,9.51182,4.2291545E13
-0.6119275,0.14250366,9.53098,4.2291549E13
-0.5831873,0.120948486,9.584868,4.2291553E13
-0.5281018,0.1353186,9.565708,4.2291557E13
-0.48858398,0.038320314,9.671089,4.2291561E13
-0.5999524,0.17004639,9.601633,4.229157E13
-0.5508545,0.081430666,9.5214,4.2291574E13
-0.5041516,0.014370117,9.568103,4.2291578E13
-0.6514453,0.19758911,9.554931,4.2291582E13
-0.65264285,0.12933105,9.557325,4.2291587E13
-0.64186525,0.1963916,9.437574,4.2291591E13
-0.5652246,0.27422974,9.336984,4.2291599E13
-0.6047424,0.2802173,9.480685,4.2291603E13
-0.6274951,0.31374756,9.344169,4.2291608E13
-0.556842,0.29219237,9.298663,4.2291612E13
-0.58558226,0.17962646,9.381291,4.2291616E13
-0.6059399,0.20477417,9.469907,4.229162E13
-0.56881714,0.13412109,9.432784,4.2291629E13
-0.6646179,0.08981323,9.504635,4.2291633E13
-0.6286926,0.09220825,9.513018,4.2291637E13
-0.54606444,0.05388794,9.5214,4.2291641E13
-0.6622229,0.14968872,9.533375,4.2291645E13
-0.65264285,0.14130615,9.4507475,4.229165E13
-0.63108766,0.18681152,9.46871,4.2291658E13
-0.64665526,0.25387207,9.433982,4.2291662E13
-0.63108766,0.28979737,9.365724,4.2291666E13
-0.80592406,0.16765137,9.455537,4.2291671E13
-0.80472654,0.2323169,9.467512,4.2291675E13
-0.7592212,0.14609618,9.425599,4.2291679E13
-0.7244934,0.15208374,9.411229,4.2291687E13
-0.7268884,0.19279908,9.412427,4.2291692E13
-0.7089258,0.16525635,9.503437,4.2291696E13
-0.737666,0.27662477,9.411229,4.22917E13
-0.78915894,0.21794678,9.48787,4.2291704E13
-0.7711963,0.25506958,9.456735,4.2291708E13
-0.79514647,0.2574646,9.519005,4.2291717E13
-0.8071216,0.17962646,9.541758,4.2291721E13
-0.81310916,0.17603393,9.584868,4.2291725E13
-0.7927515,0.0981958,9.5214,4.2291729E13
-0.79514647,0.06346802,9.541758,4.2291733E13
-0.77718383,0.14250366,9.552535,4.2291738E13
-0.74125856,0.16525635,9.491463,4.2291746E13
-0.77957886,0.27782226,9.404044,4.229175E13
-0.85382444,0.43349853,9.29028,4.2291754E13
-0.6730005,0.3927832,9.303453,4.2291759E13
-0.7831714,0.43110353,9.14658,4.2291763E13
-0.735271,0.37482056,9.222023,4.2291767E13
-0.66701293,0.37482056,9.273516,4.2291775E13
-0.71251833,0.32093263,9.380094,4.229178E13
-0.6993457,0.25506958,9.334589,4.2291784E13
-0.6538403,0.22273682,9.351354,4.2291788E13
-0.69455564,0.20118164,9.386082,4.2291792E13
-0.7041357,0.21076173,9.374106,4.2291796E13
-0.6538403,0.14370117,9.293873,4.2291805E13
-0.6430628,0.1844165,9.405242,4.2291809E13
-0.62390256,0.23710693,9.366921,4.2291813E13
-0.59276736,0.30057496,9.303453,4.2291817E13
-0.60833496,0.20477417,9.323811,4.2291822E13
-0.60833496,0.24189697,9.273516,4.2291826E13
-0.5628296,0.20956421,9.323811,4.2291834E13
-0.5616321,0.16645385,9.2818985,4.2291838E13
-0.5388794,0.20237915,9.259146,4.2291843E13
-0.61791503,0.13651611,9.2890835,4.2291847E13
-0.53648436,0.14968872,9.346563,4.2291851E13
-0.53289187,0.124541014,9.29028,4.2291855E13
-0.5376819,0.09220825,9.354946,4.2291863E13
-0.5269043,0.17124389,9.411229,4.2291868E13
-0.5616321,0.122145995,9.390872,4.2291872E13
-0.5556445,0.21914428,9.374106,4.2291876E13
-0.57480466,0.18082398,9.347761,4.229188E13
-0.4897815,0.12813355,9.380094,4.2291884E13
-0.5760022,0.19040406,9.412427,4.2291893E13
-0.51971924,0.14370117,9.362131,4.2291897E13
-0.5831873,0.21674927,9.362131,4.2291901E13
-0.58558226,0.22752686,9.424402,4.2291905E13
-0.56881714,0.18800904,9.465117,4.229191E13
-0.55803955,0.2215393,9.451944,4.2291914E13
-0.51013917,0.17363891,9.380094,4.2291922E13
-0.72928345,0.19758911,9.443562,4.2291926E13
-0.5640271,0.18681152,9.3944645,4.2291931E13
-0.5412744,0.1472937,9.395661,4.2291935E13
-0.60713744,0.23111938,9.49745,4.2291939E13
-0.54247195,0.19279908,9.3872795,4.2291943E13
-0.59276736,0.22513184,9.404044,4.2291952E13
-0.70772827,0.15088624,9.336984,4.2291956E13
-0.70533323,0.19040406,9.438772,4.229196E13
-0.69455564,0.21555176,9.3944645,4.2291964E13
-0.63108766,0.09699829,9.430389,4.2291968E13
-0.58438474,0.17363891,9.467512,4.2291973E13
-0.6514453,0.13052857,9.426797,4.2291981E13
-0.69096315,0.14489868,9.479487,4.2291985E13
-0.6861731,0.17124389,9.534573,4.2291989E13
-0.7041357,0.13891113,9.496252,4.2291994E13
-0.7005432,0.16765137,9.44955,4.2291998E13
-0.74365354,0.20597167,9.490265,4.2292002E13
-0.61552,0.19040406,9.457932,4.229201E13
-0.6706055,0.14010864,9.414822,4.2292014E13
-0.69216067,0.14130615,9.469907,4.2292019E13
-0.63468015,0.07065307,9.48308,4.2292023E13
-0.70772827,0.13412109,9.558523,4.2292027E13
-0.7819739,0.11256592,9.539363,4.2292031E13
-0.70293826,0.08741821,9.589658,4.229204E13
-0.71730834,-0.0059875487,9.602831,4.2292044E13
-0.68377805,-0.019160157,9.581276,4.2292048E13
-0.64545774,0.14609618,9.598041,4.2292052E13
-0.7244934,0.11136841,9.510623,4.2292056E13
-0.7688013,0.19279908,9.508227,4.2292061E13
-0.7580237,0.19399658,9.433982,4.2292069E13
-0.8238867,0.20597167,9.456735,4.2292073E13
-0.6813831,0.2826123,9.457932,4.2292077E13
-0.8250842,0.30057496,9.439969,4.2292082E13
-0.7472461,0.1951941,9.491463,4.2292086E13
-0.7113208,0.21076173,9.3453665,4.229209E13
-0.7220984,0.16166382,9.382489,4.2292098E13
-0.80592406,0.11496094,9.529782,4.2292103E13
-0.68497556,0.09220825,9.504635,4.2292107E13
-0.68976563,0.085023195,9.489067,4.2292111E13
-0.735271,0.0981958,9.522597,4.2292115E13
-0.6861731,0.10298584,9.514215,4.2292119E13
-0.6825806,0.09580078,9.480685,4.2292128E13
-0.6215076,0.12573853,9.462722,4.2292132E13
-0.59755737,0.11256592,9.399254,4.2292136E13
-0.676593,0.17723145,9.44955,4.229214E13
-0.70174074,0.17962646,9.354946,4.2292145E13
-0.68018556,0.17124389,9.328601,4.2292149E13
-0.60713744,0.16645385,9.3453665,4.2292157E13
-0.60833496,0.10657837,9.390872,4.2292161E13
-0.6730005,0.11975098,9.404044,4.2292165E13
-0.61552,0.25267455,9.378897,4.229217E13
-0.6262976,0.20956421,9.445957,4.2292174E13
-0.6143225,0.17962646,9.459129,4.2292178E13
-0.65264285,0.14609618,9.493857,4.2292186E13
-0.54366946,0.1484912,9.439969,4.2292191E13
-0.66940796,0.11256592,9.45434,4.2292195E13
-0.6274951,0.038320314,9.471105,4.2292199E13
-0.54606444,0.07544312,9.441167,4.2292203E13
-0.552052,-0.014370117,9.508227,4.2292207E13
-0.58198977,0.09220825,9.473499,4.2292216E13
-0.6011499,-0.016765136,9.477093,4.229222E13
-0.5867798,-0.05029541,9.459129,4.2292224E13
-0.552052,0.010777588,9.462722,4.2292228E13
-0.64545774,-0.008382568,9.57888,4.2292233E13
-0.7005432,0.025147704,9.551338,4.2292237E13
-0.7424561,0.041912843,9.654324,4.2292245E13
-0.735271,0.0119750975,9.587263,4.2292249E13
-0.7364685,0.010777588,9.669891,4.2292254E13
-0.671803,-0.0071850587,9.538165,4.2292258E13
-0.676593,-0.013172608,9.657916,4.2292262E13
-0.65743285,0.082628176,9.665101,4.2292266E13
-0.6586304,0.05987549,9.703422,4.2292275E13
-0.73407346,0.15208374,9.632769,4.2292279E13
-0.7688013,0.22513184,9.647139,4.2292283E13
-0.732876,0.23471192,9.663904,4.2292287E13
-0.676593,0.29937744,9.580078,4.2292291E13
-0.73048097,0.32572266,9.53577,4.2292295E13
-0.6813831,0.36284545,9.7393465,4.2292304E13
-0.70772827,0.41433838,9.7321615,4.2292308E13
-0.5508545,0.37362304,9.066346,4.2292312E13
-0.2945874,0.1353186,6.0833497,4.2292316E13
0.032332763,1.8214123,5.7660093,4.2292321E13
-0.20237915,2.3459215,5.9348583,4.2292325E13
-0.4754114,1.3939013,5.936056,4.2292333E13
-1.1184741,-0.27542725,7.8317137,4.2292337E13
-1.5124549,-1.6669335,9.524993,4.2292342E13
-1.2945081,-2.9015663,10.255474,4.2292346E13
-0.31255004,-3.373385,10.684182,4.229235E13
0.25506958,-3.070415,11.062595,4.2292354E13
0.27422974,-2.032174,10.917697,4.2292363E13
0.16166382,-1.047821,10.641071,4.2292367E13
-0.41314086,-0.16525635,9.841135,4.2292371E13
-1.53401,0.4658313,9.371712,4.2292375E13
-1.9315833,1.5543677,8.965755,4.2292379E13
-2.2393432,2.0633094,9.109457,4.2292384E13
-2.142345,2.3016138,9.680669,4.2292392E13
-2.015409,2.15432,10.1752405,4.2292396E13
-1.6250207,1.7663269,10.312954,4.22924E13
-1.3220508,1.287323,10.334509,4.2292405E13
-1.0645862,0.7197034,10.286609,4.2292409E13
-1.0574012,0.183219,10.654244,4.2292413E13
-1.0035132,-0.1592688,10.797946,4.2292421E13
-0.81789917,-0.42751098,10.784773,4.2292426E13
-0.6394702,-0.3939807,10.724897,4.229243E13
-0.49696654,-0.23950195,10.579999,4.2292434E13
-0.45026368,0.033530273,10.397977,4.2292438E13
-0.429906,0.16166382,10.081835,4.2292442E13
-0.53648436,0.47301635,9.875863,4.2292451E13
-0.63108766,0.53528684,9.624386,4.2292455E13
-0.6262976,0.53049684,9.553733,4.2292459E13
-0.5292993,0.49696654,9.323811,4.2292463E13
-0.5448669,0.366438,9.226812,4.2292467E13
-0.4514612,0.27422974,9.25675,4.2292472E13
-0.37841308,0.14968872,9.374106,4.229248E13
-0.2838098,0.16765137,9.370514,4.2292484E13
-0.22632934,0.120948486,9.3872795,4.2292488E13
-0.35087037,0.19758911,9.456735,4.2292493E13
-0.366438,0.21076173,9.47829,4.2292497E13
-0.3580554,0.183219,9.408834,4.2292501E13
-0.4538562,0.069455564,9.422007,4.2292509E13
-0.48259643,-0.0011975098,9.441167,4.2292514E13
-0.47660887,-0.13412109,9.399254,4.2292518E13
-0.5173242,-0.15208374,9.474697,4.2292522E13
-0.4430786,-0.13891113,9.517808,4.2292526E13
-0.48618898,-0.13891113,9.453142,4.229253E13
-0.42751098,-0.11256592,9.419612,4.2292539E13
-0.4394861,-0.0071850587,9.365724,4.2292543E13
-0.4670288,0.07783814,9.272318,4.2292547E13
-0.48259643,0.085023195,9.178912,4.2292551E13
-0.4921765,0.1963916,9.315429,4.2292556E13
-0.49696654,0.19160156,9.333391,4.229256E13
-0.53528684,0.11496094,9.422007,4.2292568E13
-0.5281018,0.120948486,9.456735,4.2292572E13
-0.5041516,0.0023950196,9.675879,4.2292577E13
-0.52450925,0.124541014,9.716595,4.2292581E13
-0.07185058,-0.38679564,8.392148,4.2292585E13
0.16166382,0.3436853,5.372029,4.2292589E13
0.12573853,1.9579284,5.8654027,4.2292597E13
-0.10178833,1.8800904,4.9540977,4.2292602E13
-0.5712122,0.30776,5.8246875,4.2292606E13
-1.0574012,-1.3567786,7.7838135,4.229261E13
-1.3448035,-2.8045678,9.198072,4.2292614E13
-1.0382409,-3.681145,9.451944,4.2292618E13
-0.38080812,-3.8835242,10.115365,4.2292627E13
0.032332763,-3.0392797,10.826686,4.2292631E13
-0.1963916,-1.7160316,10.863809,4.2292635E13
-0.55803955,-0.4778064,10.654244,4.2292639E13
-0.97118044,0.43110353,10.177635,4.2292644E13
-1.4621594,1.4525794,10.0698595,4.2292648E13
-2.2046156,2.0633094,10.027946,4.2292656E13
-2.579436,2.5087829,10.036329,4.229266E13
-2.205813,2.501598,10.267448,4.2292665E13
-1.8501526,2.3626869,10.350077,4.2292669E13
-1.5651453,2.347119,10.2458935,4.2292673E13
-1.0777588,1.895658,10.092612,4.2292677E13
-1.0190808,1.2921131,10.193203,4.2292686E13
-1.040636,0.6538403,10.436297,4.229269E13
-1.0717713,0.12693603,10.785971,4.2292694E13
-0.88855225,-0.33769774,10.979967,4.2292698E13
-0.65264285,-0.54247195,11.094928,4.2292702E13
-0.45744872,-0.5676196,10.960807,4.2292707E13
-0.35925293,-0.30177248,10.687775,4.2292715E13
-0.21914428,-0.14250366,10.334509,4.2292719E13
-0.26105714,0.124541014,9.932146,4.2292723E13
-0.2933899,0.42391846,9.588461,4.2292728E13
-0.3329077,0.43110353,9.2747135,4.2292732E13
-0.33171022,0.3796106,9.126222,4.2292736E13
-0.46104127,0.25506958,9.067544,4.2292744E13
-0.19758911,0.067060545,9.211246,4.2292748E13
-0.14130615,-0.061072998,9.129814,4.2292753E13
-0.07544312,-0.038320314,9.096284,4.2292757E13
-0.0047900393,-0.1101709,9.251961,4.2292761E13
0.022752685,-0.032332763,9.198072,4.2292765E13
-0.10059082,-0.07903565,9.302256,4.2292774E13
-0.11496094,0.039517824,9.29028,4.2292778E13
-0.1963916,-0.1484912,9.037606,4.2292782E13
-0.3065625,-0.11615845,9.075927,4.2292786E13
-0.22393432,-0.19758911,9.14658,4.229279E13
-0.22513184,-0.17483643,9.042397,4.2292795E13
-0.19758911,-0.18561402,9.022038,4.2292803E13
-0.21076173,-0.20118164,9.059161,4.2292807E13
-0.20597167,-0.08023316,8.933423,4.2292811E13
-0.22752686,-0.09460327,8.969348,4.2292816E13
-0.25387207,-0.04670288,8.899893,4.229282E13
-0.33410522,0.07664063,8.95378,4.2292824E13
-0.42751098,0.11855347,9.080716,4.2292832E13
-0.50774413,0.069455564,9.164542,4.2292837E13
-0.49816406,0.10298584,9.267529,4.2292841E13
-0.46343628,0.11615845,9.255553,4.2292845E13
-0.46343628,0.21315674,9.377699,4.2292849E13
-0.47181883,0.124541014,9.401649,4.2292853E13
-0.20357665,-0.17842895,6.461763,4.2292862E13
0.3568579,1.3939013,6.043832,4.2292866E13
0.5017566,1.729204,5.742059,4.229287E13
0.027542725,0.73407346,5.2403026,4.2292874E13
-0.49337402,-0.8849597,7.213799,4.2292879E13
-1.0538086,-2.5686584,8.660391,4.2292883E13
-0.9951306,-3.7829332,9.182505,4.2292891E13
-0.5029541,-4.2104445,9.639954,4.2292895E13
-0.0059875487,-3.6188745,10.212363,4.2292899E13
-0.038320314,-2.2776635,10.748848,4.2292904E13
-0.2945874,-0.92687255,10.5692215,4.2292908E13
-0.96399534,0.26225463,10.174043,4.2292912E13
-2.0441492,1.1148816,9.7884445,4.229292E13
-2.875221,2.090852,9.847123,4.2292925E13
-2.7482848,2.630929,10.111773,4.2292929E13
-2.3459215,2.5614734,10.703342,4.2292933E13
-2.1315675,2.1219873,11.322454,4.2292937E13
-1.7004639,1.8597326,11.4206505,4.2292941E13
-1.2011023,1.7363892,10.950029,4.229295E13
-1.0729687,1.4741346,10.5129385,4.2292954E13
-1.0873389,1.0693762,10.615924,4.2292958E13
-1.1879296,0.60354495,10.848241,4.2292962E13
-1.1412268,0.16405883,11.070978,4.2292967E13
-0.9783655,-0.069455564,11.092533,4.2292971E13
-0.80113405,-0.082628176,11.173964,4.2292979E13
-0.5508545,-0.13891113,11.032658,4.2292983E13
-0.3556604,-0.0119750975,10.599159,4.2292988E13
-0.23710693,0.32572266,10.418335,4.2292992E13
-0.34967285,0.52450925,9.987231,4.2292996E13
-0.20357665,0.6047424,9.715397,4.2293E13
-0.32452515,0.64545774,9.436377,4.2293009E13
-0.32811767,0.5161267,9.273516,4.2293013E13
-0.23950195,0.35326537,9.2747135,4.2293017E13
-0.1844165,0.19878662,9.413624,4.2293021E13
-0.13771363,0.086220704,9.377699,4.2293025E13
-0.023950195,0.021555176,9.438772,4.229303E13
-0.031135254,-0.05149292,9.362131,4.2293038E13
0.0,-0.061072998,9.376501,4.2293042E13
-0.039517824,-0.07544312,9.22801,4.2293046E13
-0.064665526,-0.13891113,9.336984,4.229305E13
-0.082628176,-0.17842895,9.298663,4.2293055E13
-0.13891113,-0.28620484,9.319021,4.2293059E13
-0.11136841,-0.3293152,9.236393,4.2293067E13
-0.17723145,-0.40835083,9.268725,4.2293071E13
-0.2323169,-0.39877075,9.339378,4.2293076E13
-0.17483643,-0.47660887,9.250763,4.229308E13
-0.23950195,-0.3939807,9.334589,4.2293084E13
-0.25027955,-0.37841308,9.222023,4.2293088E13
-0.31015503,-0.17244141,9.263935,4.2293097E13
-0.23950195,-0.08023316,9.400452,4.2293101E13
-0.35925293,0.07304809,9.304651,4.2293105E13
-0.40116578,0.20477417,9.3381815,4.2293109E13
-0.043110352,0.08741821,8.28557,4.2293113E13
0.2215393,0.49457154,5.157675,4.2293118E13
0.18202148,1.8920654,5.821095,4.2293126E13
0.1592688,1.83698,5.276228,4.229313E13
-0.11376343,0.24668701,5.874983,4.2293134E13
-0.676593,-1.4178516,7.653285,4.2293139E13
-0.8957373,-2.8009753,8.605305,4.2293143E13
-0.8322693,-3.7649708,9.026829,4.2293147E13
-0.124541014,-4.0044727,9.541758,4.2293155E13
0.20836669,-3.2308815,9.966874,4.229316E13
0.07185058,-1.9842737,10.110575,4.2293164E13
-0.31015503,-0.8202942,9.75731,4.2293168E13
-0.7711963,0.08981323,9.375304,4.2293172E13
-1.2957056,1.0322534,9.49266,4.2293176E13
-1.8693128,1.6968713,9.770482,4.2293185E13
-2.6225464,1.9351758,9.975256,4.2293189E13
-2.6560767,2.123185,10.394384,4.2293193E13
-2.1770728,1.9782861,10.847043,4.2293197E13
-1.6465759,1.7771045,11.001522,4.2293201E13
-1.165177,1.778302,10.867401,4.2293206E13
-0.90531737,1.8573376,10.510543,4.2293214E13
-0.8107141,1.648971,10.145303,4.2293218E13
-0.9460327,1.3280383,10.256671,4.2293222E13
-1.169967,0.8214917,10.485395,4.2293227E13
-1.1508069,0.3221301,10.917697,4.2293231E13
-1.0550061,-0.032332763,11.087743,4.2293235E13
-0.8741821,-0.2586621,11.148816,4.2293243E13
-0.6095325,-0.3185376,11.067386,4.2293248E13
-0.48499146,-0.14489868,10.775193,4.2293252E13
-0.34009278,0.033530273,10.44468,4.2293256E13
-0.40116578,0.34847534,10.075848,4.229326E13
-0.37242553,0.32332763,9.686657,4.2293264E13
-0.35925293,0.48858398,9.453142,4.2293273E13
-0.5053491,0.48139894,9.241183,4.2293277E13
-0.44667113,0.3939807,9.26154,4.2293281E13
-0.47421387,0.23471192,9.224418,4.2293285E13
-0.46223876,0.24548951,9.211246,4.229329E13
-0.20956421,0.1101709,9.136999,4.2293294E13
-0.22752686,0.021555176,9.224418,4.2293302E13
-0.20118164,-0.0071850587,9.177715,4.2293306E13
-0.14370117,-0.065863036,9.156159,4.2293311E13
-0.15567628,-0.17842895,9.177715,4.2293315E13
-0.19160156,-0.14370117,9.239985,4.2293319E13
-0.2215393,-0.28620484,9.313033,4.2293323E13
-0.22752686,-0.368833,9.193282,4.2293331E13
-0.36284545,-0.432301,9.265133,4.2293336E13
-0.3329077,-0.47421387,9.311836,4.229334E13
-0.24548951,-0.40954834,9.328601,4.2293344E13
-0.3329077,-0.37122804,9.335786,4.2293348E13
-0.28859985,-0.24309449,9.328601,4.2293352E13
-0.38320312,-0.15328126,9.364527,4.2293361E13
-0.53528684,0.022752685,9.311836,4.2293365E13
-0.5412744,0.21076173,9.265133,4.2293369E13
-0.58438474,0.27542725,9.193282,4.2293373E13
-0.5736072,0.39637575,9.1693325,4.2293378E13
-0.34248778,0.22872436,8.537047,4.2293382E13
-0.21674927,0.40835083,5.628296,4.229339E13
-0.13651611,1.8561401,6.1623855,4.2293394E13
-0.21195923,1.9459534,5.909711,4.2293399E13
-0.5281018,0.7879614,6.3683567,4.2293403E13
-1.0933264,-0.5712122,8.419691,4.2293407E13
-1.2525952,-1.7208215,9.174122,4.2293411E13
-0.9807605,-2.6021888,9.430389,4.229342E13
-0.42152345,-2.7949877,9.82916,4.2293424E13
0.068258055,-2.1878502,10.243499,4.2293428E13
-0.0047900393,-1.22625,10.172846,4.2293432E13
-0.30296996,-0.59276736,9.88185,4.2293436E13
-0.6586304,-0.016765136,9.635163,4.2293441E13
-0.9304651,0.5053491,9.601633,4.2293449E13
-1.2861255,0.89932984,9.768087,4.2293453E13
-1.5016773,1.1232642,9.981244,4.2293457E13
-1.6405884,1.1256592,10.080637,4.2293462E13
-1.648971,1.0310559,10.397977,4.2293466E13
-1.5232325,1.1005114,10.614727,4.229347E13
-1.2741504,1.155597,10.717712,4.2293478E13
-0.99752563,1.2561878,10.636282,4.2293482E13
-0.7807764,1.348396,10.414742,4.2293487E13
-0.7544311,1.22146,10.244696,4.2293491E13
-0.83945435,0.93884766,10.324929,4.2293495E13
-0.86100954,0.6251001,10.533296,4.2293499E13
-0.7759863,0.11735596,10.726095,4.2293503E13
-0.70653075,-0.1484912,10.891352,4.2293512E13
-0.5185217,-0.28979737,10.758428,4.2293516E13
-0.42751098,-0.26464966,10.5692215,4.229352E13
-0.32811767,-0.0490979,10.375225,4.2293524E13
-0.26824218,-0.05269043,10.2387085,4.2293529E13
-0.47660887,0.18082398,9.939331,4.2293533E13
-0.44786865,0.25387207,9.524993,4.2293541E13
-0.47301635,0.3305127,9.404044,4.2293545E13
-0.38799316,0.2574646,9.310638,4.229355E13
-0.41912842,0.22513184,9.259146,4.2293554E13
-0.25387207,0.15567628,9.25675,4.2293558E13
-0.2826123,0.11975098,9.323811,4.2293562E13
-0.120948486,-0.0071850587,9.250763,4.2293571E13
-0.1101709,-0.09101074,9.319021,4.2293575E13
-0.17842895,-0.16525635,9.18969,4.2293579E13
-0.18681152,-0.16645385,9.336984,4.2293583E13
-0.19878662,-0.16525635,9.317823,4.2293587E13
-0.30296996,-0.1580713,9.293873,4.2293592E13
-0.31734008,-0.12693603,9.325008,4.22936E13
-0.3544629,-0.1580713,9.24238,4.2293604E13
-0.3556604,-0.18800904,9.277108,4.2293608E13
-0.34847534,-0.13651611,9.254355,4.2293613E13
-0.4406836,-0.081430666,9.243578,4.2293617E13
-0.40835083,-0.033530273,9.131012,4.2293621E13
-0.44427612,0.20716919,9.16095,4.2293629E13
-0.5281018,0.24069947,9.177715,4.2293633E13
-0.49576905,0.30776,9.15137,4.2293638E13
-0.44667113,0.3197351,9.263935,4.2293642E13
-0.45625123,0.3676355,9.19448,4.2293646E13
-0.11975098,-0.25147706,6.030659,4.229365E13
0.11855347,1.1340418,5.1037865,4.2293659E13
0.39996827,2.203418,5.3241286,4.2293663E13
0.5137317,1.6561561,4.3912683,4.2293667E13
-0.09939331,-0.033530273,5.9935365,4.2293671E13
-0.77838135,-1.6549585,7.764653,4.2293675E13
-1.0310559,-3.1686108,8.816067,4.229368E13
-0.6478528,-4.33259,9.18011,4.2293688E13
0.0,-4.4595265,9.871073,4.2293692E13
0.2203418,-3.4284704,10.364447,4.2293696E13
0.11855347,-1.9794836,10.386003,4.2293701E13
-0.26464966,-0.7711963,9.930948,4.2293705E13
-0.9136999,0.21435425,9.674682,4.2293709E13
-1.6980689,1.0597961,9.804012,4.2293717E13
-2.4608827,1.7543519,10.006392,4.2293722E13
-3.446433,1.9208057,10.123748,4.2293726E13
-3.248844,2.1159997,10.667417,4.229373E13
-2.4297473,1.900448,11.370356,4.2293734E13
-1.8118323,1.4932947,12.078083,4.2293738E13
-1.4537768,1.5172448,12.096046,4.2293747E13
-0.9556128,1.712439,11.402688,4.2293751E13
-0.72928345,1.8513501,10.532099,4.2293755E13
-0.84065187,1.8836828,10.221943,4.2293759E13
-1.2597803,1.6022681,10.3512745,4.2293764E13
-1.3939013,1.0178833,10.627899,4.2293768E13
-1.3088782,0.4071533,10.878179,4.2293776E13
-0.97716796,-0.07185058,11.260184,4.229378E13
-0.85502195,-0.4394861,11.316467,4.2293784E13
-0.48259643,-0.5640271,11.167976,4.2293789E13
-0.36404297,-0.47421387,10.978769,4.2293793E13
-0.11496094,-0.22992188,10.535691,4.2293797E13
-0.17363891,0.10178833,10.047107,4.2293805E13
-0.13172607,0.40954834,9.563313,4.229381E13
-0.2969824,0.5340893,9.201665,4.2293814E13
-0.45744872,0.49337402,9.016051,4.2293818E13
-0.3568579,0.31734008,8.914263,4.2293822E13
-0.25985962,0.23710693,9.006471,4.2293826E13
-0.15567628,0.083825685,9.057964,4.2293835E13
-0.061072998,-0.031135254,9.041199,4.2293839E13
-0.031135254,-0.19998413,9.067544,4.2293843E13
0.021555176,-0.29817992,9.041199,4.2293847E13
0.038320314,-0.32692015,8.995693,4.2293852E13
0.034727782,-0.37362304,9.148974,4.2293856E13
0.07664063,-0.36164796,9.114246,4.2293864E13
0.020357667,-0.4790039,9.077124,4.2293868E13
-0.009580079,-0.45625123,9.069939,4.2293873E13
0.0071850587,-0.40835083,9.139395,4.2293877E13
0.015567627,-0.37362304,9.078321,4.2293881E13
-0.07185058,-0.38320312,9.207653,4.2293885E13
-0.124541014,-0.3185376,9.126222,4.2293894E13
-0.28500733,-0.18681152,9.229208,4.2293898E13
-0.3580554,-0.039517824,9.315429,4.2293902E13
-0.32572266,0.032332763,9.375304,4.2293906E13
-0.4035608,0.16046631,9.319021,4.229391E13
-0.5771997,0.21435425,9.406439,4.2293915E13
0.0023950196,0.2814148,8.467591,4.2293923E13
-0.20836669,0.6658154,6.079757,4.2293927E13
0.07664063,2.2489233,6.2150755,4.2293931E13
0.12693603,2.3483167,5.3361034,4.2293935E13
-0.3544629,1.2322376,5.6833816,4.229394E13
-0.88855225,-0.22393432,7.5467067,4.2293944E13
-1.289718,-1.6298108,8.6077,4.2293952E13
-1.0945239,-2.8548632,9.114246,4.2293956E13
-0.48499146,-3.4715807,9.501042,4.2293961E13
0.0,-2.9734168,10.158475,4.2293965E13
0.16046631,-1.9998413,10.43031,4.2293969E13
0.0059875487,-1.0178833,10.183623,4.2293973E13
-0.35206786,-0.34967285,9.748927,4.2293982E13
-0.7819739,0.34727782,9.569301,4.2293986E13
-1.3400134,0.8322693,9.812395,4.229399E13
-1.7220191,0.9340576,10.187216,4.2293994E13
-2.4836352,0.66940796,10.517728,4.2293998E13
-2.3315516,0.6993457,10.944042,4.2294003E13
-1.8118323,0.6251001,11.433824,4.2294011E13
-1.1879296,0.71251833,11.555969,4.2294015E13
-0.81550413,0.9963281,11.242222,4.2294019E13
-0.50774413,1.4130615,10.68538,4.2294024E13
-0.5712122,1.6453785,10.1752405,4.2294028E13
-0.77718383,1.5459851,9.866283,4.2294032E13
-1.1005114,1.0657837,10.086625,4.229404E13
-1.104104,0.41433838,10.38241,4.2294045E13
-0.93286014,-0.067060545,10.612331,4.2294049E13
-0.72928345,-0.3927832,10.967992,4.2294053E13
-0.44667113,-0.7316785,10.933264,4.2294057E13
-0.183219,-0.6370752,10.875784,4.2294061E13
-0.0490979,-0.38320312,10.553654,4.229407E13
0.03592529,-0.10059082,10.06028,4.2294074E13
-0.062270507,0.25506958,9.568103,4.2294078E13
-0.10538086,0.48858398,9.27591,4.2294082E13
-0.26464966,0.5783972,9.049582,4.2294086E13
-0.32332763,0.4682263,8.890312,4.2294091E13
-0.25267455,0.35326537,8.8963,4.2294099E13
-0.34009278,0.183219,8.9022875,4.2294103E13
-0.13651611,0.09220825,9.069939,4.2294107E13
-0.086220704,-0.12813355,9.105865,4.2294112E13
-0.13412109,-0.18561402,9.257948,4.2294116E13
-0.05987549,-0.26345214,9.307046,4.229412E13
-0.09939331,-0.21435425,9.311836,4.2294128E13
-0.069455564,-0.38799316,9.307046,4.2294133E13
-0.1580713,-0.28979737,9.407637,4.2294137E13
-0.17363891,-0.34488282,9.416019,4.2294141E13
-0.17244141,-0.3939807,9.3944645,4.2294145E13
-0.38679564,-0.41314086,9.574091,4.2294149E13
-0.305365,-0.25027955,9.467512,4.2294158E13
-0.3329077,-0.14489868,9.389674,4.2294162E13
-0.46343628,0.008382568,9.46392,4.2294166E13
-0.49337402,0.15447876,9.572893,4.229417E13
-0.44667113,0.17723145,9.401649,4.2294175E13
-0.33769774,0.26704466,9.344169,4.2294179E13
-0.5185217,0.34967285,9.425599,4.2294187E13
-0.47660887,0.3544629,9.472302,4.2294191E13
-0.24668701,-0.15208374,7.359895,4.2294196E13
-0.0035925293,0.7113208,5.2163525,4.22942E13
0.31374756,2.0261865,5.386399,4.2294204E13
0.27782226,1.6836988,4.455934,4.2294208E13
-0.19040406,0.09340576,5.1624646,4.2294216E13
-0.89932984,-1.3495935,6.955137,4.2294221E13
-1.1172767,-2.8608508,8.558602,4.2294225E13
-0.7867639,-4.1661363,9.152567,4.2294229E13
-0.14609618,-4.5912523,9.577683,4.2294233E13
0.19758911,-4.0583606,10.144105,4.2294237E13
0.3293152,-3.0033545,10.490186,4.2294246E13
0.05149292,-1.8118323,10.109378,4.229425E13
-0.49457154,-0.6622229,9.529782,4.2294254E13
-1.0238708,0.3676355,9.417217,4.2294258E13
-1.6525635,1.1172767,9.45434,4.2294263E13
-2.2800586,1.4849122,9.542955,4.2294267E13
-3.1865735,1.4992822,9.673484,4.2294275E13
-2.8045678,1.7531543,10.1824255,4.2294279E13
-2.1076171,1.5352075,10.952424,4.2294284E13
-1.6154407,1.3340259,11.298505,4.2294288E13
-1.1891272,1.6765137,11.170371,4.2294292E13
-0.8741821,1.8800904,10.575209,4.2294296E13
-0.9400452,1.8214123,9.995614,4.2294305E13
-1.1687695,1.6118481,10.144105,4.2294309E13
-1.3915063,1.1735595,10.508148,4.2294313E13
-1.4238391,0.59516233,10.655442,4.2294317E13
-1.2645704,0.28859985,10.953622,4.2294321E13
-1.108894,-0.16525635,11.134446,4.2294326E13
-0.8346643,-0.37003052,11.072175,4.2294334E13
-0.6586304,-0.3568579,10.897339,4.2294338E13
-0.49576905,-0.18202148,10.71412,4.2294342E13
-0.4071533,0.17124389,10.317744,4.2294347E13
-0.44786865,0.5221143,9.982441,4.2294351E13
-0.54247195,0.76760375,9.540561,4.2294355E13
-0.6262976,0.8945398,9.265133,4.2294363E13
-0.68976563,0.74604857,9.091495,4.2294367E13
-0.70174074,0.62390256,9.1765175,4.2294372E13
-0.65264285,0.43469605,9.1130495,4.2294376E13
-0.5041516,0.2335144,9.239985,4.229438E13
-0.4514612,0.04550537,9.384884,4.2294384E13
-0.32811767,-0.05748047,9.364527,4.2294393E13
-0.3556604,-0.16645385,9.418414,4.2294397E13
-0.2933899,-0.2706372,9.311836,4.2294401E13
-0.38320312,-0.4514612,9.462722,4.2294405E13
-0.28740233,-0.38679564,9.329799,4.2294409E13
-0.23471192,-0.48139894,9.496252,4.2294414E13
-0.25147706,-0.44906616,9.455537,4.2294422E13
-0.305365,-0.53049684,9.389674,4.2294426E13
-0.24189697,-0.4921765,9.425599,4.229443E13
-0.23590942,-0.48139894,9.433982,4.2294435E13
-0.2969824,-0.39996827,9.437574,4.2294439E13
-0.36164796,-0.46343628,9.489067,4.2294443E13
-0.3161426,-0.36164796,9.553733,4.2294451E13
-0.45265868,-0.20597167,9.473499,4.2294456E13
-0.40595582,-0.12933105,9.469907,4.229446E13
-0.5185217,-0.020357667,9.442365,4.2294464E13
-0.47301635,-0.05269043,9.480685,4.2294468E13
-0.5029541,0.0119750975,9.5070305,4.2294472E13
-0.3185376,-0.47062135,7.8891945,4.2294481E13
0.17004639,0.7879614,5.567223,4.2294485E13
0.015567627,1.8884729,6.1623855,4.2294489E13
0.07185058,1.6645386,5.366041,4.2294493E13
-0.5664221,0.016765136,6.308481,4.2294498E13
-1.1603869,-1.4166541,8.224497,4.2294502E13
-1.2777429,-2.569856,9.472302,4.229451E13
-0.93884766,-3.3662,9.576486,4.2294514E13
-0.21674927,-3.4871485,9.847123,4.2294518E13
0.085023195,-2.77463,10.1896105,4.2294523E13
-0.017962646,-1.6681311,10.290201,4.2294527E13
-0.34488282,-0.60234743,9.946516,4.2294531E13
-0.7232959,0.09460327,9.431587,4.2294539E13
-1.2585827,0.798739,9.504635,4.2294544E13
-1.6453785,1.0801538,9.605226,4.2294548E13
-2.0477417,1.2549902,9.837543,4.2294552E13
-2.2812562,1.2394226,10.158475,4.2294556E13
-2.7614574,1.1891272,10.262659,4.229456E13
-2.3950195,1.275348,10.68059,4.2294569E13
-1.9363732,1.3579761,11.008707,4.2294573E13
-1.5423926,1.348396,11.066188,4.2294577E13
-1.1855347,1.597478,10.912907,4.2294581E13
-1.0382409,1.8226099,10.44468,4.2294586E13
-1.0526111,1.8321899,10.006392,4.229459E13
-1.2573853,1.5172448,9.920171,4.2294598E13
-1.4477893,1.0921289,10.1896105,4.2294602E13
-1.4034815,0.6215076,10.578801,4.2294607E13
-1.2777429,0.23590942,10.76681,4.2294611E13
-0.99872315,-0.04550537,10.953622,4.2294615E13
-0.83825684,-0.16765137,10.827884,4.2294619E13
-0.6586304,-0.20597167,10.619516,4.2294628E13
-0.50774413,-0.015567627,10.465038,4.2294632E13
-0.5999524,0.21914428,9.981244,4.2294636E13
-0.6706055,0.4047583,9.717792,4.229464E13
-0.70533323,0.5173242,9.424402,4.2294644E13
-0.70772827,0.58079225,9.154963,4.2294649E13
-0.77957886,0.48020142,9.166937,4.2294657E13
-0.58079225,0.52570677,9.037606,4.2294661E13
-0.6167175,0.27183473,9.142987,4.2294665E13
-0.60234743,0.083825685,9.075927,4.2294669E13
-0.4754114,0.13052857,9.131012,4.2294674E13
-0.5137317,-0.12693603,9.16574,4.2294678E13
-0.39757323,-0.2586621,9.134604,4.2294686E13
-0.30057496,-0.30776,9.119037,4.229469E13
-0.26225463,-0.35206786,9.18969,4.2294695E13
-0.2586621,-0.4406836,9.166937,4.2294699E13
-0.22393432,-0.4406836,9.187295,4.2294703E13
-0.183219,-0.4179309,9.121432,4.2294707E13
-0.20357665,-0.5292993,9.22801,4.2294716E13
-0.20836669,-0.5640271,9.187295,4.229472E13
-0.15328126,-0.43469605,9.145382,4.2294724E13
-0.27901977,-0.4754114,9.147778,4.2294728E13
-0.20836669,-0.49816406,9.192085,4.2294732E13
-0.23590942,-0.45864624,9.196875,4.2294737E13
-0.33889526,-0.34727782,9.177715,4.2294745E13
-0.2323169,-0.28500733,9.187295,4.2294749E13
-0.3197351,-0.19279908,9.123827,4.2294753E13
-0.15088624,-0.6143225,7.404203,4.2294758E13
0.17244141,0.8909473,5.5301,4.2294762E13
0.009580079,1.783092,6.051017,4.2294766E13
-0.04430786,1.4322217,5.076244,4.2294774E13
-0.6322852,0.23471192,6.2521987,4.2294779E13
-1.0897338,-0.9136999,7.818541,4.2294783E13
-1.0885364,-2.1004322,8.768167,4.2294787E13
-0.83945435,-2.811753,8.893905,4.2294791E13
-0.39517823,-2.9961693,9.127419,4.2294795E13
-0.23950195,-2.7399023,9.7956295,4.2294804E13
-0.37721556,-1.9699036,10.0207615,4.2294808E13
-0.59635985,-1.2142749,9.825567,4.2294812E13
-0.85502195,-0.6646179,9.75252,4.2294816E13
-1.2142749,-0.14250366,9.742939,4.229482E13
-1.7375866,0.023950195,9.865086,4.2294825E13
-1.900448,0.20357665,10.081835,4.2294833E13
-2.0513341,0.10178833,10.390792,4.2294837E13
-1.9220031,0.21315674,10.5620365,4.2294841E13
-1.6765137,0.23590942,10.765613,4.2294846E13
-1.4034815,0.40954834,10.6746025,4.229485E13
-1.1520044,0.87777466,10.445878,4.2294854E13
-0.9939331,1.3711487,10.072254,4.2294862E13
-1.0047107,1.7016613,9.650731,4.2294867E13
-1.0442286,1.84656,9.45434,4.2294871E13
-1.3340259,1.6094531,9.522597,4.2294875E13
-1.4968872,1.233435,9.845925,4.2294879E13
-1.4058765,0.59516233,10.267448,4.2294883E13
-1.2693603,0.07304809,10.45426,4.2294892E13
-1.0262659,-0.19878662,10.671009,4.2294896E13
-0.8262817,-0.34488282,10.832673,4.22949E13
-0.66342044,-0.2838098,10.615924,4.2294904E13
-0.54247195,0.0011975098,10.353669,4.2294909E13
-0.53528684,0.30416748,10.042316,4.2294913E13
-0.70174074,0.554447,9.692644,4.2294921E13
-0.7735913,0.6813831,9.46392,4.2294925E13
-0.8825647,0.7688013,9.335786,4.229493E13
-0.8562195,0.7101233,9.299861,4.2294934E13
-0.87657714,0.671803,9.206455,4.2294938E13
-0.7819739,0.4179309,9.314231,4.2294942E13
-0.674198,0.38440064,9.406439,4.229495E13
-0.71850586,0.25985962,9.453142,4.2294955E13
-0.6813831,0.1484912,9.45434,4.2294959E13
-0.65743285,0.09220825,9.576486,4.2294963E13
-0.68018556,-0.05508545,9.572893,4.2294967E13
-0.6490503,-0.17004639,9.669891,4.2294971E13
-0.7161108,-0.27662477,9.787248,4.229498E13
-0.6502478,-0.38799316,9.81479,4.2294984E13
-0.6873706,-0.40116578,9.902208,4.2294988E13
-0.63587767,-0.40236327,9.866283,4.2294992E13
-0.5400769,-0.4035608,9.842333,4.2294997E13
-0.54366946,-0.3580554,9.880653,4.2295001E13
-0.21674927,-0.5604346,9.305848,4.2295009E13
0.010777588,-0.2933899,6.6988697,4.2295013E13
0.20237915,1.4765296,5.8031325,4.2295018E13
-0.07304809,1.8717078,5.5827904,4.2295022E13
-0.368833,0.9508228,5.0175657,4.2295026E13
-1.1268567,-0.44427612,6.9060388,4.229503E13
-1.6178356,-1.8585352,8.483159,4.2295039E13
-1.4932947,-2.8919861,8.9585705,4.2295043E13
-0.92807007,-3.3662,9.148974,4.2295047E13
-0.31734008,-3.326682,9.395661,4.2295051E13
-0.38679564,-2.6800268,10.065069,4.2295055E13
-0.60354495,-1.8297949,10.158475,4.229506E13
-0.737666,-1.0609937,10.049502,4.2295068E13
-1.0957215,-0.46104127,9.86269,4.2295072E13
-1.4837146,0.11496094,10.032737,4.2295076E13
-1.8920654,0.4921765,10.104588,4.2295081E13
-2.1040246,0.7364685,10.255474,4.2295085E13
-2.2764661,0.89932984,10.438693,4.2295089E13
-2.4812403,0.9675879,10.636282,4.2295097E13
-2.4716601,1.1292517,10.697354,4.2295101E13
-1.7100439,1.3771362,10.990745,4.2295106E13
-1.3783337,1.5304174,11.164384,4.229511E13
-1.1747571,1.7723144,10.945239,4.2295114E13
-1.0298584,2.2585034,10.354867,4.2295118E13
-0.9903406,2.3602917,9.645941,4.2295127E13
-1.2202624,2.1674926,9.544153,4.2295131E13
-1.4406042,1.5878979,9.946516,4.2295135E13
-1.4645544,0.8921448,10.399175,4.2295139E13
-1.3064831,0.21674927,10.735675,4.2295143E13
-1.0897338,-0.3436853,11.06499,4.2295148E13
-0.8634045,-0.7747888,11.191926,4.2295156E13
-0.6334827,-0.8813672,11.097323,4.229516E13
-0.47421387,-0.83346677,11.076965,4.2295164E13
-0.20237915,-0.4430786,10.72849,4.2295169E13
-0.23710693,-0.123343505,10.197993,4.2295173E13
-0.46104127,0.27662477,9.72378,4.2295177E13
-0.64545774,0.4754114,9.273516,4.2295185E13
-0.59755737,0.6262976,8.990903,4.229519E13
-0.59516233,0.5616321,8.783734,4.2295194E13
-0.48618898,0.54366946,8.777746,4.2295198E13
-0.48738647,0.3915857,8.747808,4.2295202E13
-0.32093263,0.20956421,8.893905,4.2295206E13
-0.305365,0.10897339,8.898695,4.2295215E13
-0.19399658,-0.09939331,8.937016,4.2295219E13
-0.2802173,-0.18082398,9.0148535,4.2295223E13
-0.22632934,-0.38799316,9.205257,4.2295227E13
-0.31374756,-0.38080812,9.269923,4.2295232E13
-0.27662477,-0.4430786,9.404044,4.2295236E13
-0.34847534,-0.57959473,9.50224,4.229524E13
-0.3544629,-0.613125,9.538165,4.2295248E13
-0.34608033,-0.6047424,9.679471,4.2295252E13
-0.59276736,-0.48499146,9.892628,4.2295257E13
-0.50894165,-0.25027955,9.929751,4.2295261E13
-0.6550378,-0.0742456,9.874665,4.2295265E13
-0.7879614,0.10178833,9.963282,4.2295269E13
-0.8478369,0.2706372,9.856703,4.2295278E13
-0.8681946,0.52570677,9.832752,4.2295282E13
-0.5185217,0.1472937,7.8891945,4.2295286E13
-0.4071533,0.9580078,6.0318565,4.229529E13
-0.062270507,2.4656725,5.725294,4.2295294E13
-0.068258055,2.4716601,4.7816563,4.2295299E13
-0.5783972,1.2322376,5.0966015,4.2295307E13
-1.2681628,-0.19399658,7.066505,4.2295311E13
-1.5591577,-1.6813037,8.472382,4.2295315E13
-1.2382251,-2.9051588,9.1849,4.229532E13
-0.60354495,-3.6045043,9.568103,4.2295324E13
-0.13292359,-3.422483,10.322535,4.2295328E13
0.18800904,-2.7279272,10.702145,4.2295336E13
0.18681152,-1.6621436,10.591974,4.2295341E13
-0.07065307,-0.7005432,10.186018,4.2295345E13
-0.33650026,0.021555176,9.666299,4.2295349E13
-0.8430469,0.5879773,9.569301,4.2295353E13
-1.1472144,0.9508228,9.581276,4.2295357E13
-1.4058765,1.0837463,9.832752,4.2295366E13
-1.4334192,1.0669812,10.06028,4.229537E13
-1.4897021,1.1256592,10.603949,4.2295374E13
-1.5615528,0.8586145,10.788365,4.2295378E13
-1.3160633,0.87298465,11.025473,4.2295383E13
-0.81550413,0.91489744,11.096126,4.2295387E13
-0.5233118,1.1328442,10.735675,4.2295395E13
-0.31374756,1.6130457,10.097403,4.2295399E13
-0.32811767,1.7591418,9.618399,4.2295403E13
-0.5041516,1.6441809,9.255553,4.2295408E13
-0.65743285,1.3388159,9.473499,4.2295412E13
-0.6586304,0.7855664,9.843531,4.2295416E13
-0.66701293,0.20118164,10.07465,4.2295424E13
-0.52570677,-0.37601808,10.327324,4.2295429E13
-0.42272094,-0.8861572,10.472223,4.2295433E13
-0.20597167,-1.0514135,10.502161,4.2295437E13
-0.029937744,-0.98794556,10.330916,4.2295441E13
-0.0035925293,-0.6825806,10.023157,4.2295445E13
-0.05149292,-0.29578492,9.616003,4.2295454E13
-0.09340576,0.04670288,9.29028,4.2295458E13
-0.17603393,0.35087037,8.970546,4.2295462E13
-0.2945874,0.39996827,8.709489,4.2295466E13
-0.31255004,0.4179309,8.599318,4.2295471E13
-0.33650026,0.432301,8.5154915,4.2295475E13
-0.32692015,0.3305127,8.587342,4.2295483E13
-0.2945874,0.23950195,8.679551,4.2295487E13
-0.18800904,0.09340576,8.787327,4.2295492E13
-0.16525635,0.086220704,8.850795,4.2295496E13
-0.24908203,-0.0119750975,8.966953,4.22955E13
-0.23590942,-0.05269043,8.935818,4.2295504E13
-0.2706372,-0.14968872,8.89151,4.2295513E13
-0.24309449,-0.13292359,9.066346,4.2295517E13
-0.3185376,-0.17244141,9.16095,4.2295521E13
-0.3305127,-0.23830444,9.207653,4.2295525E13
-0.32332763,-0.20716919,9.329799,4.2295529E13
-0.3820056,-0.20118164,9.365724,4.2295534E13
-0.52570677,-0.09699829,9.5070305,4.2295542E13
-0.45505372,-0.120948486,9.553733,4.2295546E13
-0.49097902,-0.07664063,9.48787,4.229555E13
-0.22632934,-0.30296996,7.1096153,4.2295554E13
0.2933899,1.2825329,5.8725877,4.2295559E13
0.18681152,1.9112256,5.740862,4.2295563E13
-0.16405883,1.4932947,5.051096,4.2295571E13
-0.8478369,0.14250366,6.325247,4.2295575E13
-1.4645544,-1.4298266,8.036488,4.229558E13
-1.4956897,-2.5542884,8.866363,4.2295584E13
-1.0849439,-3.3626075,9.393267,4.2295588E13
-0.5281018,-3.5003211,10.002799,4.2295592E13
-0.26464966,-2.8608508,10.638677,4.2295601E13
-0.26464966,-1.8776953,10.753637,4.2295605E13
-0.38679564,-0.7316785,10.4003725,4.2295609E13
-0.7640112,0.16166382,10.160871,4.2295613E13
-1.1819421,0.9400452,10.044712,4.2295617E13
-2.0369642,1.475332,9.827963,4.2295622E13
-2.5542884,1.6441809,9.998009,4.229563E13
-2.2489233,1.7375866,10.12734,4.2295634E13
-1.9064355,1.6154407,10.491383,4.2295638E13
-1.477727,1.6920813,10.570418,4.2295643E13
-0.9915381,1.959126,10.194401,4.2295647E13
-0.7209009,2.1279747,9.727372,4.2295651E13
-0.9412427,2.0489392,9.650731,4.2295659E13
-1.113684,1.6765137,9.817185,4.2295664E13
-1.2525952,1.2633728,10.115365,4.2295668E13
-1.1484119,0.76281375,10.334509,4.2295672E13
-1.0921289,0.31374756,10.642269,4.2295676E13
-0.8634045,-0.04430786,10.886561,4.229568E13
-0.7232959,-0.33650026,11.038645,4.2295689E13
-0.55923706,-0.33530274,10.994337,4.2295693E13
-0.3580554,-0.26225463,10.841056,4.2295697E13
-0.23950195,-0.010777588,10.509346,4.2295701E13
-0.21195923,0.28740233,10.065069,4.2295705E13
-0.27422974,0.4754114,9.825567,4.229571E13
-0.35925293,0.70653075,9.563313,4.2295718E13
-0.38679564,0.68497556,9.369316,4.2295722E13
-0.45625123,0.796344,9.329799,4.2295726E13
-0.40835083,0.7927515,9.20406,4.2295731E13
-0.31494507,0.7819739,9.222023,4.2295735E13
-0.31015503,0.6143225,9.139395,4.2295739E13
-0.25267455,0.4263135,9.313033,4.2295747E13
-0.20956421,0.41314086,9.504635,4.2295752E13
-0.29219237,0.23111938,9.524993,4.2295756E13
-0.23111938,0.0071850587,9.534573,4.229576E13
-0.20597167,-0.09939331,9.552535,4.2295764E13
-0.2814148,-0.15088624,9.763297,4.2295768E13
-0.27901977,-0.25027955,9.733359,4.2295777E13
-0.2838098,-0.24429199,9.727372,4.2295781E13
-0.27662477,-0.27303222,9.745335,4.2295785E13
-0.3412903,-0.11496094,9.692644,4.2295789E13
-0.38679564,0.0,9.53577,4.2295794E13
-0.44667113,0.086220704,9.583671,4.2295798E13
-0.5281018,0.13891113,9.562116,4.2295806E13
-0.5508545,0.21435425,9.53098,4.229581E13
-0.44667113,-0.429906,8.0508585,4.2295815E13
0.1963916,0.77957886,5.6175184,4.2295819E13
0.25985962,2.396217,5.677394,4.2295823E13
-0.083825685,2.0082238,4.566105,4.2295827E13
-0.79514647,0.4897815,5.4726195,4.2295835E13
-1.6214283,-1.099314,7.6173596,4.229584E13
-1.7315991,-2.4932153,8.802895,4.2295844E13
-1.1963123,-3.3398547,9.121432,4.2295848E13
-0.5556445,-3.6679723,9.490265,4.2295852E13
-0.14609618,-3.3290772,9.965676,4.2295856E13
-0.21315674,-2.4022045,10.480605,4.2295865E13
-0.44786865,-1.3699511,10.532099,4.2295869E13
-0.6095325,-0.37242553,10.243499,4.2295873E13
-0.9915381,0.5987549,10.096205,4.2295877E13
-1.4573693,1.1256592,10.214758,4.2295882E13
-1.893263,1.5459851,10.219548,4.2295886E13
-2.2453308,1.7663269,10.413545,4.2295894E13
-2.577041,1.660946,10.802735,4.2295898E13
-2.1315675,1.6621436,11.038645,4.2295903E13
-1.6202307,1.6980689,11.142828,4.2295907E13
-1.1759546,1.971101,10.836266,4.2295911E13
-0.82867676,2.4584875,10.254276,4.2295915E13
-0.85023195,2.4608827,9.86748,4.2295924E13
-0.98195803,2.3543043,9.75731,4.2295928E13
-1.2022998,1.8753003,10.085427,4.2295932E13
-1.1903247,1.2166699,10.600356,4.2295936E13
-1.0226734,0.55923706,10.68538,4.229594E13
-0.7532337,-0.122145995,11.006312,4.2295945E13
-0.7113208,-0.53169435,11.122471,4.2295953E13
-0.30416748,-0.8250842,11.070978,4.2295957E13
-0.14130615,-0.84065187,10.917697,4.2295961E13
-0.013172608,-0.49936157,10.523716,4.2295966E13
0.11136841,-0.16046631,10.07465,4.229597E13
0.12573853,0.20597167,9.657916,4.2295974E13
-0.05269043,0.38919067,9.271121,4.2295982E13
-0.13651611,0.5281018,9.075927,4.2295986E13
-0.16405883,0.44547364,8.940608,4.2295991E13
-0.21435425,0.37003052,8.836425,4.2295995E13
-0.1844165,0.32572266,8.863967,4.2295999E13
-0.13891113,0.023950195,8.966953,4.2296003E13
-0.09699829,-0.18681152,9.005274,4.2296012E13
-0.033530273,-0.3197351,9.084309,4.2296016E13
-0.05748047,-0.41194335,9.026829,4.229602E13
0.023950195,-0.48738647,9.066346,4.2296024E13
-0.0011975098,-0.5412744,9.157357,4.2296028E13
0.0071850587,-0.45625123,9.153765,4.2296033E13
-0.062270507,-0.59635985,9.065149,4.2296041E13
-0.05987549,-0.4778064,9.016051,4.2296045E13
-0.065863036,-0.4035608,8.865165,4.2296049E13
-0.07544312,-0.3796106,8.945398,4.2296054E13
-0.05269043,-0.27542725,8.867559,4.2296058E13
-0.18800904,-0.23111938,8.813672,4.2296062E13
-0.14609618,-0.18202148,8.729846,4.229607E13
-0.25387207,-0.008382568,8.959768,4.2296075E13
-0.2814148,0.05388794,9.042397,4.2296079E13
-0.32452515,-0.0119750975,9.093889,4.2296083E13
-0.3939807,0.17842895,9.134604,4.2296087E13
-0.54366946,0.19040406,9.257948,4.2296091E13
-0.6095325,0.21435425,9.473499,4.22961E13
-0.5867798,0.21794678,9.589658,4.2296104E13
-0.41912842,-0.123343505,8.061636,4.2296108E13
-0.1844165,0.5185217,5.7947497,4.2296112E13
-0.183219,2.2309606,6.326444,4.2296117E13
-0.3436853,2.2022204,5.7073317,4.2296121E13
-0.91010743,0.92687255,6.011499,4.2296129E13
-1.5759228,-0.41314086,8.083191,4.2296133E13
-1.7723144,-1.465752,9.325008,4.2296137E13
-1.2909155,-2.0561242,9.673484,4.2296142E13
-0.6059399,-2.2896388,9.619596,4.2296146E13
-0.30177248,-1.9124231,9.912986,4.229615E13
-0.556842,-1.3376184,10.177635,4.2296158E13
-0.8238867,-0.58438474,10.255474,4.2296163E13
-0.9520203,0.21914428,10.06028,4.2296167E13
-1.1891272,0.80113405,9.966874,4.2296171E13
-1.4801221,1.0502161,10.030342,4.2296175E13
-1.6310083,1.2274475,10.05549,4.2296179E13
-1.7399817,1.2945081,10.247091,4.2296188E13
-1.658551,1.3184582,10.530901,4.2296192E13
-1.9136206,1.1939173,10.614727,4.2296196E13
-1.9387683,1.228645,10.855426,4.22962E13
-1.3962964,1.3663586,11.038645,4.2296205E13
-1.2034973,1.4525794,11.043435,4.2296209E13
-0.9029224,1.6441809,10.827884,4.2296217E13
-0.81789917,1.8309925,10.388397,4.2296221E13
-0.6885681,1.8214123,9.904603,4.2296226E13
-0.857417,1.5399976,9.971663,4.229623E13
-0.9136999,1.0765613,10.186018,4.2296234E13
-0.8825647,0.68377805,10.427915,4.2296238E13
-0.6706055,0.23950195,10.620714,4.2296247E13
-0.5161267,-0.11136841,10.553654,4.2296251E13
-0.34847534,-0.29578492,10.66622,4.2296255E13
-0.21794678,-0.3568579,10.52132,4.2296259E13
-0.11496094,-0.23590942,10.230326,4.2296263E13
-0.11376343,0.082628176,10.035131,4.2296268E13
-0.064665526,0.3305127,9.588461,4.2296276E13
-0.13891113,0.59635985,9.445957,4.229628E13
-0.3412903,0.64186525,9.15137,4.2296284E13
-0.28859985,0.6119275,9.051976,4.2296288E13
-0.2933899,0.49936157,8.9442005,4.2296293E13
-0.305365,0.4047583,8.941806,4.2296297E13
-0.19878662,0.20237915,8.93941,4.2296301E13
-0.0981958,0.038320314,9.059161,4.2296309E13
-0.10897339,-0.05029541,9.119037,4.2296314E13
-0.18681152,-0.13651611,9.129814,4.2296318E13
-0.124541014,-0.19998413,9.126222,4.2296322E13
-0.10298584,-0.26824218,9.198072,4.2296326E13
-0.22513184,-0.36284545,9.321416,4.229633E13
-0.2574646,-0.33650026,9.348959,4.2296339E13
-0.20357665,-0.22513184,9.462722,4.2296343E13
-0.11136841,-0.16405883,9.544153,4.2296347E13
-0.3329077,-0.033530273,9.519005,4.2296351E13
0.069455564,-0.034727782,8.87714,4.2296356E13
0.15687378,0.039517824,6.7623377,4.229636E13
0.17483643,1.4920971,5.846243,4.2296368E13
0.05388794,1.785487,5.3432884,4.2296372E13
-0.25985962,0.8945398,5.2091675,4.2296377E13
-0.9448352,-0.48618898,6.6078587,4.2296381E13
-1.2621753,-1.785487,8.377778,4.2296385E13
-1.0729687,-2.7087672,8.787327,4.2296389E13
-0.59755737,-3.1003528,8.87235,4.2296398E13
-0.34967285,-2.7758276,9.17532,4.2296402E13
-0.30776,-2.0453467,9.542955,4.2296406E13
-0.4778064,-0.98794556,9.534573,4.229641E13
-0.81310916,-0.11256592,9.456735,4.2296414E13
-1.2130774,0.6981482,9.392069,4.2296419E13
-1.5711328,1.2430152,9.52619,4.2296427E13
-1.8429675,1.3543836,9.958491,4.2296431E13
-2.022594,1.4166541,10.259067,4.2296435E13
-2.027384,1.2561878,10.71891,4.2296439E13
-2.0633094,1.0933264,11.25779,4.2296444E13
-2.1603076,0.91609496,11.564352,4.2296448E13
-1.597478,0.90531737,11.728411,4.2296456E13
-1.1496093,1.0526111,11.829001,4.229646E13
-0.94962525,1.4908997,11.383528,4.2296465E13
-0.6262976,2.1064196,10.717712,4.2296469E13
-0.6969507,2.5578809,10.099797,4.2296473E13
-0.9472302,2.5087829,9.81479,4.2296477E13
-1.0442286,2.0645068,9.940529,4.2296486E13
-0.97716796,1.3819263,10.305769,4.229649E13
-0.8921448,0.59635985,10.615924,4.2296494E13
-0.6430628,0.08861572,10.842254,4.2296498E13
-0.45984375,-0.429906,11.051818,4.2296502E13
-0.26704466,-0.5185217,10.934462,4.2296507E13
-0.07065307,-0.39517823,10.572814,4.2296515E13
0.05388794,-0.0035925293,10.257869,4.2296519E13
0.10897339,0.32452515,9.869876,4.2296523E13
0.021555176,0.5987549,9.473499,4.2296528E13
-0.10777588,0.75682616,9.268725,4.2296532E13
-0.25985962,0.77718383,9.171727,4.2296536E13
-0.25147706,0.8083191,9.198072,4.2296544E13
-0.19040406,0.65264285,9.198072,4.2296549E13
-0.20357665,0.48020142,9.365724,4.2296553E13
-0.067060545,0.21555176,9.481882,4.2296557E13
-0.14968872,0.0071850587,9.510623,4.2296561E13
-0.09580078,-0.14370117,9.571695,4.2296565E13
-0.08023316,-0.14010864,9.51182,4.2296574E13
-0.19040406,-0.039517824,9.584868,4.2296578E13
-0.023950195,0.0047900393,9.533375,4.2296582E13
-0.16046631,0.16765137,9.475895,4.2296586E13
-0.067060545,0.20956421,9.404044,4.229659E13
-0.020357667,0.25027955,9.432784,4.2296595E13
0.014370117,0.29219237,9.376501,4.2296603E13
-0.10298584,0.368833,9.340576,4.2296607E13
-0.12693603,0.3221301,9.339378,4.2296611E13
-0.08981323,0.35087037,9.283095,4.2296616E13
-0.13172607,0.37003052,9.292676,4.229662E13
-0.1963916,0.41433838,9.342971,4.2296624E13
-0.123343505,0.3820056,8.995693,4.2296632E13
0.12933105,-0.05388794,6.577921,4.2296637E13
0.432301,1.4477893,5.1229467,4.2296641E13
0.38440064,1.8321899,5.0630713,4.2296645E13
0.11615845,1.0226734,4.8570995,4.2296649E13
-0.62989014,-0.3927832,6.692882,4.2296653E13
-1.1064991,-1.9196081,8.2712,4.2296662E13
-0.98674804,-3.150648,8.990903,4.2296666E13
-0.5640271,-3.666775,9.396859,4.229667E13
-0.05508545,-3.5446289,9.736952,4.2296674E13
0.041912843,-2.5590785,10.063872,4.2296679E13
-0.1353186,-1.4789245,10.109378,4.2296683E13
-0.4155359,-0.31015503,9.81958,4.2296691E13
-0.77957886,0.60234743,9.595646,4.2296695E13
-1.1232642,1.3699511,9.580078,4.22967E13
-1.7495618,1.8202149,9.675879,4.2296704E13
-2.4764502,1.7866845,9.970467,4.2296708E13
-2.6812243,1.5172448,10.247091,4.2296712E13
-2.1064196,1.2609777,10.764416,4.229672E13
-1.5783179,1.101709,11.327245,4.2296725E13
-1.0933264,1.3627661,11.285332,4.2296729E13
-0.7041357,1.7651294,10.797946,4.2296733E13
-0.5388794,2.1615052,10.047107,4.2296737E13
-0.6825806,2.262096,9.696237,4.2296741E13
-1.0813513,2.081272,9.691446,4.229675E13
-1.1843371,1.531615,10.011182,4.2296754E13
-1.0693762,0.9735754,10.273437,4.2296758E13
-1.033451,0.33171022,10.564431,4.2296762E13
-0.7723938,-0.0490979,10.827884,4.2296767E13
-0.5053491,-0.3544629,10.905722,4.2296771E13
-0.28979737,-0.2694397,10.788365,4.2296779E13
-0.10538086,-0.040715333,10.529703,4.2296783E13
-0.14609618,0.3796106,10.120155,4.2296788E13
-0.16765137,0.75203615,9.728569,4.2296792E13
-0.30895752,0.8681946,9.408834,4.2296796E13
-0.4035608,0.9556128,9.1765175,4.22968E13
-0.49576905,0.93765014,9.029223,4.2296809E13
-0.47301635,0.7723938,9.074729,4.2296813E13
-0.28979737,0.69455564,9.216035,4.2296817E13
-0.1963916,0.48858398,9.217233,4.2296821E13
-0.1353186,0.34608033,9.214838,4.2296825E13
0.04670288,0.3197351,9.302256,4.229683E13
-0.020357667,0.1963916,9.395661,4.2296838E13
0.06346802,0.0981958,9.422007,4.2296842E13
-0.0023950196,-0.009580079,9.408834,4.2296846E13
0.05149292,-0.008382568,9.504635,4.2296851E13
0.013172608,0.0,9.431587,4.2296855E13
0.124541014,-0.04430786,9.293873,4.2296859E13
0.0371228,-0.0119750975,9.311836,4.2296867E13
0.0371228,0.061072998,9.344169,4.2296871E13
-0.03592529,0.05029541,9.285491,4.2296876E13
-0.031135254,0.14130615,9.245973,4.229688E13
-0.022752685,0.12813355,9.295071,4.2296884E13
-0.10657837,0.11975098,9.29028,4.2296888E13
-0.15687378,0.19878662,9.212442,4.2296897E13
-0.13651611,0.05748047,9.230405,4.2296901E13
-0.14010864,0.11136841,9.277108,4.2296905E13
-0.027542725,0.104183346,9.3381815,4.2296909E13
-0.11496094,0.10538086,9.407637,4.2296913E13
0.43828857,-0.19160156,8.30473,4.2296918E13
0.41074586,0.38919067,5.936056,4.2296926E13
0.96399534,1.966311,5.586383,4.229693E13
1.0226734,1.8285974,4.9792457,4.2296934E13
0.45625123,0.30057496,5.031936,4.2296939E13
-0.43589357,-1.4956897,7.176676,4.2296943E13
-0.8214917,-3.0919702,8.57896,4.2296947E13
-0.55324954,-4.2499623,9.328601,4.2296955E13
0.10538086,-4.6104126,9.72378,4.229696E13
0.5508545,-4.1373963,10.305769,4.2296964E13
0.48139894,-2.9925768,10.9632015,4.2296968E13
0.0047900393,-1.5208374,10.872191,4.2296972E13
-0.6813831,-0.29578492,10.397977,4.2296976E13
-2.6153612,0.76640624,9.948911,4.2296985E13
-2.8033705,2.2489233,9.730965,4.2296989E13
-1.9327807,2.9291089,9.697434,4.2296993E13
-1.6381934,2.8692334,10.243499,4.2296997E13
-1.5567627,2.6836195,10.675799,4.2297002E13
-1.2981006,2.870431,10.4638405,4.2297006E13
-0.7831714,2.9195287,9.697434,4.2297014E13
-0.74125856,2.6979895,9.350156,4.2297018E13
-1.0657837,2.193838,9.648336,4.2297022E13
-1.1915222,1.6310083,10.308164,4.2297027E13
-1.1987072,0.97716796,10.771601,4.2297031E13
-1.0837463,0.40835083,11.049422,4.2297035E13
-0.83825684,0.0047900393,11.311677,4.2297043E13
-0.57480466,-0.33650026,11.360775,4.2297048E13
-0.3329077,-0.35087037,11.298505,4.2297052E13
-0.27303222,-0.120948486,11.068583,4.2297056E13
-0.120948486,0.31494507,10.66622,4.229706E13
-0.16884887,0.72808594,10.293794,4.2297064E13
-0.24429199,1.0190808,9.763297,4.2297073E13
-0.49576905,1.2130774,9.580078,4.2297077E13
-0.429906,1.2166699,9.297466,4.2297081E13
-0.45864624,1.1232642,9.121432,4.2297085E13
-0.44786865,0.91250247,9.086704,4.229709E13
-0.29578492,0.6993457,9.286688,4.2297094E13
-0.26584718,0.47062135,9.237591,4.2297102E13
-0.07903565,0.34488282,9.352551,4.2297106E13
-0.04670288,0.28500733,9.442365,4.2297111E13
-0.13771363,0.20118164,9.547746,4.2297115E13
-0.05029541,0.17962646,9.542955,4.2297119E13
-0.07065307,0.09699829,9.513018,4.2297123E13
-0.068258055,0.07304809,9.565708,4.2297132E13
-0.026345216,0.019160157,9.51661,4.2297136E13
-0.062270507,-0.14250366,9.510623,4.229714E13
-0.11975098,-0.09580078,9.48308,4.2297144E13
-0.09699829,-0.09340576,9.366921,4.2297148E13
-0.25267455,-0.025147704,9.388476,4.2297153E13
-0.17363891,0.05029541,9.426797,4.2297161E13
-0.30177248,0.15088624,9.310638,4.2297165E13
-0.26225463,0.27782226,9.268725,4.2297169E13
-0.29817992,0.36404297,9.376501,4.2297173E13
-0.43828857,0.4670288,9.292676,4.2297178E13
-0.4406836,0.40835083,9.410031,4.2297182E13
-0.49097902,0.45026368,9.524993,4.229719E13
-0.45505372,0.37122804,9.554931,4.2297194E13
-0.36284545,-0.554447,7.7203455,4.2297199E13
0.7268884,1.2657678,5.4810023,4.2297203E13
0.61791503,2.1878502,5.5133348,4.2297207E13
0.3065625,1.3747412,4.196074,4.2297211E13
-0.4897815,-0.21674927,5.483397,4.229722E13
-1.2801379,-1.9064355,7.5814342,4.2297224E13
-1.472937,-3.4440382,8.775352,4.2297228E13
-0.9807605,-4.2930727,9.265133,4.2297232E13
-0.26345214,-4.4499464,9.8519125,4.2297236E13
0.10178833,-3.627257,10.734478,4.2297241E13
-0.10178833,-2.3758593,10.9632015,4.2297245E13
-0.5005591,-0.9627979,10.639874,4.2297253E13
-0.91010743,0.53169435,10.340497,4.2297257E13
-1.5639478,1.84177,10.165661,4.2297262E13
-2.1974304,2.6177564,10.099797,4.2297266E13
-2.743495,2.8668385,10.073452,4.229727E13
-2.3674767,2.9099488,10.368039,4.2297274E13
-1.9160156,2.762655,10.500963,4.2297283E13
-1.4561719,2.7051744,10.381212,4.2297287E13
-0.96399534,2.7782226,10.035131,4.2297291E13
-0.87178713,2.4153771,9.775272,4.2297295E13
-0.91010743,1.9279907,10.048305,4.2297299E13
-1.0118958,1.2118798,10.582394,4.2297303E13
-0.9927356,0.61073,10.951227,4.2297312E13
-0.7496411,0.026345216,11.184741,4.2297316E13
-0.732876,-0.3544629,11.448194,4.229732E13
-0.4514612,-0.5065466,11.4625635,4.2297324E13
-0.30895752,-0.5125342,11.424243,4.2297329E13
-0.15088624,-0.21195923,11.08415,4.2297333E13
-0.014370117,0.17962646,10.633886,4.2297341E13
0.05628296,0.5676196,10.158475,4.2297345E13
-0.17363891,0.85382444,9.605226,4.229735E13
-0.20836669,0.9687854,9.222023,4.2297354E13
-0.23590942,0.91130495,9.038804,4.2297358E13
-0.1963916,0.76281375,8.90588,4.2297362E13
-0.1353186,0.50774413,9.013656,4.2297371E13
-0.062270507,0.34608033,9.084309,4.2297375E13
0.025147704,0.09699829,9.235195,4.2297379E13
0.1472937,0.016765136,9.2184305,4.2297383E13
0.17723145,-0.09220825,9.352551,4.2297387E13
0.17004639,-0.13891113,9.466314,4.2297392E13
0.15088624,-0.17363891,9.417217,4.22974E13
0.15687378,-0.09580078,9.3872795,4.2297404E13
0.123343505,-0.24668701,9.426797,4.2297408E13
0.069455564,-0.25027955,9.332193,4.2297413E13
0.10777588,-0.27303222,9.285491,4.2297417E13
0.05987549,-0.2203418,9.280701,4.2297421E13
0.015567627,-0.18681152,9.219627,4.2297429E13
0.0371228,-0.19160156,9.211246,4.2297434E13
-0.014370117,-0.041912843,9.1849,4.2297438E13
-0.08861572,-0.015567627,9.187295,4.2297442E13
-0.07664063,0.10178833,9.183702,4.2297446E13
-0.14250366,0.085023195,9.205257,4.229745E13
-0.1951941,0.24429199,9.253158,4.2297459E13
-0.21315674,0.20597167,9.166937,4.2297463E13
-0.23590942,0.26704466,9.1765175,4.2297467E13
-0.17244141,0.2945874,9.253158,4.2297471E13
-0.28500733,0.23590942,9.271121,4.2297475E13
-0.43709105,0.2215393,9.316626,4.229748E13
-0.19279908,-0.5125342,7.205416,4.2297488E13
0.34847534,1.1220666,5.5133348,4.2297492E13
0.42152345,1.8812878,5.6366787,4.2297496E13
0.083825685,1.0118958,4.798422,4.2297501E13
-0.6322852,-0.49097902,6.302494,4.2297505E13
-1.1376343,-1.8872753,8.081993,4.2297509E13
-1.2418176,-3.0895753,9.14658,4.2297517E13
-0.73048097,-3.8332288,9.398057,4.2297522E13
-0.17244141,-3.747008,9.996812,4.2297526E13
0.0023950196,-2.8859985,10.3512745,4.229753E13
-0.062270507,-1.7974621,10.754835,4.2297534E13
-0.3305127,-0.5712122,10.572814,4.2297538E13
-0.8957373,0.48259643,10.259067,4.2297547E13
-1.3579761,1.3663586,10.11776,4.2297551E13
-1.8764977,2.0381615,10.036329,4.2297555E13
-2.5962012,2.2704785,9.832752,4.2297559E13
-2.459685,2.5267456,9.81479,4.2297564E13
-2.0692968,2.46208,10.229129,4.2297568E13
-1.8381774,2.44771,10.326127,4.2297576E13
-1.3903089,2.5734484,10.359657,4.229758E13
-1.0190808,2.4680676,10.095007,4.2297585E13
-1.0514135,2.1124072,10.008786,4.2297589E13
-1.1304492,1.6334033,10.453063,4.2297593E13
-1.0777588,1.1400293,10.775193,4.2297597E13
-1.0909314,0.5640271,10.9703865,4.2297605E13
-0.979563,0.20477417,11.231444,4.229761E13
-0.5712122,0.0,11.269764,4.2297614E13
-0.46223876,-0.09220825,11.126063,4.2297618E13
-0.4071533,0.014370117,10.933264,4.2297622E13
-0.19998413,0.305365,10.630294,4.2297626E13
-0.15687378,0.6251001,10.140512,4.2297635E13
-0.23950195,0.8310718,9.778865,4.2297639E13
-0.21435425,0.852627,9.475895,4.2297643E13
-0.1951941,0.796344,9.233997,4.2297647E13
-0.15567628,0.7544311,9.164542,4.2297652E13
-0.17603393,0.6334827,9.16574,4.2297656E13
0.0,0.35087037,9.262738,4.2297664E13
0.122145995,0.22273682,9.332193,4.2297668E13
0.11376343,0.041912843,9.474697,4.2297673E13
0.26464966,-0.10657837,9.489067,4.2297677E13
0.16166382,-0.17842895,9.490265,4.2297681E13
0.10777588,-0.21435425,9.432784,4.2297685E13
0.2335144,-0.19160156,9.50224,4.2297694E13
0.29219237,-0.27662477,9.412427,4.2297698E13
0.21076173,-0.31494507,9.401649,4.2297702E13
0.22273682,-0.25985962,9.311836,4.2297706E13
0.29578492,-0.34248778,9.1849,4.229771E13
0.305365,-0.32811767,9.135802,4.2297715E13
0.22992188,-0.20716919,9.089099,4.2297723E13
0.22632934,-0.18082398,9.030421,4.2297727E13
0.22632934,-0.10298584,9.061557,4.2297731E13
0.104183346,-0.10298584,8.990903,4.2297736E13
0.05628296,-0.07065307,9.037606,4.229774E13
-0.008382568,-0.067060545,8.9442005,4.2297744E13
-0.015567627,0.008382568,9.144184,4.2297752E13
0.45265868,0.022752685,8.0017605,4.2297756E13
0.05748047,-0.21674927,5.5432725,4.2297761E13
0.55803955,1.5028747,5.166057,4.2297765E13
0.64186525,1.7663269,4.740941,4.2297769E13
0.14370117,0.81670165,4.575685,4.2297773E13
-0.6753955,-0.676593,6.7431774,4.2297782E13
-1.0538086,-2.410587,8.465197,4.2297786E13
-1.0310559,-3.8356237,9.678274,4.229779E13
-0.62031007,-4.487069,10.47342,4.2297794E13
-0.009580079,-4.2439747,10.982362,4.2297798E13
0.20118164,-3.1362782,11.485316,4.2297803E13
0.12693603,-1.783092,11.30569,4.2297811E13
-0.34967285,-0.30296996,10.865006,4.2297815E13
-0.85382444,1.0154883,10.615924,4.2297819E13
-1.5902929,2.098037,10.271041,4.2297824E13
-1.9842737,2.45729,10.15129,4.2297828E13
-2.1686902,2.654879,9.884246,4.2297832E13
-2.0645068,2.6644592,9.7956295,4.229784E13
-1.6801062,2.74589,9.744137,4.2297845E13
-1.2166699,2.8512707,9.589658,4.2297849E13
-0.99872315,2.5614734,9.729767,4.2297853E13
-0.9735754,2.1255798,9.935739,4.2297857E13
-0.8789722,1.5627502,10.41594,4.2297861E13
-0.8909473,0.8705896,10.861414,4.229787E13
-0.7424561,0.30416748,11.068583,4.2297874E13
-0.84424436,-0.1592688,11.3488,4.2297878E13
-0.6586304,-0.42272094,11.400293,4.2297882E13
-0.5233118,-0.41074586,11.336825,4.2297887E13
-0.22752686,-0.16525635,11.025473,4.2297891E13
-0.065863036,0.2945874,10.734478,4.2297899E13
-0.014370117,0.5903723,10.342892,4.2297903E13
-0.19758911,0.88974977,9.775272,4.2297907E13
-0.25267455,1.0298584,9.472302,4.2297912E13
-0.32811767,0.96399534,9.235195,4.2297916E13
-0.29578492,0.9687854,9.090297,4.229792E13
-0.25985962,0.7819739,8.975336,4.2297928E13
-0.1592688,0.5616321,9.128617,4.2297933E13
-0.06346802,0.36164796,9.20885,4.2297937E13
0.05149292,0.15088624,9.278306,4.2297941E13
0.07304809,0.0011975098,9.356144,4.2297945E13
0.027542725,-0.09939331,9.460327,4.2297949E13
-0.031135254,-0.24908203,9.467512,4.2297958E13
0.022752685,-0.25147706,9.558523,4.2297962E13
0.028740235,-0.37003052,9.447155,4.2297966E13
0.05508545,-0.36524048,9.522597,4.229797E13
-0.020357667,-0.37362304,9.52619,4.2297975E13
-0.085023195,-0.29219237,9.357342,4.2297979E13
-0.22273682,-0.19758911,9.2184305,4.2297987E13
-0.09340576,-0.20477417,9.335786,4.2297991E13
-0.1580713,-0.086220704,9.217233,4.2297996E13
-0.21914428,0.033530273,9.20885,4.2298E13
-0.26225463,0.017962646,9.125025,4.2298004E13
-0.32692015,0.0119750975,9.198072,4.2298008E13
-0.34608033,0.05029541,9.131012,4.2298012E13
-0.3221301,0.15328126,9.317823,4.2298021E13
-0.28979737,0.11855347,9.210048,4.2298025E13
-0.29817992,0.18920654,9.265133,4.2298029E13
0.040715333,0.14489868,8.596923,4.2298033E13
-0.07903565,-0.24548951,6.0761647,4.2298038E13
0.16166382,1.6334033,5.2894006,4.2298042E13
0.33769774,1.9794836,5.17444,4.229805E13
-0.09460327,0.737666,4.623585,4.2298054E13
-0.85023195,-0.7268884,6.753955,4.2298058E13
-1.1591895,-2.15432,8.353828,4.2298063E13
-1.1208692,-3.2560291,9.067544,4.2298067E13
-0.62390256,-3.9589672,9.485475,4.2298071E13
-0.16046631,-3.866759,10.207573,4.2298079E13
-0.014370117,-3.0356872,10.759625,4.2298084E13
-0.20956421,-2.0657043,10.653047,4.2298088E13
-0.4754114,-0.9316626,10.358459,4.2298092E13
-0.8322693,0.026345216,10.106982,4.2298096E13
-1.3627661,0.93286014,10.075848,4.22981E13
-1.7411792,1.2981006,10.053095,4.2298109E13
-2.2884412,1.4477893,9.987231,4.2298113E13
-2.2656884,1.5914905,10.20398,4.2298117E13
-1.9112256,1.8130298,10.277029,4.2298121E13
-1.4418018,1.9651135,10.302176,4.2298126E13
-1.1747571,2.3459215,10.209969,4.229813E13
-0.8837622,2.6464965,9.843531,4.2298138E13
-0.9568103,2.450105,9.782457,4.2298142E13
-0.9460327,1.8405725,10.056687,4.2298147E13
-1.0873389,1.167572,10.441088,4.2298151E13
-1.0202783,0.50894165,10.870994,4.2298155E13
-0.8466394,-0.029937744,11.138039,4.2298159E13
-0.60354495,-0.42391846,11.361973,4.2298168E13
-0.3197351,-0.5939648,11.296109,4.2298172E13
-0.028740235,-0.43828857,11.100916,4.2298176E13
0.17004639,-0.15567628,10.74765,4.229818E13
0.10897339,0.19399658,10.435101,4.2298184E13
0.013172608,0.55923706,10.038724,4.2298188E13
-0.043110352,0.71251833,9.614806,4.2298197E13
-0.13891113,0.7484436,9.311836,4.2298201E13
-0.1580713,0.70174074,9.202863,4.2298205E13
-0.020357667,0.53169435,9.214838,4.2298209E13
0.026345216,0.41074586,9.295071,4.2298214E13
0.11615845,0.26464966,9.363329,4.2298218E13
0.05029541,0.065863036,9.495055,4.2298226E13
0.14968872,-0.09699829,9.588461,4.229823E13
0.18202148,-0.10897339,9.600436,4.2298235E13
0.104183346,-0.20836669,9.613608,4.2298239E13
0.14489868,-0.25506958,9.620793,4.2298243E13
-0.064665526,-0.22872436,9.610016,4.2298247E13
0.081430666,-0.20477417,9.588461,4.2298256E13
0.0011975098,-0.2574646,9.48308,4.229826E13
0.029937744,-0.24548951,9.583671,4.2298264E13
0.032332763,-0.30776,9.53098,4.2298268E13
0.015567627,-0.15567628,9.426797,4.2298272E13
-0.14370117,-0.18681152,9.413624,4.2298277E13
-0.06346802,-0.09340576,9.372909,4.2298285E13
-0.1592688,-0.15328126,9.376501,4.2298289E13
-0.19998413,-0.13412109,9.437574,4.2298293E13
-0.29817992,-0.025147704,9.431587,4.2298298E13
-0.28500733,-0.03592529,9.442365,4.2298302E13
-0.2969824,-0.040715333,9.321416,4.2298306E13
-0.0490979,-0.3796106,6.6246243,4.2298314E13
0.24908203,1.4765296,5.6953564,4.2298319E13
0.27542725,1.8992505,5.825885,4.2298323E13
-0.24309449,0.66821045,5.3852015,4.2298327E13
-1.0849439,-0.81670165,7.5910144,4.2298331E13
-1.3723462,-1.9902612,8.87714,4.2298335E13
-1.0442286,-2.7662475,9.392069,4.2298344E13
-0.49337402,-3.05844,9.522597,4.2298348E13
-0.20357665,-2.877616,9.9644785,4.2298352E13
-0.016765136,-2.15911,10.390792,4.2298356E13
-0.21674927,-1.2502002,10.322535,4.229836E13
-0.40236327,-0.26225463,10.078242,4.2298365E13
-0.81550413,0.41194335,9.983639,4.2298373E13
-1.1819421,0.89932984,10.000404,4.2298377E13
-1.7256116,1.0095007,9.923763,4.2298381E13
-2.0249891,1.0214758,10.078242,4.2298386E13
-1.7220191,1.1987072,10.129735,4.229839E13
-1.3280383,1.289718,10.443482,4.2298394E13
-0.9699829,1.5040723,10.380014,4.2298402E13
-0.66342044,1.7615368,9.986034,4.2298407E13
-0.51971924,1.8214123,9.644744,4.2298411E13
-0.62031007,1.6214283,9.584868,4.2298415E13
-0.8741821,1.2466077,9.733359,4.2298419E13
-0.91489744,0.7256909,10.073452,4.2298423E13
-0.74604857,0.21195923,10.4638405,4.2298432E13
-0.6825806,-0.16884887,10.603949,4.2298436E13
-0.4430786,-0.39996827,10.797946,4.229844E13
-0.19878662,-0.4658313,10.783575,4.2298444E13
-0.034727782,-0.32692015,10.499765,4.2298449E13
0.009580079,-0.09699829,10.190808,4.2298453E13
0.021555176,0.26105714,9.942924,4.2298461E13
-0.05748047,0.4514612,9.485475,4.2298465E13
-0.17244141,0.64066774,9.310638,4.229847E13
-0.20597167,0.59755737,9.152567,4.2298474E13
-0.20597167,0.5508545,9.126222,4.2298478E13
-0.20477417,0.32572266,9.142987,4.2298482E13
-0.14010864,0.3197351,9.152567,4.229849E13
-0.085023195,0.14250366,9.285491,4.2298495E13
-0.032332763,-0.014370117,9.248368,4.2298499E13
0.041912843,-0.09101074,9.319021,4.2298503E13
-0.041912843,-0.17363891,9.42081,4.2298507E13
-0.009580079,-0.20477417,9.375304,4.2298511E13
0.03592529,-0.25147706,9.424402,4.229852E13
0.04790039,-0.32811767,9.48308,4.2298524E13
-0.033530273,-0.31015503,9.459129,4.2298528E13
-0.0059875487,-0.38679564,9.496252,4.2298532E13
0.009580079,-0.2969824,9.401649,4.2298537E13
0.0059875487,-0.31374756,9.315429,4.2298541E13
-0.06346802,-0.31374756,9.230405,4.2298549E13
-0.14489868,-0.25027955,9.3309965,4.2298553E13
-0.19399658,-0.15328126,9.20406,4.2298558E13
-0.11975098,-0.14609618,9.291478,4.2298562E13
-0.13651611,-0.05029541,9.198072,4.2298566E13
-0.20836669,-0.07544312,9.283095,4.229857E13
-0.21555176,-0.13412109,9.393267,4.2298579E13
-0.27542725,-0.10897339,9.408834,4.2298583E13
-0.36284545,-0.124541014,9.393267,4.2298587E13
-0.3820056,-0.1484912,9.479487,4.2298591E13
-0.081430666,-0.13172607,8.981323,4.2298595E13
0.18202148,-0.23471192,6.260581,4.22986E13
0.5628296,1.6992663,5.0558863,4.2298608E13
0.3676355,1.9351758,4.9780483,4.2298612E13
-0.14130615,0.8250842,4.348158,4.2298616E13
-0.94842774,-0.9136999,6.6701293,4.2298621E13
-1.4142591,-2.4189696,8.296348,4.2298625E13
-1.341211,-3.5841467,9.164542,4.2298629E13
-0.791554,-4.2176294,9.736952,4.2298637E13
-0.32093263,-4.3026524,10.527308,4.2298641E13
-0.28979737,-3.5685792,11.151211,4.2298646E13
-0.5149292,-2.4201672,11.366763,4.229865E13
-0.65264285,-1.0047107,11.0194845,4.2298654E13
-1.0777588,0.36284545,10.639874,4.2298658E13
-2.0249891,1.3579761,10.41115,4.2298667E13
-2.6884093,2.0249891,10.266252,4.2298671E13
-2.7614574,2.4417224,10.163265,4.2298675E13
-2.2501209,2.4980054,10.368039,4.2298679E13
-1.9399658,2.6596692,10.47821,4.2298683E13
-1.4142591,2.8656409,10.196795,4.2298688E13
-0.94962525,3.070415,9.782457,4.2298696E13
-0.9077124,2.9782069,9.401649,4.22987E13
-1.0382409,2.4333398,9.632769,4.2298704E13
-1.2813355,1.6477734,10.178833,4.2298709E13
-1.3112732,0.84424436,10.878179,4.2298713E13
-1.1711645,-0.0490979,11.255394,4.2298717E13
-0.92687255,-0.6622229,11.626622,4.2298725E13
-0.5712122,-1.0645862,11.714041,4.229873E13
-0.3161426,-1.1843371,11.805051,4.2298734E13
-0.07065307,-0.8981323,11.505673,4.2298738E13
0.13052857,-0.31255004,11.11289,4.2298742E13
0.08981323,0.09939331,10.696157,4.2298746E13
-0.017962646,0.48259643,9.917776,4.2298755E13
-0.14370117,0.7975415,9.425599,4.2298759E13
-0.22273682,0.91609496,9.075927,4.2298763E13
-0.183219,0.8190967,8.928633,4.2298767E13
-0.23950195,0.7089258,8.904682,4.2298772E13
-0.124541014,0.5879773,8.8951025,4.2298776E13
0.069455564,0.25506958,9.030421,4.2298784E13
0.038320314,0.017962646,9.1202345,4.2298788E13
0.15088624,-0.19160156,9.217233,4.2298792E13
0.10298584,-0.25985962,9.362131,4.2298797E13
0.21555176,-0.3580554,9.390872,4.2298801E13
0.18202148,-0.3676355,9.307046,4.2298805E13
0.1963916,-0.38440064,9.412427,4.2298813E13
0.13651611,-0.4047583,9.286688,4.2298818E13
0.09699829,-0.43828857,9.390872,4.2298822E13
0.09340576,-0.6262976,9.248368,4.2298826E13
0.039517824,-0.6262976,9.280701,4.229883E13
0.0071850587,-0.5604346,9.26154,4.2298834E13
-0.039517824,-0.53289187,9.230405,4.2298843E13
-0.017962646,-0.37601808,9.224418,4.2298847E13
-0.10657837,-0.25267455,9.168135,4.2298851E13
-0.19998413,-0.16046631,9.131012,4.2298855E13
0.38679564,-0.14609618,8.27599,4.229886E13
0.21076173,0.04430786,5.80433,4.2298864E13
0.46343628,1.5890955,5.53968,4.2298872E13
0.30776,1.4226416,5.1145644,4.2298876E13
-0.1101709,0.23111938,5.2115626,4.2298881E13
-0.92687255,-1.3160633,7.2724767,4.2298885E13
-1.1053015,-2.598596,8.643625,4.2298889E13
-0.8849597,-3.4129028,9.195678,4.2298893E13
-0.40236327,-3.8428087,9.533375,4.2298902E13
-0.10657837,-3.6428246,10.145303,4.2298906E13
-0.12573853,-2.718347,10.366842,4.229891E13
-0.30177248,-1.5304174,10.274633,4.2298914E13
-0.59276736,-0.3412903,9.893826,4.2298918E13
-0.9592053,0.7089258,9.792037,4.2298923E13
-1.4322217,1.3567786,9.619596,4.2298931E13
-2.022594,1.6908838,9.6830635,4.2298935E13
-2.4836352,1.595083,10.02675,4.2298939E13
-2.4297473,1.4980847,10.284214,4.2298943E13
-1.9088305,1.3591735,10.754835,4.2298948E13
-1.4537768,1.4310242,11.044633,4.2298952E13
-1.043031,1.6465759,10.847043,4.229896E13
-0.8190967,1.84177,10.356065,4.2298964E13
-0.7975415,1.956731,10.001601,4.2298969E13
-1.045426,1.7974621,9.981244,4.2298973E13
-1.2741504,1.3747412,10.192005,4.2298977E13
-1.2513977,0.8107141,10.4494705,4.2298981E13
-1.0741663,0.3568579,10.655442,4.2298985E13
-0.98195803,-0.09101074,10.915301,4.2298994E13
-0.7807764,-0.35206786,11.117681,4.2298998E13
-0.46104127,-0.42152345,10.838661,4.2299002E13
-0.3221301,-0.2323169,10.7380705,4.2299006E13
-0.31374756,0.05508545,10.438693,4.2299011E13
-0.29937744,0.3185376,10.015972,4.2299015E13
-0.4670288,0.5113367,9.710607,4.2299023E13
-0.43469605,0.5724097,9.414822,4.2299027E13
-0.51013917,0.58198977,9.307046,4.2299032E13
-0.41433838,0.42272094,9.171727,4.2299036E13
-0.25985962,0.31255004,9.177715,4.229904E13
-0.21555176,0.05867798,9.265133,4.2299044E13
-0.18082398,-0.07544312,9.266331,4.2299053E13
-0.065863036,-0.17363891,9.336984,4.2299057E13
-0.027542725,-0.24668701,9.269923,4.2299061E13
0.017962646,-0.23950195,9.314231,4.2299065E13
0.07783814,-0.25985962,9.1849,4.2299069E13
0.015567627,-0.25387207,9.326206,4.2299073E13
-0.034727782,-0.35925293,9.314231,4.2299082E13
0.029937744,-0.35206786,9.327404,4.2299086E13
-0.08981323,-0.4047583,9.320218,4.229909E13
-0.065863036,-0.5149292,9.254355,4.2299094E13
-0.13292359,-0.44906616,9.21364,4.2299099E13
-0.061072998,-0.44427612,9.322614,4.2299103E13
-0.07065307,-0.32811767,9.268725,4.2299111E13
-0.21674927,-0.22513184,9.304651,4.2299115E13
-0.1484912,-0.2335144,9.2747135,4.229912E13
-0.31494507,-0.11376343,9.310638,4.2299124E13
-0.34488282,-0.11376343,9.352551,4.2299128E13
-0.37122804,0.0011975098,9.388476,4.2299132E13
-0.48738647,0.0119750975,9.53098,4.2299141E13
-0.48259643,0.0,9.416019,4.2299145E13
0.14489868,-0.13172607,6.9659142,4.2299149E13
-0.14010864,0.78915894,5.9683886,4.2299153E13
0.21315674,2.1207898,6.109695,4.2299157E13
0.16405883,1.5483801,5.5133348,4.2299162E13
-0.59755737,0.25387207,6.2378283,4.229917E13
-1.0957215,-1.22625,8.514295,4.2299174E13
-1.1963123,-2.5782385,9.251961,4.2299178E13
-0.8322693,-3.4596057,9.630374,4.2299183E13
-0.28979737,-3.6488123,10.225536,4.2299187E13
0.041912843,-3.2165112,10.732082,4.2299191E13
0.15208374,-2.330354,10.851833,4.2299199E13
-0.07664063,-1.2322376,10.553654,4.2299204E13
-0.5041516,-0.11855347,10.098599,4.2299208E13
-1.5567627,0.55324954,9.690249,4.2299212E13
-2.0022364,1.1687695,9.627978,4.2299216E13
-1.8764977,1.4441968,9.629176,4.229922E13
-1.7699194,1.4849122,9.947714,4.2299229E13
-1.4178516,1.5687377,10.257869,4.2299233E13
-0.8825647,1.6381934,10.095007,4.2299237E13
-0.59755737,1.7447717,9.76689,4.2299241E13
-0.48139894,1.8190173,9.529782,4.2299245E13
-0.6706055,1.4597644,9.407637,4.229925E13
-0.7735913,1.1005114,9.721384,4.2299258E13
-0.76161623,0.62390256,10.0770445,4.2299262E13
-0.82268924,0.07185058,10.347682,4.2299266E13
-0.64066774,-0.30296996,10.583591,4.2299271E13
-0.4430786,-0.49816406,10.74286,4.2299275E13
-0.32811767,-0.7041357,10.703342,4.2299279E13
-0.09699829,-0.5125342,10.599159,4.2299287E13
-0.029937744,-0.22273682,10.381212,4.2299292E13
0.0059875487,0.11136841,9.989627,4.2299296E13
-0.034727782,0.3939807,9.557325,4.22993E13
-0.18920654,0.5185217,9.340576,4.2299304E13
-0.31734008,0.5281018,9.073531,4.2299308E13
-0.30296996,0.48020142,9.078321,4.2299317E13
-0.27183473,0.35206786,8.996891,4.2299321E13
-0.1472937,0.22632934,9.087902,4.2299325E13
-0.17842895,0.11615845,9.178912,4.2299329E13
-0.09460327,0.022752685,9.1849,4.2299334E13
-0.05508545,-0.05748047,9.358539,4.2299338E13
-0.0742456,-0.17244141,9.342971,4.2299346E13
-0.11615845,-0.14250366,9.499845,4.229935E13
-0.14609618,-0.14489868,9.445957,4.2299355E13
-0.14010864,-0.21195923,9.574091,4.2299359E13
-0.14250366,-0.21315674,9.563313,4.2299363E13
-0.19998413,-0.29578492,9.519005,4.2299367E13
-0.23950195,-0.2826123,9.638756,4.2299375E13
-0.18202148,-0.2826123,9.534573,4.229938E13
-0.23830444,-0.30416748,9.538165,4.2299384E13
-0.3185376,-0.14010864,9.589658,4.2299388E13
-0.368833,-0.10897339,9.475895,4.2299392E13
-0.43349853,0.05508545,9.473499,4.2299396E13
-0.4071533,0.05149292,9.357342,4.2299405E13
-0.183219,-0.45984375,7.282057,4.2299409E13
0.22273682,1.2430152,5.3121533,4.2299413E13
-0.009580079,1.8513501,5.916896,4.2299417E13
-0.38799316,1.0705737,5.085824,4.2299422E13
-0.95321774,-0.17004639,6.4485903,4.2299426E13
-1.3675561,-1.5938855,8.5574045,4.2299434E13
-1.2094848,-2.623744,8.998089,4.2299438E13
-0.7819739,-3.258424,9.392069,4.2299443E13
-0.41194335,-3.6559973,9.982441,4.2299447E13
-0.24309449,-3.4045203,10.6255045,4.2299451E13
-0.19279908,-2.6321266,10.807526,4.2299455E13
-0.32452515,-1.583108,10.468631,4.2299464E13
-0.49936157,-0.6286926,10.105785,4.2299468E13
-0.8681946,0.19878662,9.904603,4.2299472E13
-1.1340418,0.6933582,9.620793,4.2299476E13
-1.5435901,1.047821,9.598041,4.229948E13
-2.0992346,1.1687695,9.644744,4.2299485E13
-1.9579284,1.5196398,9.715397,4.2299493E13
-1.5663428,1.6046631,10.13692,4.2299497E13
-1.169967,1.6310083,10.220746,4.2299501E13
-0.92807007,1.8022522,10.225536,4.2299506E13
-0.74365354,1.7423767,9.998009,4.229951E13
-0.69575316,1.4034815,9.948911,4.2299514E13
-0.9316626,0.8945398,10.15129,4.2299522E13
-0.93765014,0.40954834,10.502161,4.2299526E13
-0.8562195,0.0011975098,10.848241,4.2299531E13
-0.66342044,-0.28500733,10.995535,4.2299535E13
-0.49936157,-0.3820056,10.999127,4.2299539E13
-0.25147706,-0.41194335,10.768008,4.2299543E13
-0.11136841,-0.22752686,10.597961,4.2299552E13
-0.124541014,0.0,10.241103,4.2299556E13
-0.1592688,0.33769774,9.86269,4.229956E13
-0.31494507,0.58079225,9.509425,4.2299564E13
-0.4514612,0.6706055,9.2747135,4.2299568E13
-0.43589357,0.6861731,9.134604,4.2299573E13
-0.39877075,0.48618898,9.060359,4.2299581E13
-0.429906,0.3676355,9.138197,4.2299585E13
-0.3065625,0.17244141,9.212442,4.2299589E13
-0.14370117,0.010777588,9.358539,4.2299594E13
-0.120948486,-0.11735596,9.513018,4.2299598E13
-0.09340576,-0.0981958,9.538165,4.2299602E13
-0.1592688,-0.16286133,9.554931,4.229961E13
-0.09939331,-0.23710693,9.553733,4.2299615E13
-0.18561402,-0.28500733,9.479487,4.2299619E13
-0.20357665,-0.40835083,9.552535,4.2299623E13
-0.24069947,-0.43469605,9.599238,4.2299627E13
-0.20477417,-0.48738647,9.598041,4.2299631E13
-0.124541014,-0.4682263,9.599238,4.229964E13
-0.18800904,-0.38320312,9.560918,4.2299644E13
-0.19998413,-0.36284545,9.484278,4.2299648E13
-0.30057496,-0.34608033,9.49266,4.2299652E13
-0.2323169,-0.37482056,9.268725,4.2299657E13
0.15088624,-0.34727782,5.950426,4.2299661E13
0.4287085,1.6034656,4.806804,4.2299669E13
-0.0071850587,1.8824854,4.660708,4.2299673E13
-0.46343628,0.86579955,4.4906616,4.2299677E13
-1.2406201,-0.6119275,6.541996,4.2299682E13
-1.6753162,-2.3806493,8.356223,4.2299686E13
-1.5028747,-3.6547997,9.020841,4.229969E13
-0.93765014,-4.2858872,9.665101,4.2299698E13
-0.38320312,-4.3050475,10.34888,4.2299703E13
-0.1353186,-3.7134778,10.908116,4.2299707E13
-0.13052857,-2.638114,10.831476,4.2299711E13
-0.38799316,-1.4681469,10.20398,4.2299715E13
-0.63108766,-0.30776,9.79084,4.2299719E13
-0.9903406,0.69216067,9.621991,4.2299728E13
-1.4920971,1.2166699,9.383686,4.2299732E13
-1.9543359,1.4525794,9.313033,4.2299736E13
-2.6321266,1.5088623,9.396859,4.229974E13
-2.4884253,1.3615686,9.934541,4.2299745E13
-1.8573376,1.3807287,10.600356,4.2299749E13
-1.4178516,1.2490027,11.256592,4.2299757E13
-1.0909314,1.3974938,11.159594,4.2299761E13
-0.7424561,1.5603552,10.856624,4.2299766E13
-0.64665526,1.5004797,10.540481,4.229977E13
-0.8849597,1.3064831,10.347682,4.2299774E13
-1.1268567,0.93765014,10.441088,4.2299778E13
-1.2609777,0.41194335,10.788365,4.2299787E13
-1.1268567,0.017962646,10.891352,4.2299791E13
-1.0574012,-0.24548951,10.908116,4.2299795E13
-0.8837622,-0.33530274,10.953622,4.2299799E13
-0.66701293,-0.33889526,10.801538,4.2299803E13
-0.48379394,-0.1963916,10.612331,4.2299807E13
-0.37122804,0.2574646,10.166858,4.2299816E13
-0.4790039,0.52570677,9.854308,4.229982E13
-0.5292993,0.7879614,9.504635,4.2299824E13
-0.5448669,0.90531737,9.369316,4.2299828E13
-0.5891748,0.7867639,9.220825,4.2299833E13
-0.5292993,0.66342044,9.2256155,4.2299837E13
-0.49696654,0.38440064,9.348959,4.2299845E13
-0.29817992,0.069455564,9.493857,4.2299849E13
-0.21315674,-0.06346802,9.569301,4.2299854E13
-0.26584718,-0.30177248,9.605226,4.2299858E13
-0.2694397,-0.45864624,9.647139,4.2299862E13
-0.21674927,-0.50774413,9.569301,4.2299866E13
-0.18561402,-0.4897815,9.630374,4.2299875E13
-0.16405883,-0.5771997,9.547746,4.2299879E13
-0.25985962,-0.5736072,9.459129,4.2299883E13
-0.18920654,-0.6550378,9.432784,4.2299887E13
-0.22632934,-0.6658154,9.319021,4.2299891E13
-0.25267455,-0.6274951,9.307046,4.2299896E13
-0.22513184,-0.5161267,9.321416,4.22999E13
-0.33889526,-0.45984375,9.280701,4.2299908E13
-0.24069947,-0.36524048,9.21364,4.2299912E13
-0.34009278,-0.27542725,9.171727,4.2299917E13
-0.42511597,-0.2562671,9.193282,4.2299921E13
-0.41194335,-0.29219237,9.13221,4.2299925E13
0.019160157,-0.33650026,5.945636,4.2299929E13
0.35206786,1.5196398,4.9924183,4.2299938E13
0.24429199,1.6453785,4.6175976,4.2299942E13
-0.26225463,0.366438,4.7936316,4.2299946E13
-1.0897338,-1.0562036,6.631809,4.229995E13
-1.3124707,-2.6848168,8.426876,4.2299954E13
-1.040636,-3.8248463,8.90588,4.2299958E13
-0.48259643,-4.343368,9.202863,4.2299967E13
-0.10298584,-4.3134303,9.792037,4.2299971E13
0.16765137,-3.5087037,10.356065,4.2299975E13
0.031135254,-2.3555017,10.253078,4.2299979E13
-0.27782226,-1.2657678,9.76689,4.2299984E13
-0.68377805,-0.09340576,9.427995,4.2299988E13
-1.407074,0.5005591,9.286688,4.2299996E13
-2.3626869,0.798739,9.15137,4.23E13
-2.7482848,1.0705737,9.255553,4.2300005E13
-2.6153612,1.2705579,9.538165,4.2300009E13
-2.0800745,1.2969031,10.401569,4.2300013E13
-1.3807287,1.1076965,11.053015,4.2300017E13
-0.9963281,1.0095007,11.05062,4.2300026E13
-0.7364685,1.1436218,10.593171,4.230003E13
-0.74006104,1.2454102,10.096205,4.2300034E13
-1.0597961,1.0909314,9.980046,4.2300038E13
-1.3579761,0.7640112,10.290201,4.2300042E13
-1.3352234,0.39757323,10.465038,4.2300047E13
-1.3124707,0.19399658,10.662627,4.2300055E13
-1.0717713,-0.14370117,10.70933,4.2300059E13
-0.88855225,-0.28859985,10.748848,4.2300063E13
-0.6502478,-0.24189697,10.566826,4.2300068E13
-0.54366946,-0.16645385,10.461445,4.2300072E13
-0.44786865,0.022752685,10.241103,4.2300076E13
-0.48499146,0.32572266,9.922565,4.2300084E13
-0.5376819,0.4263135,9.704619,4.2300089E13
-0.5484595,0.5053491,9.443562,4.2300093E13
-0.60713744,0.44427612,9.430389,4.2300097E13
-0.65264285,0.4778064,9.413624,4.2300101E13
-0.4646338,0.27303222,9.346563,4.2300105E13
-0.5484595,0.14250366,9.396859,4.2300114E13
-0.40236327,0.0,9.556128,4.2300118E13
-0.41314086,-0.09220825,9.490265,4.2300122E13
-0.2802173,-0.15687378,9.46392,4.2300126E13
-0.305365,-0.30177248,9.52619,4.230013E13
-0.35925293,-0.25506958,9.519005,4.2300135E13
-0.22513184,-0.3915857,9.568103,4.2300143E13
-0.27542725,-0.39757323,9.605226,4.2300147E13
-0.20836669,-0.46343628,9.56451,4.2300151E13
-0.2802173,-0.48259643,9.474697,4.2300156E13
-0.32332763,-0.44906616,9.461525,4.230016E13
-0.29817992,-0.5340893,9.433982,4.2300164E13
-0.30177248,-0.47062135,9.399254,4.2300172E13
-0.4035608,-0.39757323,9.315429,4.2300177E13
-0.31135255,-0.44786865,9.326206,4.2300181E13
-0.4430786,-0.43349853,9.267529,4.2300185E13
-0.35925293,-0.42152345,9.3309965,4.2300189E13
-0.37482056,-0.43469605,9.231603,4.2300193E13
-0.10657837,-1.0442286,6.563551,4.2300202E13
0.36284545,0.6047424,4.799619,4.2300206E13
0.09340576,1.3100756,4.9912205,4.230021E13
-0.34488282,0.676593,4.2954674,4.2300214E13
-1.0047107,-0.4514612,5.980364,4.2300219E13
-1.3831238,-2.0585194,7.745493,4.2300223E13
-1.3939013,-3.2524366,8.63644,4.2300231E13
-1.0442286,-4.181704,9.310638,4.2300235E13
-0.49576905,-4.4487486,9.986034,4.230024E13
-0.10059082,-4.028423,10.655442,4.2300244E13
0.027542725,-3.1554382,11.003918,4.2300248E13
-0.029937744,-1.9722986,10.593171,4.2300252E13
-0.28740233,-0.6478528,10.153686,4.230026E13
-0.76281375,0.26824218,9.777667,4.2300265E13
-1.5543677,0.91250247,9.56451,4.2300269E13
-2.5195606,1.1436218,9.495055,4.2300273E13
-2.6764343,1.2693603,9.59325,4.2300277E13
-2.4764502,1.353186,9.808803,4.2300281E13
-1.9411633,1.3004956,10.457852,4.230029E13
-1.3376184,1.3256433,10.746452,4.2300294E13
-0.8825647,1.4765296,10.436297,4.2300298E13
-0.76281375,1.5471826,10.104588,4.2300302E13
-0.9077124,1.4537768,9.960886,4.2300307E13
-1.1711645,0.9017249,10.157278,4.2300311E13
-1.3723462,0.41673338,10.611134,4.2300319E13
-1.3519886,-0.11975098,10.929671,4.2300323E13
-1.2358301,-0.554447,11.111693,4.2300328E13
-1.047821,-0.984353,11.212284,4.2300332E13
-0.8071216,-1.0346484,11.238629,4.2300336E13
-0.5783972,-0.9065149,11.066188,4.230034E13
-0.38679564,-0.6394702,10.70933,4.2300349E13
-0.366438,-0.2203418,10.310559,4.2300353E13
-0.42751098,0.10298584,9.897418,4.2300357E13
-0.5712122,0.37721556,9.571695,4.2300361E13
-0.69216067,0.59276736,9.217233,4.2300365E13
-0.7149133,0.5999524,9.0076685,4.230037E13
-0.68018556,0.4778064,8.981323,4.2300378E13
-0.67898804,0.2838098,9.049582,4.2300382E13
-0.52570677,0.05987549,9.1765175,4.2300386E13
-0.48738647,-0.19998413,9.254355,4.2300391E13
-0.3927832,-0.27542725,9.352551,4.2300395E13
-0.41912842,-0.44427612,9.357342,4.2300399E13
-0.5005591,-0.53528684,9.348959,4.2300407E13
-0.38799316,-0.5867798,9.378897,4.2300411E13
-0.44427612,-0.6322852,9.322614,4.2300416E13
-0.43469605,-0.735271,9.286688,4.230042E13
-0.38559815,-0.76640624,9.212442,4.2300424E13
-0.4682263,-0.8143066,9.1765175,4.2300428E13
-0.5484595,-0.87657714,9.071136,4.2300437E13
-0.49097902,-0.6873706,9.043593,4.2300441E13
-0.49936157,-0.64665526,9.168135,4.2300445E13
-0.52091676,-0.6274951,9.044791,4.2300449E13
-0.6478528,-0.5760022,9.085506,4.2300453E13
-0.6370752,-0.5508545,8.937016,4.2300458E13
-0.5999524,-0.50774413,9.109457,4.2300466E13
-0.7472461,-0.45744872,9.074729,4.230047E13
-0.85023195,-0.43110353,9.1765175,4.2300474E13
-0.78915894,-0.37601808,9.080716,4.2300479E13
-0.8322693,-0.31374756,9.102272,4.2300483E13
-0.78915894,-0.30177248,9.159752,4.2300487E13
-0.74006104,-0.29937744,9.139395,4.2300495E13
-0.7113208,-0.28859985,9.2328005,4.23005E13
-0.7807764,-0.27303222,9.177715,4.2300504E13
-0.75203615,-0.32692015,9.277108,4.2300508E13
-0.7640112,-0.27662477,9.230405,4.2300512E13
-0.76161623,-0.21914428,9.109457,4.2300516E13
-0.791554,-0.24189697,9.198072,4.2300525E13
-0.79514647,-0.22513184,9.29028,4.2300529E13
-0.8981323,-0.31015503,9.3453665,4.2300533E13
-0.864602,-0.3436853,9.336984,4.2300537E13
-0.8478369,-0.27782226,9.374106,4.2300542E13
-0.7723938,-0.27183473,9.378897,4.2300546E13
-0.8861572,-0.25027955,9.417217,4.2300554E13
-0.857417,-0.30776,9.447155,4.2300558E13
-0.8789722,-0.24668701,9.462722,4.2300562E13
-0.96040285,-0.26584718,9.426797,4.2300567E13
-1.0047107,-0.2933899,9.499845,4.2300571E13
-0.8358618,-0.34009278,9.382489,4.2300575E13
-0.87178713,-0.17363891,9.425599,4.2300583E13
-0.8861572,-0.24069947,9.400452,4.2300588E13
-0.7580237,-0.23590942,9.425599,4.2300592E13
-0.8921448,-0.18920654,9.431587,4.2300596E13
-0.8801697,-0.23111938,9.407637,4.23006E13
-0.9172925,-0.16405883,9.439969,4.2300604E13
-0.9627979,-0.2574646,9.52619,4.2300613E13
-0.91849,-0.20357665,9.48787,4.2300617E13
-0.9065149,-0.3544629,9.59325,4.2300621E13
-0.88735473,-0.43110353,9.648336,4.2300625E13
-0.99872315,-0.38799316,9.667497,4.230063E13
-0.9017249,-0.4155359,9.607621,4.2300634E13
-0.9364526,-0.3903882,9.589658,4.2300642E13
-0.852627,-0.36045045,9.576486,4.2300646E13
-0.9316626,-0.2586621,9.540561,4.2300651E13
-0.80592406,-0.25985962,9.504635,4.2300655E13
-0.89334226,-0.19279908,9.474697,4.2300659E13
-0.8753796,-0.20597167,9.408834,4.2300663E13
-0.86579955,-0.2203418,9.480685,4.2300672E13
-0.8789722,-0.30177248,9.443562,4.2300676E13
-0.7735913,-0.33889526,9.475895,4.230068E13
-0.81310916,-0.31494507,9.45434,4.2300684E13
-0.7843689,-0.32811767,9.473499,4.2300688E13
-0.8095166,-0.38799316,9.393267,4.2300692E13
-0.69455564,-0.34488282,9.460327,4.2300697E13
-0.7688013,-0.29578492,9.424402,4.2300705E13
-0.75203615,-0.37003052,9.383686,4.2300709E13
-0.7005432,-0.3221301,9.386082,4.2300713E13
-0.7472461,-0.28979737,9.3309965,4.2300718E13
-0.73407346,-0.4071533,9.3453665,4.2300722E13
-0.671803,-0.37242553,9.354946,4.2300726E13
-0.7723938,-0.4430786,9.332193,4.2300734E13
-0.7472461,-0.38080812,9.310638,4.2300739E13
-0.70772827,-0.38559815,9.3872795,4.2300743E13
-0.64186525,-0.4658313,9.400452,4.2300747E13
-0.65623534,-0.4670288,9.445957,4.2300751E13
-0.65264285,-0.51971924,9.462722,4.2300755E13
-0.6286926,-0.5508545,9.472302,4.2300764E13
-0.7256909,-0.5628296,9.404044,4.2300768E13
-0.6047424,-0.676593,9.600436,4.2300772E13
-0.6143225,-0.5712122,9.616003,4.2300776E13
-0.68018556,-0.6658154,9.554931,4.2300781E13
-0.71251833,-0.5640271,9.410031,4.2300785E13
-0.5053491,-0.5939648,9.416019,4.2300793E13
-0.53049684,-0.556842,9.465117,4.2300797E13
-0.5939648,-0.5149292,9.490265,4.2300802E13
-0.59635985,-0.4670288,9.514215,4.2300806E13
-0.52450925,-0.47660887,9.363329,4.230081E13
-0.48738647,-0.42152345,9.474697,4.2300814E13
-0.5041516,-0.4035608,9.332193,4.2300823E13
-0.55324954,-0.35206786,9.320218,4.2300827E13
-0.54247195,-0.34248778,9.268725,4.2300831E13
-0.58079225,-0.38320312,9.27591,4.2300835E13
-0.58079225,-0.33769774,9.327404,4.2300839E13
-0.54606444,-0.34608033,9.441167,4.2300843E13
-0.57959473,-0.36524048,9.390872,4.2300852E13
-0.55324954,-0.3329077,9.42081,4.2300856E13
-0.49337402,-0.40954834,9.398057,4.230086E13
-0.50774413,-0.3927832,9.412427,4.2300864E13
-0.4430786,-0.37122804,9.340576,4.2300869E13
-0.4682263,-0.39637575,9.3872795,4.2300873E13
-0.3580554,-0.22632934,9.408834,4.2300881E13
-0.36404297,-0.17124389,9.302256,4.2300885E13
-0.41433838,-0.18681152,9.272318,4.230089E13
-0.41314086,-0.03592529,9.356144,4.2300894E13
-0.41912842,-0.07544312,9.292676,4.2300898E13
-0.34488282,-0.031135254,9.285491,4.2300902E13
-0.43709105,-0.04430786,9.310638,4.2300911E13
-0.49816406,-0.0742456,9.309441,4.2300915E13
-0.50774413,-0.13052857,9.453142,4.2300919E13
-0.46942383,-0.11975098,9.335786,4.2300923E13
-0.5412744,-0.10059082,9.5070305,4.2300927E13
-0.4658313,-0.1484912,9.430389,4.2300932E13
-0.54606444,-0.09580078,9.336984,4.230094E13
-0.4778064,0.0371228,9.382489,4.2300944E13
-0.4790039,0.13891113,9.467512,4.2300948E13
-0.52570677,0.082628176,9.383686,4.2300953E13
-0.41912842,0.12693603,9.287886,4.2300957E13
-0.52091676,0.20237915,9.340576,4.2300961E13
-0.64545774,0.07185058,9.376501,4.2300969E13
-0.5269043,0.04670288,9.422007,4.2300974E13
-0.45265868,0.0011975098,9.508227,4.2300978E13
-0.5604346,-0.085023195,9.445957,4.2300982E13
-0.5604346,-0.122145995,9.484278,4.2300986E13
-0.47301635,-0.20357665,9.445957,4.230099E13
-0.5029541,-0.2933899,9.504635,4.2300999E13
-0.59276736,-0.27901977,9.618399,4.2301003E13
-0.5269043,-0.2814148,9.546548,4.2301007E13
-0.6490503,-0.34967285,9.569301,4.2301011E13
-0.5388794,-0.2814148,9.529782,4.2301015E13
-0.5903723,-0.36045045,9.581276,4.230102E13
-0.6286926,-0.3796106,9.563313,4.2301028E13
-0.6215076,-0.36524048,9.534573,4.2301032E13
-0.59156984,-0.3927832,9.441167,4.2301036E13
-0.6538403,-0.37841308,9.529782,4.2301041E13
-0.7232959,-0.39757323,9.481882,4.2301045E13
-0.6059399,-0.34488282,9.528585,4.2301049E13
-0.613125,-0.34967285,9.417217,4.2301057E13
-0.69455564,-0.34009278,9.475895,4.2301062E13
-0.66342044,-0.35925293,9.419612,4.2301066E13
-0.6167175,-0.26824218,9.465117,4.230107E13
-0.72808594,-0.3293152,9.461525,4.2301074E13
-0.62390256,-0.2562671,9.491463,4.2301078E13
-0.5712122,-0.22632934,9.47829,4.2301087E13
-0.676593,-0.34967285,9.499845,4.2301091E13
-0.52570677,-0.37721556,9.547746,4.2301095E13
-0.5508545,-0.38799316,9.484278,4.2301099E13
-0.54606444,-0.4263135,9.499845,4.2301104E13
-0.5783972,-0.35925293,9.489067,4.2301108E13
-0.5173242,-0.43349853,9.48308,4.2301116E13
-0.61552,-0.37242553,9.515412,4.230112E13
-0.613125,-0.40954834,9.538165,4.2301125E13
-0.59635985,-0.41314086,9.484278,4.2301129E13
-0.5269043,-0.37841308,9.480685,4.2301133E13
-0.55803955,-0.32332763,9.422007,4.2301137E13
-0.61911255,-0.22992188,9.375304,4.2301145E13
-0.68497556,-0.28859985,9.333391,4.230115E13
-0.49337402,-0.1951941,9.376501,4.2301154E13
-0.552052,-0.22513184,9.457932,4.2301158E13
-0.44667113,-0.19878662,9.44955,4.2301162E13
-0.5340893,-0.25027955,9.342971,4.2301166E13
-0.45744872,-0.26824218,9.376501,4.2301175E13
-0.53049684,-0.26345214,9.366921,4.2301179E13
-0.41314086,-0.21674927,9.3309965,4.2301183E13
-0.49097902,-0.2838098,9.322614,4.2301187E13
-0.49337402,-0.3293152,9.471105,4.2301192E13
-0.54726195,-0.3065625,9.44955,4.2301196E13
-0.47660887,-0.3939807,9.362131,4.2301204E13
-0.5616321,-0.3065625,9.455537,4.2301208E13
-0.54726195,-0.3436853,9.424402,4.2301213E13
-0.58079225,-0.35326537,9.408834,4.2301217E13
-0.6382727,-0.34727782,9.459129,4.2301221E13
-0.55324954,-0.20237915,9.419612,4.2301225E13
-0.5137317,-0.2586621,9.374106,4.2301234E13
-0.556842,-0.2838098,9.427995,4.2301238E13
-0.5388794,-0.22632934,9.316626,4.2301242E13
-0.6322852,-0.17603393,9.380094,4.2301246E13
-0.59635985,-0.183219,9.292676,4.230125E13
-0.5987549,-0.15567628,9.22322,4.2301255E13
-0.69096315,-0.17244141,9.301059,4.2301263E13
-0.5233118,-0.082628176,9.351354,4.2301267E13
-0.5173242,-0.1472937,9.351354,4.2301271E13
-0.56881714,-0.17962646,9.363329,4.2301276E13
-0.6598279,-0.1592688,9.426797,4.230128E13
-0.5987549,-0.23111938,9.418414,4.2301284E13
-0.55324954,-0.19878662,9.46392,4.2301292E13
-0.6370752,-0.23830444,9.439969,4.2301296E13
-0.6322852,-0.27303222,9.455537,4.2301301E13
-0.676593,-0.32692015,9.513018,4.2301305E13
-0.6993457,-0.30776,9.445957,4.2301309E13
-0.63468015,-0.33769774,9.581276,4.2301313E13
-0.6502478,-0.36164796,9.411229,4.2301322E13
-0.62989014,-0.33410522,9.445957,4.2301326E13
-0.6538403,-0.2945874,9.401649,4.230133E13
-0.62031007,-0.27782226,9.437574,4.2301334E13
-0.7268884,-0.23950195,9.347761,4.2301338E13
-0.732876,-0.19160156,9.445957,4.2301343E13
-0.7232959,-0.22872436,9.3944645,4.2301351E13
-0.7364685,-0.18681152,9.408834,4.2301355E13
-0.7652087,-0.24548951,9.370514,4.2301359E13
-0.68976563,-0.21195923,9.362131,4.2301364E13
-0.75562865,-0.16405883,9.323811,4.2301368E13
-0.64545774,-0.24788453,9.297466,4.2301372E13
-0.7388635,-0.183219,9.365724,4.230138E13
-0.75562865,-0.1963916,9.427995,4.2301385E13
-0.64186525,-0.21674927,9.313033,4.2301389E13
-0.7161108,-0.23710693,9.336984,4.2301393E13
-0.59276736,-0.29817992,9.356144,4.2301397E13
-0.66342044,-0.23111938,9.371712,4.2301401E13
-0.6622229,-0.27542725,9.371712,4.230141E13
-0.59516233,-0.17483643,9.384884,4.2301414E13
-0.5628296,-0.26704466,9.2890835,4.2301418E13
-0.6981482,-0.18681152,9.2184305,4.2301422E13
-0.6059399,-0.19040406,9.131012,4.2301426E13
-0.6394702,-0.15088624,9.163344,4.2301431E13
-0.6550378,-0.16046631,9.053174,4.2301439E13
-0.6227051,-0.1951941,9.202863,4.2301443E13
-0.671803,-0.26345214,9.230405,4.2301447E13
-0.6227051,-0.27303222,9.370514,4.2301452E13
-0.53528684,-0.3065625,9.224418,4.2301456E13
-0.63587767,-0.3293152,9.2818985,4.230146E13
-0.6382727,-0.32452515,9.365724,4.2301468E13
-0.6274951,-0.27303222,9.336984,4.2301473E13
-0.6370752,-0.36045045,9.29028,4.2301477E13
-0.7244934,-0.3544629,9.358539,4.2301481E13
-0.7807764,-0.27542725,9.339378,4.2301485E13
-0.7831714,-0.3544629,9.286688,4.2301489E13
-0.7232959,-0.30177248,9.3453665,4.2301494E13
-0.68377805,-0.2574646,9.358539,4.2301502E13
-0.7149133,-0.2838098,9.357342,4.2301506E13
-0.76640624,-0.36404297,9.439969,4.230151E13
-0.61791503,-0.38679564,9.456735,4.2301515E13
-0.70653075,-0.3939807,9.547746,4.2301519E13
-0.6502478,-0.32093263,9.467512,4.2301523E13
-0.73048097,-0.30776,9.485475,4.2301531E13
-0.6215076,-0.2562671,9.479487,4.2301536E13
-0.68497556,-0.28620484,9.466314,4.230154E13
-0.7388635,-0.23950195,9.551338,4.2301544E13
-0.6658154,-0.23710693,9.48308,4.2301548E13
-0.64186525,-0.24548951,9.44955,4.2301552E13
-0.64545774,-0.2969824,9.540561,4.2301561E13
-0.60713744,-0.27782226,9.376501,4.2301565E13
-0.6538403,-0.19878662,9.456735,4.2301569E13
-0.5604346,-0.26824218,9.493857,4.2301573E13
-0.5783972,-0.16765137,9.587263,4.2301577E13
-0.6047424,-0.29578492,9.551338,4.2301582E13
-0.62390256,-0.2802173,9.501042,4.230159E13
-0.6011499,-0.31015503,9.499845,4.2301594E13
-0.59516233,-0.32811767,9.636361,4.2301598E13
-0.6622229,-0.26225463,9.569301,4.2301603E13
-0.6813831,-0.3305127,9.52619,4.2301607E13
-0.5999524,-0.28859985,9.503437,4.2301611E13
-0.6370752,-0.24668701,9.485475,4.2301619E13
-0.66821045,-0.18561402,9.390872,4.2301624E13
-0.6658154,-0.22992188,9.467512,4.2301628E13
-0.62031007,-0.29099488,9.503437,4.2301632E13
-0.65623534,-0.31135255,9.457932,4.2301636E13
-0.5867798,-0.39996827,9.542955,4.230164E13
-0.6167175,-0.38080812,9.442365,4.2301649E13
-0.59755737,-0.38799316,9.604029,4.2301653E13
-0.5724097,-0.3796106,9.433982,4.2301657E13
-0.49097902,-0.40954834,9.544153,4.2301661E13
-0.5652246,-0.3185376,9.496252,4.2301666E13
-0.51013917,-0.29578492,9.519005,4.230167E13
-0.53528684,-0.39517823,9.491463,4.2301678E13
-0.61911255,-0.305365,9.436377,4.2301682E13
-0.5999524,-0.27542725,9.456735,4.2301687E13
-0.64545774,-0.3556604,9.441167,4.2301691E13
-0.5879773,-0.37122804,9.517808,4.2301695E13
-0.54247195,-0.3796106,9.49745,4.2301699E13
-0.58198977,-0.38799316,9.55972,4.2301708E13
-0.58438474,-0.38320312,9.655521,4.2301712E13
-0.62031007,-0.41314086,9.651929,4.2301716E13
-0.58438474,-0.42511597,9.59325,4.230172E13
-0.6753955,-0.38320312,9.517808,4.2301724E13
-0.6382727,-0.38679564,9.546548,4.2301728E13
-0.6550378,-0.38799316,9.595646,4.2301737E13
-0.58079225,-0.3796106,9.509425,4.2301741E13
-0.6251001,-0.32332763,9.574091,4.2301745E13
-0.67898804,-0.42032593,9.538165,4.2301749E13
-0.65264285,-0.3796106,9.602831,4.2301754E13
-0.64066774,-0.35326537,9.566906,4.2301758E13
-0.57959473,-0.42391846,9.536968,4.2301766E13
-0.5712122,-0.4071533,9.44955,4.230177E13
-0.6143225,-0.3927832,9.465117,4.2301775E13
-0.70293826,-0.40236327,9.4507475,4.2301779E13
-0.49936157,-0.3927832,9.441167,4.2301783E13
-0.56881714,-0.4179309,9.329799,4.2301787E13
-0.49097902,-0.41433838,9.399254,4.2301796E13
-0.47660887,-0.41074586,9.422007,4.23018E13
-0.48618898,-0.38679564,9.3381815,4.2301804E13
-0.52450925,-0.368833,9.339378,4.2301808E13
-0.53049684,-0.42152345,9.399254,4.2301812E13
-0.45026368,-0.4514612,9.326206,4.2301817E13
-0.54366946,-0.46104127,9.358539,4.2301825E13
-0.48139894,-0.45265868,9.322614,4.2301829E13
-0.39517823,-0.4658313,9.400452,4.2301833E13
-0.4646338,-0.45026368,9.456735,4.2301838E13
-0.4263135,-0.52450925,9.472302,4.2301842E13
-0.52570677,-0.5065466,9.348959,4.2301846E13
-0.5269043,-0.39757323,9.411229,4.2301854E13
-0.54366946,-0.42272094,9.323811,4.2301859E13
-0.549657,-0.39996827,9.353748,4.2301863E13
-0.6334827,-0.38919067,9.46392,4.2301867E13
-0.5029541,-0.3903882,9.358539,4.2301871E13
-0.42032593,-0.38919067,9.451944,4.2301875E13
-0.5376819,-0.38679564,9.390872,4.2301884E13
-0.5664221,-0.40954834,9.380094,4.2301888E13
-0.57480466,-0.48379394,9.400452,4.2301892E13
-0.53049684,-0.4035608,9.447155,4.2301896E13
-0.54606444,-0.29578492,9.504635,4.23019E13
-0.6011499,-0.32093263,9.419612,4.2301905E13
-0.5233118,-0.27183473,9.474697,4.2301913E13
-0.5400769,-0.38440064,9.584868,4.2301917E13
-0.60354495,-0.35925293,9.491463,4.2301921E13
-0.61791503,-0.7496411,9.414822,4.2301926E13
-1.2070899,-0.92807007,9.25675,4.230193E13
-0.62989014,-0.44906616,9.235195,4.2301934E13
-0.0059875487,-0.031135254,9.754914,4.2301942E13
0.12573853,-0.07065307,9.523795,4.2301947E13
-0.21674927,-0.25387207,9.284293,4.2301951E13
-0.60713744,-0.3161426,9.326206,4.2301955E13
-0.8825647,-0.28859985,9.348959,4.2301959E13
-1.0777588,-0.20477417,9.2747135,4.2301963E13
-1.0777588,-0.26345214,9.069939,4.2301972E13
-0.9292676,-0.1963916,9.238788,4.2301976E13
-0.7220984,-0.20836669,9.395661,4.230198E13
-0.63587767,-0.21195923,9.499845,4.2301984E13
-0.59755737,-0.3412903,9.462722,4.2301989E13
-0.554447,-0.41074586,9.484278,4.2301993E13
-0.4921765,-0.38559815,9.588461,4.2302001E13
-0.48738647,-0.47181883,9.536968,4.2302005E13
-0.5281018,-0.43828857,9.519005,4.230201E13
-0.55324954,-0.43349853,9.574091,4.2302014E13
-0.6059399,-0.38080812,9.360934,4.2302018E13
-0.6334827,-0.20357665,9.363329,4.2302022E13
-0.74485105,-0.2215393,9.298663,4.2302026E13
-0.64066774,-0.21195923,9.358539,4.2302035E13
-0.61791503,-0.19279908,9.404044,4.2302039E13
-0.6502478,-0.36045045,9.465117,4.2302043E13
-0.5771997,-0.41673338,9.375304,4.2302047E13
-0.5604346,-0.40954834,9.425599,4.2302051E13
-0.6394702,-0.44547364,9.412427,4.2302056E13
