-1.0921289,0.22273682,9.539363,184154277798776
-0.84065187,0.14250366,9.469907,184154287516841
-0.796344,0.085023195,9.563313,184154297234906
-0.7209009,0.12573853,9.260343,184154306952971
-0.68497556,0.1484912,9.205257,184154316671036
-0.53648436,0.17124389,9.272318,184154326389101
-0.5831873,0.019160157,9.190887,184154336107166
-0.5640271,-0.020357667,9.341774,184154345825231
-0.49457154,-0.05628296,9.382489,184154355543296
-0.48618898,-0.13891113,9.293873,184154365261361
-0.5137317,-0.09101074,9.231603,184154374948575
-0.52091676,-0.11496094,9.3872795,184154384666640
-0.5604346,-0.1951941,9.538165,184154394384705
-0.48259643,-0.3329077,9.541758,184154404102770
-0.5903723,-0.29219237,9.501042,184154413820835
-0.60833496,-0.1101709,9.416019,184154423538900
-0.64186525,-0.13052857,9.358539,184154433256965
-0.76760375,0.009580079,9.329799,184154442975030
-0.676593,-0.05508545,9.308244,184154452693095
-0.70653075,-0.10777588,9.408834,184154462411160
-0.65623534,-0.21794678,9.542955,184154472129225
-0.74604857,-0.30296996,9.560918,184154481847290
-0.7089258,-0.26704466,9.481882,184154491565355
-0.5891748,-0.23111938,9.438772,184154501283420
-0.57480466,-0.062270507,9.320218,184154511001485
-0.74365354,-0.12573853,9.5214,184154520719550
-0.7161108,-0.2215393,9.582473,184154530437615
-0.64665526,-0.05867798,9.467512,184154540155680
-0.66701293,-0.05029541,9.451944,184154549842894
-0.59755737,-0.07544312,9.457932,184154559591810
-0.6442602,-0.16884887,9.5214,184154569309875
-0.6550378,-0.16166382,9.641151,184154578997089
-0.5604346,-0.11496094,9.618399,184154588715154
-0.552052,-0.10178833,9.590856,184154598464070
-0.6251001,-0.04790039,9.44955,184154608182135
-0.69096315,-0.0011975098,9.491463,184154617869349
-0.64186525,0.0119750975,9.44955,184154627587414
-0.6777905,0.0,9.519005,184154637305479
-0.7472461,-0.0071850587,9.5070305,184154647023544
-0.7101233,0.05388794,9.393267,184154656772460
-0.6981482,0.027542725,9.47829,184154666490525
-0.73048097,0.04550537,9.465117,184154676208590
-0.6215076,0.039517824,9.419612,184154685895804
-0.70533323,0.13771363,9.461525,184154695613869
-0.68018556,0.13651611,9.472302,184154705331934
-0.68976563,0.12813355,9.47829,184154715049999
-0.70293826,0.12933105,9.475895,184154724798915
-0.7723938,0.013172608,9.554931,184154734516980
-0.7544311,0.022752685,9.508227,184154744235045
-0.73407346,0.09220825,9.504635,184154753953110
-0.72928345,0.09101074,9.308244,184154763671175
-0.82747924,0.2814148,9.317823,184154773389240
-0.8095166,0.183219,9.377699,184154783107305
-0.7747888,0.15567628,9.329799,184154792825370
-0.81670165,0.043110352,9.365724,184154802543435
-0.76640624,0.067060545,9.358539,184154812261500
-0.75083864,0.083825685,9.323811,184154821979565
-0.7041357,0.14010864,9.319021,184154831697630
-0.7388635,0.05748047,9.383686,184154841415695
-0.6478528,0.120948486,9.319021,184154851133760
-0.69096315,0.039517824,9.358539,184154860851825
-0.6382727,0.20956421,9.334589,184154870569890
-0.75083864,0.18681152,9.2184305,184154880287955
-0.7089258,0.183219,9.284293,184154890006020
-0.71251833,0.0059875487,9.320218,184154899724085
-0.7256909,0.039517824,9.381291,184154909442150
-0.7975415,0.11855347,9.342971,184154919160215
-0.6658154,0.1580713,9.266331,184154928878280
-0.70772827,0.16884887,9.353748,184154938596345
-0.7927515,0.08741821,9.401649,184154948314410
-0.84424436,0.033530273,9.336984,184154958032475
-0.7256909,0.028740235,9.279503,184154967781391
-0.75203615,0.0371228,9.284293,184154977499456
-0.6861731,0.0371228,9.255553,184154987217521
-0.66940796,0.04790039,9.286688,184154996935586
-0.68377805,-0.03592529,9.377699,184155006653651
-0.6981482,0.0011975098,9.354946,184155016371716
-0.68018556,0.067060545,9.309441,184155026089781
-0.85502195,0.017962646,9.505833,184155035807846
-0.7927515,-0.03592529,9.451944,184155045525911
-0.7735913,-0.064665526,9.48308,184155055243976
-0.6981482,0.0,9.424402,184155064962041
-0.76760375,0.21555176,9.405242,184155074680106
-0.8238867,0.069455564,9.3872795,184155084398171
-0.81789917,-0.07903565,9.5214,184155094116236
-0.76281375,-0.029937744,9.533375,184155103834301
-0.76281375,0.086220704,9.546548,184155113552366
-0.8107141,-0.0371228,9.406439,184155123270431
-0.81191164,-0.15088624,9.594448,184155132988496
-0.8071216,-0.05269043,9.576486,184155142706561
-0.7388635,0.07185058,9.293873,184155152424626
-0.7101233,0.25267455,9.382489,184155162142691
-0.674198,0.03592529,9.376501,184155171860756
-0.7747888,-0.082628176,9.443562,184155181578821
-0.7484436,-0.014370117,9.402846,184155191296886
-0.7472461,0.07185058,9.3944645,184155201014951
-0.8095166,0.04430786,9.340576,184155210733016
-0.84424436,-0.10657837,9.427995,184155220451081
-0.85502195,-0.13771363,9.51661,184155230169146
-0.77838135,-0.10897339,9.466314,184155239887211
-0.80233157,0.04670288,9.340576,184155249605276
-0.9412427,0.11136841,9.441167,184155259323341
-0.9460327,0.064665526,9.479487,184155269041406
-0.8789722,-0.014370117,9.423204,184155278759471
-0.8705896,-0.0023950196,9.467512,184155288477536
-0.76161623,0.022752685,9.390872,184155298195601
-0.81191164,0.13172607,9.410031,184155307913666
-0.80113405,0.10657837,9.412427,184155317631731
-0.8466394,-0.023950195,9.402846,184155327349796
-0.75083864,0.014370117,9.471105,184155337067861
-0.796344,0.09460327,9.341774,184155346816777
-0.864602,0.023950195,9.407637,184155356503991
-0.81550413,0.12573853,9.356144,184155366222056
-0.7244934,0.0490979,9.2890835,184155375940121
-0.74006104,-0.028740235,9.384884,184155385689037
-0.7532337,-0.0490979,9.382489,184155395407102
-0.7137158,0.029937744,9.296268,184155405125167
-0.732876,0.067060545,9.307046,184155414843232
-0.6873706,-0.0011975098,9.20885,184155424561297
-0.68018556,0.019160157,9.3944645,184155434279362
-0.70772827,-0.021555176,9.48787,184155443997427
-0.6813831,-0.0071850587,9.424402,184155453715492
-0.69455564,0.0,9.341774,184155463433557
-0.74365354,0.05987549,9.316626,184155473151622
-0.68497556,0.08861572,9.369316,184155482869687
-0.73407346,-0.062270507,9.49266,184155492587752
-0.674198,-0.10657837,9.484278,184155502305817
-0.73048097,-0.0742456,9.479487,184155512023882
-0.8071216,0.05149292,9.429192,184155521741947
-0.7855664,0.1101709,9.462722,184155531460012
-0.69575316,0.031135254,9.395661,184155541178077
-0.6981482,-0.019160157,9.441167,184155550926993
-0.62031007,0.019160157,9.411229,184155560645058
-0.69096315,0.0742456,9.514215,184155570363123
-0.6538403,0.11735596,9.383686,184155580081188
-0.7209009,-0.034727782,9.453142,184155589799253
-0.798739,-0.03592529,9.469907,184155599517318
-0.7089258,0.05388794,9.357342,184155609235383
-0.7532337,0.17723145,9.382489,184155618953448
-0.7747888,0.18082398,9.393267,184155628671513
-0.76161623,0.1472937,9.380094,184155638389578
-0.77718383,-0.0059875487,9.504635,184155648107643
-0.8298743,0.09699829,9.448352,184155657825708
-0.7472461,0.085023195,9.329799,184155667543773
-0.77718383,0.123343505,9.244776,184155677261838
-0.6598279,0.10178833,9.389674,184155686979903
-0.77957886,0.09460327,9.308244,184155696697968
-0.62390256,-0.019160157,9.437574,184155706416033
-0.676593,-0.11855347,9.522597,184155716134098
-0.64186525,-0.07544312,9.471105,184155725852163
-0.65623534,0.0490979,9.419612,184155735570228
-0.68976563,0.11496094,9.378897,184155745288293
-0.77957886,0.10298584,9.456735,184155755006358
-0.7735913,0.1580713,9.459129,184155764724423
-0.74365354,0.2335144,9.44955,184155774442488
-0.7232959,0.1101709,9.362131,184155784160553
-0.7819739,0.04550537,9.52619,184155793878618
-0.7496411,0.04430786,9.50224,184155803596683
-0.5987549,0.05628296,9.534573,184155813345599
-0.66701293,0.008382568,9.341774,184155823063664
-0.6394702,0.008382568,9.356144,184155832781729
-0.6167175,0.025147704,9.360934,184155842499794
-0.6730005,0.05628296,9.406439,184155852217859
-0.69096315,-0.040715333,9.515412,184155861935924
-0.69455564,-0.11975098,9.485475,184155871653989
-0.64665526,-0.041912843,9.419612,184155881372054
-0.69216067,0.06346802,9.42081,184155891090119
-0.70293826,0.031135254,9.395661,184155900808184
-0.6610254,0.013172608,9.354946,184155910526249
-0.74365354,0.05269043,9.486672,184155920244314
-0.7759863,0.12813355,9.432784,184155929962379
-0.7113208,0.05269043,9.45434,184155939680444
-0.7197034,0.04430786,9.49745,184155949398509
-0.79394895,0.0,9.509425,184155959116574
-0.6873706,-0.010777588,9.568103,184155968834639
-0.796344,-0.09580078,9.554931,184155978552704
-0.84424436,-0.026345216,9.47829,184155988270769
-0.7831714,0.068258055,9.377699,184155997988834
-0.8214917,0.05867798,9.293873,184156007706899
-0.84424436,0.16286133,9.365724,184156017424964
-0.8083191,0.07664063,9.346563,184156027143029
-0.859812,0.07304809,9.346563,184156036861094
-0.7113208,0.039517824,9.515412,184156046579159
-0.73048097,0.09340576,9.563313,184156056297224
-0.71850586,-0.033530273,9.538165,184156066015289
-0.8298743,-0.028740235,9.50224,184156075733354
-0.85023195,0.026345216,9.329799,184156085451419
-0.7843689,0.13651611,9.407637,184156095169484
-0.73407346,0.0,9.272318,184156104887549
-0.85382444,0.10298584,9.388476,184156114605614
-0.8107141,0.033530273,9.465117,184156124323679
-0.7137158,-0.027542725,9.466314,184156134041744
-0.77838135,0.06346802,9.542955,184156143759809
-0.70533323,0.041912843,9.551338,184156153477874
-0.68018556,0.029937744,9.495055,184156163195939
-0.68377805,0.12813355,9.536968,184156172914004
-0.72808594,0.069455564,9.524993,184156182632069
-0.5652246,0.6334827,8.264015,184156192350134
-0.54366946,0.6215076,6.5527735,184156202068199
-1.1256592,-0.18800904,8.23767,184156211786264
-0.78915894,-1.6286132,9.509425,184156221504329
-0.5628296,-1.4310242,10.063872,184156231253245
-0.89334226,-0.34488282,9.80521,184156240971310
-1.1747571,0.852627,9.3381815,184156250658524
-1.3112732,1.1424243,9.577683,184156260376589
-1.1448194,0.29578492,9.942924,184156270094654
-0.89932984,-0.45265868,10.368039,184156279812719
-0.5412744,-0.54726195,10.220746,184156289530784
-0.49576905,0.064665526,9.789642,184156299248849
-0.5640271,0.43110353,9.48308,184156308966914
-0.6993457,0.3065625,9.625584,184156318684979
-0.6286926,0.008382568,9.680669,184156328403044
-0.4287085,0.023950195,9.605226,184156338121109
-0.5041516,0.08861572,9.426797,184156347839174
-0.6119275,0.2215393,9.384884,184156357557239
-0.6933582,0.2215393,9.412427,184156367275304
-0.68377805,0.04790039,9.467512,184156376993369
-0.6143225,-0.04550537,9.513018,184156386711434
-0.60354495,-0.16286133,9.443562,184156396429499
-0.66821045,-0.0119750975,9.432784,184156406147564
-0.7652087,0.08981323,9.424402,184156415865629
-0.7244934,0.11615845,9.292676,184156425583694
-0.85023195,0.05748047,9.382489,184156435270908
-0.79394895,0.0,9.362131,184156444988973
-0.798739,-0.040715333,9.374106,184156454707038
-0.7831714,-0.067060545,9.362131,184156464425103
-0.8466394,-0.041912843,9.273516,184156474143168
-0.70174074,-0.11376343,9.3872795,184156483861233
-0.7232959,-0.039517824,9.3453665,184156493579298
-0.85142946,-0.082628176,9.429192,184156503297363
-0.75562865,0.038320314,9.366921,184156513015428
-0.8478369,0.013172608,9.314231,184156522733493
-0.7209009,0.07304809,9.319021,184156532420707
-0.7759863,-0.05269043,9.430389,184156542138772
-0.81191164,0.021555176,9.424402,184156551856837
-0.7244934,0.020357667,9.433982,184156561574902
-0.76161623,0.064665526,9.45434,184156571292967
-0.71850586,0.122145995,9.441167,184156581011032
-0.72928345,0.13651611,9.358539,184156590729097
-0.7256909,0.1592688,9.357342,184156600447162
-0.6322852,0.04790039,9.332193,184156610165227
-0.6993457,0.122145995,9.514215,184156619883292
-0.48139894,0.4921765,8.442444,184156629601357
-0.28740233,0.44906616,7.1096153,184156639288571
-1.0585986,-0.21674927,8.093968,184156649006636
-0.89932984,-1.663341,9.81,184156658724701
-0.5269043,-1.4873071,10.394384,184156668442766
-0.8490344,-0.21315674,10.14171,184156678160831
-1.3172607,1.1639795,9.354946,184156687878896
-1.3915063,1.4597644,9.56451,184156697596961
-1.3172607,0.5616321,10.178833,184156707315026
-0.9244775,-0.41314086,10.613529,184156717033091
-0.5400769,-0.5604346,10.431507,184156726751156
-0.5161267,0.010777588,9.936936,184156736469221
-0.65623534,0.5125342,9.588461,184156746187286
-0.65264285,0.4538562,9.541758,184156755874500
-0.60354495,0.17363891,9.614806,184156765592565
-0.4682263,-0.11496094,9.643546,184156775310630
-0.5376819,0.11975098,9.584868,184156785028695
-0.6119275,0.1484912,9.2890835,184156794746760
-0.59755737,0.27901977,9.260343,184156804464825
-0.6382727,0.043110352,9.328601,184156814182890
-0.6550378,-0.064665526,9.46871,184156823900955
-0.75562865,-0.11615845,9.376501,184156833588169
-0.6167175,-0.14250366,9.400452,184156843306234
-0.6502478,-0.124541014,9.414822,184156853024299
-0.75682616,-0.009580079,9.224418,184156862742364
-0.7688013,-0.04430786,9.302256,184156872460429
-0.8095166,-0.021555176,9.285491,184156882178494
-0.8310718,-0.05388794,9.340576,184156891896559
-0.791554,-0.122145995,9.302256,184156901614624
-0.73407346,-0.0071850587,9.2256155,184156911332689
-0.7975415,0.0,9.21364,184156921050754
-0.7807764,-0.023950195,9.236393,184156930737968
-0.7268884,0.014370117,9.357342,184156940456033
-0.72808594,-0.065863036,9.295071,184156950174098
-0.7244934,-0.038320314,9.412427,184156959892163
-0.69216067,-0.05867798,9.323811,184156969610228
-0.70653075,0.032332763,9.430389,184156979328293
-0.7580237,-0.0011975098,9.471105,184156989046358
-0.7723938,-0.05748047,9.599238,184156998764423
-0.74604857,-0.16525635,9.509425,184157008482488
-0.74604857,-0.05628296,9.680669,184157018200553
-0.674198,0.0023950196,9.703422,184157027887767
-0.7244934,-0.15088624,9.648336,184157037605832
-0.60234743,-0.067060545,9.690249,184157047323897
-0.60354495,0.029937744,9.639954,184157057041962
-0.60713744,0.4035608,8.801697,184157066760027
-0.34009278,0.6610254,6.692882,184157076478092
-1.047821,0.04790039,8.081993,184157086196157
-0.8921448,-1.3448035,9.711804,184157095914222
-0.4155359,-0.98195803,10.350077,184157105632287
-0.77957886,0.22992188,9.861493,184157115350352
-1.2777429,1.1963123,9.238788,184157125068417
-1.4130615,0.97477293,9.540561,184157134786482
-1.0849439,0.10897339,10.002799,184157144504547
-0.6586304,-0.6394702,10.162067,184157154222612
-0.44906616,-0.4790039,9.934541,184157163940677
-0.48738647,-0.022752685,9.48308,184157173658742
-0.5604346,0.17483643,9.243578,184157183376807
-0.5113367,0.05388794,9.341774,184157193064021
-0.5628296,-0.12573853,9.475895,184157202782086
-0.5292993,-0.1951941,9.370514,184157212500151
-0.64066774,-0.11496094,9.376501,184157222218216
-0.62390256,-0.04430786,9.340576,184157231936281
-0.70772827,0.05508545,9.410031,184157241654346
-0.60354495,-0.083825685,9.444759,184157251372411
-0.5628296,-0.09699829,9.513018,184157261090476
-0.6322852,-0.15687378,9.46392,184157270808541
-0.75682616,-0.09101074,9.552535,184157280526606
-0.7089258,-0.13172607,9.606423,184157290244671
-0.7688013,-0.025147704,9.608818,184157299931885
-0.798739,-0.0071850587,9.484278,184157309649950
-0.76281375,-0.069455564,9.51182,184157319368015
-0.82867676,-0.09460327,9.570498,184157329086080
-0.7747888,-0.067060545,9.474697,184157338773294
-0.732876,-0.061072998,9.51182,184157348491359
-0.81789917,-0.028740235,9.460327,184157358209424
-0.7711963,-0.028740235,9.419612,184157367927489
-0.76161623,-0.10538086,9.400452,184157377645554
-0.791554,-0.17483643,9.364527,184157387363619
-0.7532337,-0.15567628,9.265133,184157397081684
-0.86579955,-0.05269043,9.381291,184157406768898
-0.7424561,-0.040715333,9.353748,184157416486963
-0.7268884,-0.043110352,9.357342,184157426205028
-0.732876,-0.09580078,9.359736,184157435923093
-0.69216067,-0.0059875487,9.388476,184157445641158
-0.6394702,-0.009580079,9.422007,184157455359223
-0.69096315,0.038320314,9.377699,184157465077288
-0.7604187,-0.031135254,9.489067,184157474795353
-0.7244934,-0.05029541,9.589658,184157484513418
-0.671803,0.040715333,9.56451,184157494231483
-0.5831873,-0.039517824,9.273516,184157503949548
-0.120948486,0.6514453,6.541996,184157513667613
-0.75562865,0.15328126,6.8006577,184157523385678
-1.0394385,-1.1735595,8.326285,184157533103743
-0.5831873,-1.5747254,10.190808,184157542790957
-0.47421387,-0.53528684,10.183623,184157552509022
-1.1579919,0.732876,9.503437,184157562227087
-1.477727,1.3843213,9.649533,184157571945152
-1.3448035,0.7472461,10.164463,184157581663217
-1.0885364,-0.36284545,10.596764,184157591381282
-0.68497556,-0.7364685,10.739267,184157601099347
-0.47421387,-0.12933105,10.17045,184157610817412
-0.71251833,0.42032593,9.708212,184157620535477
-0.7819739,0.48738647,9.522597,184157630253542
-0.7532337,0.28620484,9.589658,184157639971607
-0.58558226,-0.016765136,9.583671,184157649689672
-0.58558226,0.03592529,9.517808,184157659407737
-0.6861731,0.08861572,9.411229,184157669094951
-0.7592212,0.07065307,9.416019,184157678813016
-0.7113208,-0.10298584,9.489067,184157688531081
-0.65623534,-0.27422974,9.416019,184157698249146
-0.58558226,-0.39996827,9.392069,184157707967211
-0.62390256,-0.35326537,9.398057,184157717685276
-0.69096315,-0.21195923,9.377699,184157727403341
-0.7316785,-0.15328126,9.292676,184157737121406
-0.7711963,-0.15088624,9.134604,184157746839471
-0.84065187,-0.11256592,9.200467,184157756557536
-0.87178713,-0.18202148,9.178912,184157766275601
-0.81191164,-0.16884887,9.2818985,184157775962815
-0.8095166,-0.1472937,9.293873,184157785680880
-0.92567503,-0.0742456,9.22322,184157795398945
-0.8095166,-0.12573853,9.296268,184157805117010
-0.8370593,0.023950195,9.249565,184157814835075
-0.8801697,0.014370117,9.298663,184157824583991
-0.8705896,0.09340576,9.296268,184157834302056
-0.9687854,0.013172608,9.326206,184157844020121
-0.8741821,-0.013172608,9.53098,184157853738186
-0.8095166,-0.028740235,9.369316,184157863456251
-0.8789722,-0.0371228,9.49745,184157873174316
-0.9951306,-0.010777588,9.538165,184157882892381
-0.79394895,0.061072998,9.534573,184157892610446
-0.8837622,-0.029937744,9.534573,184157902328511
-0.7532337,0.029937744,9.575288,184157912046576
-0.8370593,0.13771363,9.552535,184157921764641
-0.8634045,0.20477417,9.5070305,184157931482706
-0.7735913,0.14250366,9.501042,184157941200771
-0.70293826,-0.015567627,9.504635,184157950918836
-0.55324954,-0.025147704,9.493857,184157960636901
-0.12573853,0.37362304,7.442523,184157970354966
-0.4646338,-0.12573853,7.235354,184157980073031
-0.9136999,-0.92328,8.321495,184157989791096
-0.74485105,-1.5172448,9.854308,184157999509161
-0.49576905,-0.7688013,9.914184,184158009227226
-0.9244775,0.4406836,9.680669,184158018945291
-1.3495935,0.9472302,9.692644,184158028663356
-1.4573693,0.5676196,10.199191,184158038381421
-1.1388317,-0.18082398,10.437495,184158048099486
-0.91250247,-0.32692015,10.438693,184158057817551
-0.87657714,-0.029937744,10.097403,184158067535616
-0.86579955,0.30895752,9.877061,184158077253681
-0.9580078,0.38080812,9.533375,184158087002597
-0.8202942,0.27782226,9.667497,184158096720662
-0.7149133,-0.04430786,9.588461,184158106438727
-0.7220984,-0.05867798,9.366921,184158116156792
-0.63108766,-0.0035925293,9.323811,184158125874857
-0.57480466,0.0011975098,9.235195,184158135592922
-0.5999524,-0.17603393,9.267529,184158145310987
-0.59755737,-0.17842895,9.340576,184158155029052
-0.552052,-0.3556604,9.299861,184158164747117
-0.6538403,-0.29099488,9.127419,184158174465182
-0.74006104,-0.2203418,9.224418,184158184183247
-0.73407346,-0.12693603,9.257948,184158193901312
-0.6969507,-0.183219,9.2184305,184158203619377
-0.83346677,-0.17842895,9.200467,184158213337442
-0.7089258,-0.15447876,9.277108,184158223055507
-0.76161623,-0.16046631,9.243578,184158232773572
-0.76281375,-0.18202148,9.295071,184158242491637
-0.86699706,-0.20716919,9.277108,184158252209702
-0.79035646,-0.14489868,9.273516,184158261927767
-0.8083191,-0.14370117,9.430389,184158271645832
-0.8322693,-0.05987549,9.320218,184158281394748
-0.8861572,0.0,9.407637,184158291112813
-0.9352551,-0.082628176,9.48308,184158300830878
-0.8705896,-0.04430786,9.427995,184158310548943
-0.8705896,-0.062270507,9.467512,184158320267008
-0.7975415,0.039517824,9.539363,184158329985073
-0.76161623,-0.061072998,9.517808,184158339703138
-0.83825684,-0.12933105,9.568103,184158349421203
-0.7496411,-0.11256592,9.590856,184158359139268
-0.6981482,-0.11376343,9.5070305,184158368857333
-0.81789917,0.022752685,9.48787,184158378575398
-0.62031007,0.0,9.675879,184158388293463
-0.6873706,-0.025147704,9.769284,184158398011528
-0.7640112,0.0047900393,9.717792,184158407729593
-0.80472654,0.1592688,9.745335,184158417447658
-0.57959473,0.43589357,8.424481,184158427196574
-0.3221301,0.20836669,6.898854,184158436914639
-1.0861413,-0.64545774,8.331076,184158446632704
-0.8358618,-1.597478,9.930948,184158456350769
-0.68018556,-0.74125856,10.312954,184158466068834
-1.1124866,0.33410522,9.945318,184158475786899
-1.5902929,1.3004956,9.671089,184158485504964
-1.475332,0.79394895,9.921369,184158495223029
-1.1819421,-0.05867798,10.380014,184158504941094
-0.79394895,-0.47301635,10.376422,184158514659159
-0.5879773,-0.22393432,9.977652,184158524377224
-0.5616321,0.22632934,9.653126,184158534095289
-0.676593,0.34009278,9.529782,184158543813354
-0.7161108,0.14010864,9.51182,184158553562270
-0.49696654,-0.040715333,9.501042,184158563280335
-0.5388794,-0.010777588,9.489067,184158572998400
-0.613125,0.05508545,9.380094,184158582716465
-0.64665526,0.0,9.374106,184158592434530
-0.6598279,0.04670288,9.251961,184158602152595
-0.64545774,-0.039517824,9.230405,184158611870660
-0.6394702,-0.15088624,9.319021,184158621588725
-0.64186525,-0.24548951,9.268725,184158631306790
-0.7137158,-0.3161426,9.305848,184158641024855
-0.6981482,-0.22872436,9.344169,184158650742920
-0.74604857,-0.13771363,9.219627,184158660460985
-0.71251833,-0.09101074,9.083112,184158670179050
-0.7161108,-0.05149292,9.2184305,184158679897115
-0.8214917,-0.07065307,9.198072,184158689615180
-0.7640112,-0.122145995,9.171727,184158699333245
-0.73407346,-0.09101074,9.196875,184158709051310
-0.7855664,-0.07544312,9.322614,184158718769375
-0.8083191,0.008382568,9.311836,184158728487440
-0.7831714,0.09699829,9.310638,184158738205505
-0.735271,0.13292359,9.25675,184158747923570
-0.7747888,0.040715333,9.369316,184158757641635
-0.74365354,-0.085023195,9.453142,184158767390551
-0.7759863,-0.0035925293,9.459129,184158777108616
-0.803529,0.0371228,9.400452,184158786826681
-0.7388635,0.026345216,9.467512,184158796544746
-0.737666,0.086220704,9.45434,184158806262811
-0.74125856,0.05508545,9.471105,184158815980876
-0.68976563,0.017962646,9.55972,184158825698941
-0.7424561,-0.019160157,9.613608,184158835417006
-0.7209009,0.10777588,9.675879,184158845135071
-0.76760375,0.05508545,9.673484,184158854853136
-0.8430469,0.14489868,9.807605,184158864571201
-0.78915894,0.26225463,9.811197,184158874289266
-0.7580237,0.42751098,8.980125,184158884007331
-0.13412109,0.5484595,6.937174,184158893725396
-0.9460327,-0.05029541,8.137079,184158903443461
-0.80113405,-1.4573693,9.576486,184158913161526
-0.3676355,-1.113684,10.286609,184158922879591
-0.8753796,0.05149292,9.948911,184158932597656
-1.2058923,1.0011182,9.679471,184158942315721
-1.2765454,1.2765454,9.762099,184158952033786
-0.9675879,0.49696654,10.124945,184158961751851
-0.6885681,-0.29817992,10.233918,184158971469916
-0.4658313,-0.48499146,10.072254,184158981187981
-0.3221301,-0.32452515,9.680669,184158990906046
-0.5664221,-0.0071850587,9.447155,184159000624111
-0.69575316,-0.11975098,9.401649,184159010342176
-0.61073,-0.29578492,9.395661,184159020060241
-0.59156984,-0.22632934,9.134604,184159029778306
-0.62989014,-0.04790039,9.086704,184159039496371
-0.7652087,0.123343505,8.968151,184159049214436
-0.8143066,0.032332763,9.020841,184159058932501
-0.8322693,-0.18681152,9.171727,184159068650566
-0.68018556,-0.1951941,9.135802,184159078368631
-0.7316785,-0.20597167,9.202863,184159088086696
-0.75083864,-0.08981323,9.1765175,184159097804761
-0.6969507,-0.0371228,9.193282,184159107522826
-0.82867676,-0.038320314,9.201665,184159117240891
-0.82747924,-0.021555176,9.307046,184159126958956
-0.7879614,-0.0059875487,9.441167,184159136677021
-0.80113405,-0.085023195,9.496252,184159146395086
-0.68497556,-0.13052857,9.44955,184159156113151
-0.7580237,-0.1580713,9.49745,184159165831216
-0.6334827,-0.11975098,9.558523,184159175549281
-0.6730005,-0.12693603,9.544153,184159185267346
-0.6730005,-0.17962646,9.508227,184159194985411
-0.61911255,-0.0742456,9.50224,184159204703476
-0.6538403,-0.09460327,9.588461,184159214421541
-0.671803,-0.1484912,9.589658,184159224139606
-0.71251833,-0.15208374,9.551338,184159233857671
-0.64665526,-0.10897339,9.582473,184159243575736
-0.63468015,-0.039517824,9.568103,184159253293801
-0.68497556,0.022752685,9.51182,184159263011866
-0.6598279,0.038320314,9.601633,184159272729931
-0.64186525,0.09580078,9.538165,184159282447996
-0.6502478,0.083825685,9.509425,184159292166061
-0.7209009,0.11855347,9.580078,184159301884126
-0.68018556,0.034727782,9.566906,184159311602191
-0.66701293,0.039517824,9.605226,184159321320256
-0.76161623,-0.0119750975,9.686657,184159331038321
-0.7652087,0.041912843,9.72378,184159340756386
-0.7759863,0.09699829,9.770482,184159350474451
-0.7867639,0.43110353,9.56451,184159360192516
-0.82268924,0.4897815,9.24238,184159369910581
-0.1484912,0.95321774,6.9874697,184159379628646
-1.2022998,0.44427612,8.010143,184159389346711
-1.1472144,-0.77838135,9.141789,184159399064776
-0.86100954,-1.0741663,10.381212,184159408782841
-0.9352551,-0.18561402,9.942924,184159418500906
-1.3579761,0.82867676,9.52619,184159428218971
-1.4334192,1.1687695,9.235195,184159437937036
-1.22146,0.53049684,9.691446,184159447655101
-0.8837622,-0.19160156,10.078242,184159457373166
-0.7855664,-0.4514612,10.059082,184159467091231
-0.59156984,-0.24788453,9.77168,184159476809296
-0.70772827,0.23471192,9.462722,184159486527361
-0.7041357,0.25985962,9.372909,184159496245426
-0.6334827,0.15328126,9.357342,184159505963491
-0.5005591,-0.065863036,9.395661,184159515681556
-0.54247195,-0.18082398,9.302256,184159525399621
-0.49097902,-0.086220704,9.326206,184159535117686
-0.47181883,-0.0981958,9.24238,184159544835751
-0.54366946,-0.120948486,9.277108,184159554553816
-0.42391846,-0.19040406,9.257948,184159564271881
-0.45505372,-0.30177248,9.347761,184159573989946
-0.5065466,-0.4179309,9.332193,184159583708011
-0.49936157,-0.24548951,9.316626,184159593426076
-0.5508545,-0.17124389,9.193282,184159603174992
-0.5041516,-0.010777588,9.150172,184159612893057
-0.5448669,0.08023316,9.122629,184159622611122
-0.57959473,0.0,9.239985,184159632329187
-0.5867798,-0.04670288,9.295071,184159642047252
-0.6059399,-0.13052857,9.25675,184159651765317
-0.5448669,-0.15447876,9.268725,184159661483382
-0.6119275,-0.06346802,9.297466,184159671201447
-0.6478528,-0.028740235,9.2184305,184159680919512
-0.7149133,0.08023316,9.303453,184159690637577
-0.6753955,0.0490979,9.277108,184159700355642
-0.7089258,0.05269043,9.347761,184159710073707
-0.63108766,0.041912843,9.510623,184159719791772
-0.69096315,0.08981323,9.46871,184159729509837
-0.66821045,0.023950195,9.54535,184159739227902
-0.62031007,0.13412109,9.553733,184159748945967
-0.7723938,0.23950195,9.590856,184159758664032
-0.80472654,0.37601808,9.577683,184159768382097
-0.7831714,0.4418811,9.714199,184159778100162
-0.82747924,0.3915857,9.695039,184159787818227
-0.6502478,0.34488282,9.772877,184159797536292
-0.4155359,0.74485105,7.97781,184159807285208
-0.5736072,0.671803,7.38624,184159816972422
-0.8957373,-0.0119750975,8.349038,184159826721338
-0.7316785,-1.1364368,9.808803,184159836408552
-0.5041516,-1.2250525,10.271041,184159846126617
-0.6622229,-0.24189697,9.879456,184159855875533
-0.99992067,0.69096315,9.419612,184159865593598
-1.0322534,1.2933105,9.514215,184159875311663
-0.95321774,0.70293826,9.717792,184159885029728
-0.72928345,-0.3197351,10.102192,184159894747793
-0.3197351,-0.6706055,10.229129,184159904435007
-0.2586621,-0.33889526,9.974059,184159914153072
-0.25387207,0.18681152,9.539363,184159923871137
-0.3676355,0.29578492,9.336984,184159933589202
-0.37122804,0.09460327,9.362131,184159943307267
-0.33530274,0.0119750975,9.3944645,184159953025332
-0.37721556,-0.04550537,9.362131,184159962743397
-0.37721556,0.09580078,9.248368,184159972461462
-0.5484595,0.033530273,9.283095,184159982179527
-0.45026368,-0.03592529,9.296268,184159991897592
-0.5065466,-0.068258055,9.320218,184160001615657
-0.59755737,-0.06346802,9.42081,184160011333722
-0.6047424,-0.067060545,9.3872795,184160021051787
-0.6514453,-0.009580079,9.418414,184160030769852
-0.60234743,0.04430786,9.339378,184160040487917
-0.6598279,0.07544312,9.457932,184160050205982
-0.671803,0.0981958,9.441167,184160059924047
-0.6095325,-0.10538086,9.486672,184160069642112
-0.69455564,-0.023950195,9.437574,184160079360177
-0.6322852,-0.025147704,9.439969,184160089078242
-0.59635985,-0.05987549,9.370514,184160098796307
-0.6382727,0.039517824,9.412427,184160108514372
-0.5831873,0.043110352,9.293873,184160118201586
-0.5604346,0.0071850587,9.283095,184160127919651
-0.6059399,0.05149292,9.278306,184160137637716
-0.6442602,0.068258055,9.27591,184160147355781
-0.7209009,0.04430786,9.311836,184160157073846
-0.5161267,0.061072998,9.377699,184160166791911
-0.71251833,0.021555176,9.377699,184160176509976
-0.6322852,0.0035925293,9.460327,184160186228041
-0.5879773,0.0,9.529782,184160195946106
-0.676593,0.0035925293,9.51182,184160205664171
-0.5987549,0.14130615,9.396859,184160215382236
-0.6538403,0.16405883,9.386082,184160225100301
-0.6227051,0.1472937,9.412427,184160234818366
-0.5771997,0.08861572,9.587263,184160244536431
-0.5448669,0.08741821,9.655521,184160254254496
-0.6430628,0.07664063,9.674682,184160263972561
-0.549657,0.13292359,9.581276,184160273690626
-0.5113367,0.15447876,9.602831,184160283408691
-0.5412744,0.18681152,9.575288,184160293095905
-0.58079225,0.183219,9.644744,184160302813970
-0.38919067,0.44427612,8.819659,184160312532035
-0.23111938,0.39517823,6.8749037,184160322250100
-0.9568103,-0.3185376,8.313113,184160331968165
-0.6011499,-1.4346167,9.572893,184160341686230
-0.36164796,-0.9460327,10.278226,184160351404295
-0.8753796,0.13651611,9.911788,184160361122360
-1.353186,1.0753638,9.548943,184160370840425
-1.2633728,0.93765014,9.812395,184160380558490
-1.108894,0.13651611,10.215956,184160390276555
-0.7256909,-0.3927832,10.372829,184160399994620
-0.48020142,-0.068258055,10.038724,184160409712685
-0.57480466,0.46343628,9.605226,184160419430750
-0.54366946,0.6011499,9.419612,184160429148815
-0.5269043,0.25267455,9.48308,184160438866880
-0.42751098,-0.0119750975,9.642348,184160448584945
-0.3915857,0.07304809,9.459129,184160458303010
-0.49576905,0.21435425,9.273516,184160468021075
-0.5628296,0.21914428,9.164542,184160477739140
-0.5771997,0.17603393,9.260343,184160487457205
-0.44427612,-0.09580078,9.389674,184160497175270
-0.43828857,-0.17723145,9.401649,184160506893335
-0.5125342,-0.26584718,9.48308,184160516611400
-0.57959473,-0.19998413,9.402846,184160526329465
-0.5412744,-0.086220704,9.310638,184160536047530
-0.554447,0.023950195,9.193282,184160545765595
-0.5891748,0.031135254,9.309441,184160555483660
-0.6227051,-0.05269043,9.296268,184160565201725
-0.6706055,-0.16525635,9.408834,184160574919790
-0.59276736,-0.067060545,9.417217,184160584637855
-0.68497556,-0.083825685,9.376501,184160594355920
-0.5736072,0.07783814,9.432784,184160604073985
-0.63108766,0.029937744,9.477093,184160613792050
-0.6825806,0.07185058,9.398057,184160623510115
-0.6167175,0.16884887,9.333391,184160633228180
-0.72808594,0.11855347,9.402846,184160642946245
-0.7532337,0.24548951,9.432784,184160652664310
-0.63587767,0.24788453,9.477093,184160662351524
-0.7197034,0.29099488,9.642348,184160672100440
-0.6442602,0.28740233,9.566906,184160681818505
-0.68018556,0.30895752,9.629176,184160691536570
-0.6095325,0.36164796,9.571695,184160701254635
-0.6622229,0.33650026,9.665101,184160710972700
-0.6514453,0.3915857,9.703422,184160720690765
-0.55324954,0.22632934,9.370514,184160730377979
-0.032332763,0.6394702,6.7767076,184160740096044
-0.7723938,0.21794678,6.9766917,184160749814109
-0.9508228,-1.0346484,8.196955,184160759532174
-0.6478528,-1.8860779,9.965676,184160769281090
-0.49337402,-1.1723621,10.190808,184160778999155
-0.97477293,-0.09101074,9.980046,184160788717220
-1.2633728,1.0226734,9.630374,184160798404434
-1.2454102,0.8981323,9.939331,184160808122499
-0.9915381,0.009580079,10.163265,184160817840564
-0.6262976,-0.58198977,10.426718,184160827558629
-0.48259643,-0.3197351,10.162067,184160837276694
-0.37841308,0.2933899,9.75252,184160846994759
-0.47660887,0.53049684,9.44955,184160856712824
-0.43110353,0.34608033,9.368119,184160866430889
-0.37482056,0.14010864,9.46392,184160876148954
-0.3329077,0.15328126,9.42081,184160885867019
-0.41314086,0.21914428,9.299861,184160895585084
-0.4514612,0.18800904,9.304651,184160905303149
-0.46942383,0.08981323,9.22801,184160915021214
-0.46104127,0.04550537,9.272318,184160924739279
-0.48379394,-0.009580079,9.315429,184160934457344
-0.48738647,-0.064665526,9.419612,184160944175409
-0.4035608,-0.0071850587,9.499845,184160953893474
-0.5005591,-0.11735596,9.490265,184160963611539
-0.48738647,-0.1353186,9.534573,184160973329604
-0.6322852,-0.2562671,9.651929,184160983047669
-0.64665526,-0.23471192,9.56451,184160992765734
-0.53528684,-0.17124389,9.489067,184161002483799
-0.66342044,-0.0047900393,9.272318,184161012201864
-0.671803,0.013172608,9.251961,184161021919929
-0.65623534,0.062270507,9.323811,184161031637994
-0.69455564,-0.019160157,9.425599,184161041325208
-0.7161108,0.014370117,9.395661,184161051074124
-0.6598279,0.0059875487,9.371712,184161060761338
-0.6382727,-0.0023950196,9.303453,184161070479403
-0.64066774,-0.015567627,9.45434,184161080197468
-0.671803,0.085023195,9.400452,184161089915533
-0.58438474,0.040715333,9.400452,184161099633598
-0.6598279,0.07065307,9.389674,184161109351663
-0.69096315,0.18082398,9.3381815,184161119069728
-0.7149133,0.21555176,9.280701,184161128787793
-0.68018556,0.23830444,9.326206,184161138505858
-0.74006104,0.23830444,9.456735,184161148223923
-0.798739,0.24788453,9.576486,184161157941988
-0.6981482,0.29817992,9.47829,184161167660053
-0.8095166,0.23950195,9.378897,184161177378118
-0.6598279,0.14370117,9.708212,184161187096183
-0.613125,0.10897339,9.581276,184161196814248
-0.54606444,0.0,9.598041,184161206532313
-0.5041516,0.1353186,9.574091,184161216281229
-0.5652246,0.09220825,9.474697,184161225968443
-0.35925293,0.20597167,9.059161,184161235686508
0.17004639,0.7149133,6.5671434,184161245404573
-0.7867639,-0.0371228,7.7119627,184161255122638
-0.8634045,-1.4597644,8.9442005,184161264840703
-0.44427612,-1.7998571,10.338101,184161274558768
-0.5281018,-0.87777466,10.174043,184161284276833
-0.91489744,0.5771997,9.348959,184161293994898
-1.0310559,1.3052857,9.479487,184161303712963
-1.1987072,0.76161623,9.854308,184161313461879
-0.7388635,-0.36524048,10.405163,184161323179944
-0.4538562,-0.7244934,10.514135,184161332898009
-0.22632934,-0.14130615,10.007589,184161342616074
-0.44786865,0.45625123,9.444759,184161352303288
-0.5233118,0.6167175,9.417217,184161362021353
-0.46942383,0.31734008,9.47829,184161371739418
-0.34009278,0.09460327,9.486672,184161381457483
-0.36045045,0.09939331,9.328601,184161391175548
-0.42032593,0.2203418,9.328601,184161400893613
-0.48139894,0.2586621,9.352551,184161410611678
-0.51013917,0.16046631,9.332193,184161420329743
-0.33889526,-0.008382568,9.402846,184161430047808
-0.4418811,-0.04430786,9.374106,184161439765873
-0.49576905,0.015567627,9.479487,184161449483938
-0.3568579,-0.10777588,9.540561,184161459202003
-0.53169435,-0.16765137,9.554931,184161468920068
-0.6622229,-0.19160156,9.604029,184161478638133
-0.54366946,-0.13651611,9.4507475,184161488356198
-0.5867798,-0.07664063,9.442365,184161498074263
-0.5149292,-0.05628296,9.328601,184161507792328
-0.6370752,-0.034727782,9.25675,184161517510393
-0.5652246,-0.07664063,9.239985,184161527228458
-0.556842,-0.014370117,9.365724,184161536946523
-0.5484595,-0.067060545,9.332193,184161546664588
-0.59276736,0.082628176,9.350156,184161556382653
-0.59755737,0.033530273,9.340576,184161566100718
-0.5448669,0.0071850587,9.363329,184161575818783
-0.4538562,0.031135254,9.262738,184161585536848
-0.61791503,0.17603393,9.272318,184161595254913
-0.58079225,0.15567628,9.315429,184161604972978
-0.6059399,0.19160156,9.380094,184161614691043
-0.5628296,0.061072998,9.382489,184161624378257
-0.5987549,0.11376343,9.427995,184161634096322
-0.5640271,0.19399658,9.362131,184161643814387
-0.554447,0.14968872,9.432784,184161653532452
-0.53049684,0.05269043,9.429192,184161663250517
-0.49337402,0.019160157,9.527388,184161672968582
-0.45505372,0.0119750975,9.517808,184161682686647
-0.5652246,0.017962646,9.5214,184161692404712
-0.48499146,0.07065307,9.522597,184161702122777
-0.49816406,0.0059875487,9.475895,184161711840842
-0.39877075,0.05149292,9.51182,184161721558907
-0.5340893,0.0035925293,9.580078,184161731246121
-0.38440064,0.29937744,8.731044,184161740964186
-0.009580079,0.5053491,6.7623377,184161750682251
-0.89932984,-0.34248778,8.061636,184161760400316
-0.84065187,-1.7220191,9.946516,184161770118381
-0.35925293,-1.3184582,10.805131,184161779836446
-0.68976563,-0.19040406,10.138118,184161789554511
-1.0609937,1.3244458,9.581276,184161799272576
-1.3088782,1.228645,9.523795,184161808990641
-1.1388317,0.15208374,10.130933,184161818708706
-0.6586304,-0.44786865,10.483001,184161828426771
-0.3796106,-0.2574646,10.150093,184161838144836
-0.46942383,0.429906,9.565708,184161847862901
-0.5999524,0.64066774,9.429192,184161857580966
-0.5149292,0.3436853,9.404044,184161867299031
-0.4514612,0.05388794,9.547746,184161876986245
-0.38799316,0.029937744,9.451944,184161886704310
-0.4514612,0.083825685,9.358539,184161896422375
-0.45505372,0.04550537,9.400452,184161906140440
-0.4394861,0.022752685,9.283095,184161915858505
-0.4790039,-0.13891113,9.328601,184161925576570
-0.37482056,-0.14489868,9.304651,184161935294635
-0.4670288,-0.21914428,9.308244,184161945012700
-0.5053491,-0.16046631,9.358539,184161954730765
-0.60833496,-0.1592688,9.328601,184161964448830
-0.5664221,-0.11256592,9.336984,184161974136044
-0.6274951,-0.12693603,9.336984,184161983854109
-0.66701293,-0.104183346,9.366921,184161993572174
-0.62031007,-0.010777588,9.284293,184162003290239
-0.6322852,0.0119750975,9.269923,184162013008304
-0.62031007,-0.027542725,9.308244,184162022695518
-0.6598279,0.04670288,9.437574,184162032413583
-0.6598279,0.05388794,9.412427,184162042131648
-0.6215076,0.08861572,9.402846,184162051849713
-0.6933582,0.11735596,9.304651,184162061567778
-0.66701293,0.11376343,9.356144,184162071285843
-0.6490503,0.16765137,9.317823,184162080973057
-0.61552,0.15447876,9.333391,184162090691122
-0.556842,-0.0071850587,9.443562,184162100409187
-0.64066774,-0.008382568,9.504635,184162110127252
-0.6370752,0.13292359,9.527388,184162119845317
-0.5652246,0.08981323,9.448352,184162129563382
-0.5292993,0.10298584,9.438772,184162139281447
-0.6514453,-0.015567627,9.513018,184162148999512
-0.549657,0.019160157,9.594448,184162158717577
-0.48020142,0.010777588,9.461525,184162168404791
-0.5065466,-0.023950195,9.647139,184162178122856
-0.5041516,0.1101709,9.569301,184162187840921
-0.4658313,-0.05029541,9.649533,184162197558986
-0.5221143,0.1353186,9.152567,184162207277051
0.0119750975,0.55923706,6.9515443,184162216995116
-0.8310718,-0.027542725,8.005353,184162226713181
-0.79993653,-1.1280541,9.411229,184162236431246
-0.25147706,-1.0933264,10.279424,184162246118460
-0.52091676,0.016765136,9.842333,184162255836525
-0.87777466,1.1148816,9.303453,184162265554590
-0.9891431,1.2034973,9.038804,184162275272655
-1.0669812,0.17244141,9.850716,184162284990720
-0.5999524,-0.4646338,10.347682,184162294708785
-0.38559815,-0.33530274,10.035131,184162304426850
-0.5724097,0.19878662,9.774075,184162314144915
-0.70533323,0.429906,9.461525,184162323832129
-0.6622229,0.2814148,9.558523,184162333550194
-0.4790039,0.05149292,9.709409,184162343268259
-0.5903723,0.015567627,9.587263,184162352986324
-0.5412744,0.061072998,9.528585,184162362704389
-0.5664221,0.086220704,9.583671,184162372422454
-0.49936157,0.085023195,9.519005,184162382140519
-0.49457154,-0.04670288,9.514215,184162391827733
-0.5173242,-0.11855347,9.565708,184162401545798
-0.52570677,-0.08981323,9.412427,184162411263863
-0.6143225,0.021555176,9.4507475,184162420981928
-0.6382727,0.0,9.457932,184162430699993
-0.66342044,0.03592529,9.370514,184162440418058
-0.6382727,0.0,9.328601,184162450105272
-0.65264285,0.05149292,9.279503,184162459823337
-0.7101233,-0.0023950196,9.366921,184162469541402
-0.7388635,-0.07544312,9.477093,184162479259467
-0.676593,-0.09220825,9.489067,184162488977532
-0.6394702,0.013172608,9.400452,184162498695597
-0.61073,0.086220704,9.311836,184162508413662
-0.59276736,0.067060545,9.342971,184162518131727
-0.6430628,0.13771363,9.359736,184162527849792
-0.6658154,0.09220825,9.287886,184162537567857
-0.7197034,-0.039517824,9.388476,184162547285922
-0.6502478,0.0371228,9.479487,184162556973136
-0.5999524,-0.022752685,9.453142,184162566691201
-0.69216067,-0.04790039,9.413624,184162576409266
-0.61791503,-0.0119750975,9.517808,184162586127331
-0.65623534,-0.019160157,9.441167,184162595845396
-0.7268884,0.023950195,9.556128,184162605563461
-0.60713744,0.05029541,9.576486,184162615281526
-0.59276736,0.04670288,9.600436,184162624999591
-0.61073,0.12693603,9.514215,184162634717656
-0.5664221,0.14370117,9.558523,184162644435721
-0.49696654,0.14609618,9.601633,184162654153786
-0.46223876,0.09699829,8.92025,184162663871851
0.1353186,0.34248778,6.533613,184162673589916
-0.9065149,0.1484912,6.8186207,184162683307981
-1.1100916,-1.3004956,8.229287,184162693026046
-0.5508545,-1.6166382,10.332114,184162702744111
-0.42272094,-0.7232959,10.360854,184162712462176
-1.0633887,0.8298743,9.899814,184162722149390
-1.4226416,1.6621436,9.448352,184162731867455
-1.5184424,1.2681628,9.758507,184162741585520
-0.97716796,0.1592688,10.518926,184162751303585
-0.6442602,-0.366438,10.667417,184162761021650
-0.41912842,-0.05269043,10.303374,184162770739715
-0.57959473,0.38440064,9.890233,184162780457780
-0.6322852,0.45744872,9.748927,184162790175845
-0.5149292,0.15328126,9.750125,184162799893910
-0.42511597,-0.029937744,9.665101,184162809611975
-0.4155359,0.039517824,9.596844,184162819330040
-0.46343628,0.14130615,9.382489,184162829048105
-0.4418811,0.23111938,9.219627,184162838735319
-0.429906,-0.04430786,9.350156,184162848453384
-0.41314086,-0.15447876,9.417217,184162858171449
-0.4430786,-0.16405883,9.271121,184162867889514
-0.5269043,-0.10538086,9.311836,184162877607579
-0.5125342,-0.028740235,9.269923,184162887325644
-0.62031007,-0.086220704,9.309441,184162897043709
-0.69096315,-0.08861572,9.193282,184162906761774
-0.6730005,-0.09699829,9.272318,184162916479839
-0.6262976,-0.069455564,9.187295,184162926197904
-0.74365354,0.031135254,9.181308,184162935885118
-0.7723938,0.05388794,9.196875,184162945603183
-0.75682616,0.05508545,9.265133,184162955321248
-0.7424561,-0.0035925293,9.401649,184162965039313
-0.74485105,0.10538086,9.401649,184162974757378
-0.7759863,0.11136841,9.268725,184162984475443
-0.80472654,0.17244141,9.25675,184162994193508
-0.7711963,0.25147706,9.313033,184163003911573
-0.7855664,0.17363891,9.301059,184163013629638
-0.674198,0.07544312,9.429192,184163023316852
-0.6610254,0.013172608,9.489067,184163033034917
-0.6825806,0.061072998,9.404044,184163042752982
-0.7232959,0.05029541,9.514215,184163052471047
-0.7089258,0.025147704,9.4507475,184163062189112
-0.737666,0.05867798,9.404044,184163071907177
-0.7723938,0.068258055,9.528585,184163081625242
-0.66821045,0.040715333,9.527388,184163091343307
-0.6442602,0.10657837,9.536968,184163101061372
-0.66940796,0.1484912,9.680669,184163110748586
-0.58438474,0.07664063,9.348959,184163120466651
-0.21076173,0.80113405,6.7312026,184163130184716
-0.9292676,0.34488282,7.3586974,184163139902781
-0.9520203,-0.7807764,8.674761,184163149620846
-0.5783972,-1.4992822,10.342892,184163159338911
-0.47660887,-0.74365354,10.165661,184163169056976
-0.98195803,0.7113208,9.469907,184163178775041
-1.2394226,1.5519726,9.53098,184163188462255
-1.1172767,0.92687255,9.9081955,184163198180320
-0.84065187,-0.05628296,10.468631,184163207898385
-0.45505372,-0.54247195,10.552456,184163217616450
-0.34967285,-0.25506958,10.169253,184163227334515
-0.42391846,0.38320312,9.680669,184163237052580
-0.53528684,0.5269043,9.496252,184163246770645
-0.48259643,0.2814148,9.48787,184163256488710
-0.3065625,0.11496094,9.604029,184163266206775
-0.31494507,0.17244141,9.495055,184163275924840
-0.46104127,0.1963916,9.386082,184163285642905
-0.37721556,0.25985962,9.389674,184163295360970
-0.3412903,0.1844165,9.260343,184163305079035
-0.26704466,-0.014370117,9.248368,184163314797100
-0.3293152,-0.13771363,9.217233,184163324515165
-0.42272094,-0.14370117,9.25675,184163334233230
-0.4514612,-0.19758911,9.25675,184163343920444
-0.4646338,-0.14370117,9.374106,184163353638509
-0.5783972,-0.022752685,9.278306,184163363356574
-0.68018556,0.010777588,9.316626,184163373074639
-0.6370752,0.09220825,9.18011,184163382792704
-0.7041357,0.038320314,9.378897,184163392510769
-0.7161108,0.086220704,9.340576,184163402228834
-0.6730005,0.05987549,9.378897,184163411946899
-0.6873706,0.06346802,9.328601,184163421664964
-0.6646179,0.13052857,9.425599,184163431383029
-0.70772827,-0.032332763,9.320218,184163441101094
-0.77718383,-0.013172608,9.472302,184163450819159
-0.74006104,0.0,9.479487,184163460506373
-0.70174074,0.009580079,9.5070305,184163470224438
-0.7472461,-0.064665526,9.472302,184163479942503
-0.74604857,-0.0119750975,9.433982,184163489660568
-0.70772827,-0.010777588,9.3453665,184163499378633
-0.8202942,0.04670288,9.461525,184163509096698
-0.6933582,0.0371228,9.363329,184163518814763
-0.7197034,0.014370117,9.528585,184163528532828
-0.71730834,-0.015567627,9.606423,184163538220042
-0.6646179,-0.14370117,9.75252,184163547938107
-0.6622229,-0.05748047,9.695039,184163557656172
-0.6430628,-0.09340576,9.614806,184163567374237
-0.59516233,0.0981958,9.520203,184163577092302
-0.5664221,0.18681152,9.517808,184163586810367
-0.59276736,0.18800904,9.522597,184163596528432
-0.5736072,0.16645385,9.42081,184163606215646
-0.25387207,0.3161426,8.693921,184163615933711
-0.025147704,0.8945398,6.1683726,184163625651776
-0.8945398,0.0119750975,7.739506,184163635369841
-0.74485105,-1.6250207,9.77647,184163645087906
-0.104183346,-1.5388,10.944042,184163654805971
-0.39757323,-0.24309449,10.087822,184163664524036
-0.9352551,1.341211,9.42081,184163674242101
-1.1927197,1.3735437,9.182505,184163683929315
-1.2921131,0.14968872,10.236314,184163693647380
-0.58198977,-0.6490503,10.729688,184163703365445
-0.3185376,-0.3927832,10.20398,184163713083510
-0.4263135,0.3305127,9.589658,184163722801575
-0.66940796,0.676593,9.400452,184163732519640
-0.57480466,0.48379394,9.589658,184163742237705
-0.32692015,0.081430666,9.491463,184163751955770
-0.46942383,-0.0047900393,9.53098,184163761642984
-0.5029541,0.20716919,9.42081,184163771361049
-0.5712122,0.3820056,9.291478,184163781079114
-0.57480466,0.21315674,9.2890835,184163790797179
-0.52570677,0.031135254,9.378897,184163800515244
-0.5221143,-0.05388794,9.336984,184163810233309
-0.5484595,-0.06346802,9.307046,184163819951374
-0.5903723,-0.07304809,9.342971,184163829669439
-0.63468015,-0.13771363,9.307046,184163839387504
-0.61552,-0.06346802,9.350156,184163849105569
-0.64665526,-0.05867798,9.328601,184163858792783
-0.5891748,0.0,9.260343,184163868510848
-0.6251001,-0.062270507,9.396859,184163878228913
-0.6119275,-0.04790039,9.326206,184163887946978
-0.6490503,-0.039517824,9.466314,184163897665043
-0.6442602,-0.05029541,9.400452,184163907383108
-0.5724097,0.17124389,9.283095,184163917101173
-0.674198,0.10657837,9.362131,184163926819238
-0.66342044,0.15447876,9.303453,184163936537303
-0.6586304,0.081430666,9.269923,184163946255368
-0.66940796,0.17004639,9.332193,184163955973433
-0.5712122,0.05867798,9.302256,184163965660647
-0.6861731,-0.0071850587,9.474697,184163975378712
-0.6813831,0.15567628,9.541758,184163985096777
-0.53049684,0.14968872,9.467512,184163994814842
-0.5376819,0.19998413,9.503437,184164004532907
-0.59755737,0.032332763,9.562116,184164014250972
-0.5987549,0.18202148,9.431587,184164023969037
-0.5616321,0.17244141,9.517808,184164033687102
-0.5604346,0.1844165,9.491463,184164043405167
-0.549657,0.1844165,9.513018,184164053123232
-0.59156984,0.13292359,9.584868,184164062841297
-0.43589357,0.13292359,9.198072,184164072559362
0.07664063,0.53528684,6.581514,184164082246576
-0.6502478,0.13412109,6.7335973,184164091964641
-1.2346326,-1.1316468,8.6843405,184164101682706
-0.674198,-1.6465759,10.859018,184164111400771
-0.429906,-0.5149292,10.669812,184164121118836
-1.0118958,1.0322534,9.677076,184164130836901
-1.3016931,1.7028589,9.210048,184164140554966
-1.3268409,0.90411985,9.772877,184164150273031
-0.94363767,-0.13651611,10.542876,184164159991096
-0.50894165,-0.34727782,10.541678,184164169709161
-0.3544629,0.019160157,9.910591,184164179427226
-0.52091676,0.74006104,9.547746,184164189145291
-0.47062135,0.70533323,9.437574,184164198863356
-0.4418811,0.26464966,9.611214,184164208581421
-0.42391846,-0.027542725,9.713001,184164218268635
-0.32572266,0.064665526,9.570498,184164227986700
-0.44667113,0.20956421,9.384884,184164237704765
-0.556842,0.21435425,9.335786,184164247422830
-0.48259643,0.085023195,9.457932,184164257140895
-0.4406836,-0.034727782,9.419612,184164266858960
-0.48738647,-0.13891113,9.404044,184164276577025
-0.5628296,-0.064665526,9.398057,184164286295090
-0.5161267,-0.104183346,9.377699,184164296013155
-0.6538403,-0.039517824,9.374106,184164305731220
-0.6262976,-0.086220704,9.304651,184164315449285
-0.69575316,-0.05987549,9.226812,184164325167350
-0.6586304,-0.065863036,9.238788,184164334885415
-0.7819739,-0.04550537,9.287886,184164344603480
-0.75682616,-0.039517824,9.319021,184164354321545
-0.7699988,0.027542725,9.339378,184164364039610
-0.7759863,-0.082628176,9.350156,184164373757675
-0.78915894,0.07903565,9.3381815,184164383475740
-0.6981482,0.1101709,9.265133,184164393193805
-0.7807764,0.16046631,9.321416,184164402911870
-0.7472461,0.12693603,9.319021,184164412629935
-0.6825806,0.068258055,9.416019,184164422317149
-0.74125856,0.031135254,9.386082,184164432035214
-0.66701293,0.07664063,9.465117,184164441753279
-0.737666,-0.010777588,9.471105,184164451471344
-0.6993457,0.11615845,9.5214,184164461189409
-0.6933582,0.14130615,9.48308,184164470907474
-0.59755737,0.10657837,9.52619,184164480625539
-0.6095325,0.123343505,9.586065,184164490343604
-0.6490503,0.17363891,9.741742,184164500061669
-0.5987549,0.021555176,9.505833,184164509779734
-0.5760022,0.15328126,9.505833,184164519497799
-0.6059399,0.22632934,9.489067,184164529215864
-0.62031007,0.21794678,9.538165,184164538933929
-0.66342044,0.05628296,9.605226,184164548651994
-0.40835083,0.09939331,8.880733,184164558370059
0.14968872,0.21315674,6.2593837,184164568088124
-0.7316785,-0.42152345,7.5814342,184164577806189
-1.0238708,-1.8788928,9.546548,184164587524254
-0.3185376,-1.4944922,10.659035,184164597242319
-0.56881714,0.023950195,10.271041,184164606960384
-1.0909314,1.5878979,9.348959,184164616678449
-1.3699511,1.8429675,9.24717,184164626396514
-1.3579761,0.7232959,9.951306,184164636114579
-0.7316785,-0.31135255,10.641071,184164645832644
-0.24069947,-0.40835083,10.437495,184164655550709
-0.25985962,0.24069947,9.987231,184164665237923
-0.45864624,0.7244934,9.588461,184164674955988
-0.48738647,0.5604346,9.56451,184164684674053
-0.43110353,0.1951941,9.7393465,184164694392118
-0.38679564,0.064665526,9.486672,184164704110183
-0.38679564,0.22513184,9.407637,184164713828248
-0.47421387,0.28979737,9.360934,184164723546313
-0.50774413,0.120948486,9.382489,184164733264378
-0.48259643,-0.014370117,9.517808,184164742982443
-0.39757323,-0.16645385,9.51182,184164752700508
-0.53169435,-0.18202148,9.442365,184164762418573
-0.54247195,-0.16046631,9.336984,184164772136638
-0.5891748,-0.11376343,9.348959,184164781854703
-0.5867798,-0.013172608,9.285491,184164791572768
-0.5508545,0.124541014,9.147778,184164801290833
-0.53528684,0.0119750975,9.253158,184164811008898
-0.54606444,-0.11855347,9.25675,184164820726963
-0.5448669,-0.15687378,9.262738,184164830445028
-0.64066774,-0.18561402,9.20406,184164840132242
-0.671803,0.038320314,9.198072,184164849850307
-0.62390256,-0.05388794,9.229208,184164859568372
-0.6334827,0.04550537,9.186097,184164869286437
-0.63108766,-0.04550537,9.341774,184164879004502
-0.53169435,0.05269043,9.291478,184164888722567
-0.66821045,0.15208374,9.303453,184164898440632
-0.61552,0.14010864,9.354946,184164908158697
-0.66342044,0.07544312,9.417217,184164917876762
-0.70293826,0.16884887,9.460327,184164927594827
-0.60354495,0.124541014,9.509425,184164937312892
-0.59635985,0.05748047,9.605226,184164947030957
-0.53528684,0.031135254,9.565708,184164956749022
-0.50894165,0.025147704,9.538165,184164966467087
-0.51971924,0.034727782,9.560918,184164976185152
-0.5664221,0.043110352,9.53098,184164985903217
-0.5616321,0.09101074,9.55014,184164995621282
-0.54366946,0.069455564,9.714199,184165005339347
-0.4406836,0.17603393,9.608818,184165015057412
-0.32093263,0.3556604,8.178991,184165024775477
-0.17363891,0.11975098,6.514453,184165034493542
-0.7388635,-0.43589357,7.6640625,184165044211607
-0.8202942,-1.6561561,9.456735,184165053929672
-0.31734008,-1.0274634,10.553654,184165063647737
-0.6394702,0.19878662,10.11297,184165073365802
-1.2765454,1.169967,9.721384,184165083083867
-1.4968872,1.1687695,9.951306,184165092801932
-1.1735595,0.39757323,10.460248,184165102519997
-0.6753955,0.0371228,10.575209,184165112238062
-0.44427612,-0.022752685,10.314152,184165121925276
-0.39996827,0.34847534,10.033935,184165131643341
-0.40954834,0.46223876,9.812395,184165141361406
-0.36045045,0.2838098,9.691446,184165151079471
-0.18920654,0.21674927,9.630374,184165160797536
-0.22393432,0.11256592,9.513018,184165170515601
-0.31734008,0.041912843,9.489067,184165180233666
-0.30776,0.067060545,9.336984,184165189951731
-0.35925293,-0.04430786,9.328601,184165199669796
-0.32452515,-0.11615845,9.3872795,184165209387861
-0.366438,-0.17723145,9.3309965,184165219105926
-0.43349853,-0.22513184,9.299861,184165228823991
-0.45864624,-0.2203418,9.2890835,184165238542056
-0.43349853,-0.21794678,9.200467,184165248260121
-0.44786865,-0.16765137,9.251961,184165257978186
-0.59276736,-0.16645385,9.231603,184165267696251
-0.58558226,-0.21076173,9.283095,184165277414316
-0.5664221,-0.18681152,9.283095,184165287132381
-0.674198,-0.09340576,9.231603,184165296850446
-0.62031007,0.05269043,9.188493,184165306568511
-0.64066774,-0.05029541,9.166937,184165316286576
-0.6825806,-0.0119750975,9.212442,184165326004641
-0.7041357,0.082628176,9.404044,184165335722706
-0.6227051,-0.019160157,9.310638,184165345440771
-0.6969507,0.010777588,9.510623,184165355158836
-0.70174074,0.20716919,9.410031,184165364876901
-0.6706055,0.17004639,9.398057,184165374594966
-0.80233157,0.11376343,9.465117,184165384282180
-0.6598279,-0.067060545,9.496252,184165394000245
-0.64545774,-0.067060545,9.557325,184165403718310
-0.59516233,-0.062270507,9.466314,184165413436375
-0.4646338,0.07065307,9.412427,184165423154440
-0.5712122,0.040715333,9.442365,184165432872505
-0.5664221,0.062270507,9.504635,184165442590570
-0.5005591,-0.069455564,9.607621,184165452308635
-0.31494507,-0.10059082,9.596844,184165462026700
-0.3544629,-0.020357667,9.663904,184165471744765
-0.36404297,0.11256592,9.46871,184165481462830
-0.41194335,0.15328126,9.301059,184165491180895
0.19160156,0.71850586,6.7060547,184165500898960
-0.45505372,0.16166382,6.8485584,184165510617025
-0.8681946,-0.91489744,8.443642,184165520335090
-0.6095325,-1.6046631,10.215956,184165530053155
-0.5173242,-0.81191164,10.514135,184165539771220
-0.96160036,0.53289187,10.138118,184165549489285
-1.3723462,1.2681628,9.702224,184165559207350
-1.3100756,0.74604857,9.947714,184165568925415
-0.95321774,-0.0023950196,10.3512745,184165578643480
-0.5017566,-0.18082398,10.479408,184165588361545
-0.37482056,0.09340576,10.073452,184165598079610
-0.5388794,0.48499146,9.665101,184165607797675
-0.5053491,0.39637575,9.638756,184165617484889
-0.4658313,0.15208374,9.717792,184165627202954
-0.38320312,0.11735596,9.701027,184165636921019
-0.40595582,0.24429199,9.504635,184165646639084
-0.29578492,0.3915857,9.310638,184165656357149
-0.4287085,0.33410522,9.20406,184165666075214
-0.48379394,0.032332763,9.297466,184165675793279
-0.2706372,-0.11136841,9.305848,184165685511344
-0.36164796,-0.14250366,9.319021,184165695229409
-0.3676355,-0.17723145,9.310638,184165704947474
-0.4179309,-0.1844165,9.292676,184165714665539
-0.4430786,-0.183219,9.249565,184165724383604
-0.45625123,-0.010777588,9.200467,184165734101669
-0.48020142,-0.10777588,9.231603,184165743819734
-0.5652246,-0.07304809,9.362131,184165753537799
-0.5388794,-0.10538086,9.295071,184165763255864
-0.6274951,-0.12693603,9.362131,184165772973929
-0.5340893,-0.11376343,9.292676,184165782691994
-0.5388794,-0.09939331,9.21364,184165792410059
-0.64665526,0.0035925293,9.268725,184165802128124
-0.51971924,0.10178833,9.273516,184165811846189
-0.6095325,0.027542725,9.358539,184165821564254
-0.6730005,0.05508545,9.235195,184165831282319
-0.5053491,0.017962646,9.278306,184165841000384
-0.52570677,0.07304809,9.319021,184165850687598
-0.5053491,-0.013172608,9.374106,184165860436514
-0.6538403,0.05867798,9.301059,184165870154579
-0.6322852,-0.034727782,9.44955,184165879872644
-0.5340893,0.0490979,9.408834,184165889590709
-0.60234743,0.05149292,9.587263,184165899308774
-0.62989014,-0.04430786,9.623188,184165909026839
-0.5269043,-0.08741821,9.55972,184165918744904
-0.42032593,-0.10777588,9.608818,184165928432118
-0.429906,-0.07903565,9.624386,184165938150183
-0.4035608,0.010777588,9.623188,184165947868248
-0.5005591,0.082628176,9.553733,184165957586313
-0.4263135,0.17962646,9.57888,184165967304378
-0.45265868,0.11615845,9.633966,184165977022443
-0.3939807,0.05748047,9.684261,184165986740508
-0.3796106,0.36284545,8.917855,184165996458573
0.1844165,0.66701293,6.3743443,184166006176638
-0.8789722,0.033530273,7.931107,184166015894703
-0.80472654,-1.3244458,9.55014,184166025612768
-0.31015503,-1.0298584,10.730885,184166035330833
-0.70174074,0.10059082,10.225536,184166045048898
-1.0849439,1.0538086,9.713001,184166054766963
-1.1711645,1.3316308,9.2890835,184166064485028
-1.1639795,0.5783972,9.799222,184166074203093
-0.6777905,-0.14489868,10.273437,184166083921158
-0.36524048,-0.31494507,10.174043,184166093670074
-0.38679564,0.09939331,9.837543,184166103388139
-0.38080812,0.3903882,9.496252,184166113106204
-0.4071533,0.21076173,9.382489,184166122793418
-0.30057496,-0.029937744,9.539363,184166132511483
-0.2215393,-0.082628176,9.362131,184166142229548
-0.21674927,0.13292359,9.273516,184166151978464
-0.3556604,0.26105714,9.201665,184166161696529
-0.429906,0.08023316,9.255553,184166171414594
-0.4538562,-0.09101074,9.359736,184166181132659
-0.39517823,-0.20716919,9.406439,184166190819873
-0.4658313,-0.15208374,9.335786,184166200537938
-0.53528684,-0.15687378,9.323811,184166210256003
-0.5879773,-0.11975098,9.285491,184166219974068
-0.549657,-0.05508545,9.406439,184166229692133
-0.62390256,-0.0047900393,9.303453,184166239410198
-0.5676196,-0.0035925293,9.316626,184166249128263
-0.5999524,0.05867798,9.235195,184166258846328
-0.5736072,0.013172608,9.25675,184166268564393
-0.53169435,0.015567627,9.317823,184166278282458
-0.4921765,-0.067060545,9.399254,184166288000523
-0.5712122,-0.038320314,9.471105,184166297718588
-0.556842,-0.05388794,9.422007,184166307436653
-0.57480466,-0.039517824,9.353748,184166317154718
-0.6095325,0.041912843,9.357342,184166326872783
-0.57959473,0.13651611,9.4507475,184166336590848
-0.59276736,0.15328126,9.422007,184166346308913
-0.6286926,0.09460327,9.3872795,184166356026978
-0.5185217,0.120948486,9.445957,184166365745043
-0.6430628,0.07664063,9.592053,184166375463108
-0.55324954,0.05269043,9.510623,184166385181173
-0.4754114,0.13052857,9.477093,184166394899238
-0.57480466,0.20477417,9.437574,184166404617303
-0.54247195,0.04550537,9.474697,184166414335368
-0.4418811,0.0490979,9.56451,184166424053433
-0.4155359,0.05269043,9.528585,184166433771498
-0.5041516,0.0059875487,9.558523,184166443489563
-0.48020142,-0.015567627,9.491463,184166453207628
-0.4646338,0.04670288,9.621991,184166462925693
-0.53528684,-0.022752685,9.618399,184166472643758
-0.26824218,0.21555176,8.153844,184166482361823
-0.26584718,0.18561402,6.836583,184166492079888
-0.9891431,-0.48379394,8.310718,184166501797953
-0.864602,-1.5699353,9.880653,184166511516018
-0.5628296,-0.9891431,10.5692215,184166521234083
-0.81550413,0.27422974,10.249486,184166530952148
-1.2070899,1.3591735,9.586065,184166540670213
-1.2154725,1.2945081,9.623188,184166550388278
-1.0526111,0.39637575,10.120155,184166560106343
-0.671803,-0.22632934,10.5057535,184166569824408
-0.38559815,-0.04550537,10.244696,184166579542473
-0.45026368,0.38919067,9.769284,184166589260538
-0.5005591,0.6646179,9.551338,184166598978603
-0.4418811,0.45505372,9.610016,184166608696668
-0.3676355,0.07664063,9.690249,184166618414733
-0.39517823,0.0,9.400452,184166628132798
-0.4418811,0.14130615,9.371712,184166637850863
-0.5113367,0.2586621,9.16095,184166647568928
-0.4538562,0.11615845,9.2184305,184166657286993
-0.39877075,0.0,9.295071,184166667005058
-0.43828857,-0.20956421,9.350156,184166676723123
-0.47301635,-0.28740233,9.286688,184166686441188
-0.44427612,-0.23590942,9.346563,184166696159253
-0.59276736,-0.17483643,9.2328005,184166705877318
-0.53289187,-0.05388794,9.241183,184166715595383
-0.53049684,-0.05149292,9.25675,184166725313448
-0.49457154,-0.0371228,9.13221,184166735031513
-0.53648436,-0.064665526,9.224418,184166744749578
-0.5664221,0.0,9.200467,184166754467643
-0.62390256,-0.019160157,9.171727,184166764185708
-0.68497556,0.0071850587,9.145382,184166773903773
-0.5939648,0.05748047,9.19927,184166783621838
-0.5616321,0.039517824,9.248368,184166793339903
-0.60833496,0.124541014,9.178912,184166803057968
-0.59516233,0.19279908,9.374106,184166812776033
-0.51013917,0.19399658,9.268725,184166822494098
-0.5903723,-0.0059875487,9.499845,184166832212163
-0.6274951,0.13771363,9.47829,184166841930228
-0.552052,0.062270507,9.486672,184166851648293
-0.5939648,0.10897339,9.566906,184166861366358
-0.5604346,0.1580713,9.577683,184166871084423
-0.6610254,0.17124389,9.632769,184166880802488
-0.6730005,0.18082398,9.714199,184166890520553
-0.6514453,0.27303222,9.735754,184166900238618
-0.70533323,0.20836669,9.710607,184166909956683
-0.60234743,0.37601808,9.820778,184166919674748
-0.5400769,0.42032593,9.075927,184166929392813
0.10657837,0.3436853,6.540798,184166939110878
-0.60833496,-0.1484912,7.218589,184166948828943
-0.9424402,-1.5867004,8.929831,184166958547008
-0.4921765,-1.660946,10.45426,184166968265073
-0.64186525,-0.2802173,10.2949915,184166977983138
-1.0346484,1.2633728,9.787248,184166987701203
-1.4621594,1.7639319,9.335786,184166997419268
-1.3627661,0.857417,9.926159,184167007137333
-0.8262817,-0.13891113,10.468631,184167016855398
-0.5125342,-0.5065466,10.514135,184167026573463
-0.37122804,-0.18800904,10.153686,184167036291528
-0.5053491,0.27183473,9.75731,184167046009593
-0.552052,0.37482056,9.484278,184167055727658
-0.5185217,0.21914428,9.513018,184167065445723
-0.3939807,0.07544312,9.433982,184167075163788
-0.3927832,0.21076173,9.322614,184167084881853
-0.4790039,0.26225463,9.104667,184167094569067
-0.4155359,0.29099488,9.1693325,184167104287132
-0.48259643,0.1963916,9.278306,184167114005197
-0.5149292,0.015567627,9.298663,184167123723262
-0.4921765,-0.21315674,9.437574,184167133441327
-0.5783972,-0.25027955,9.461525,184167143159392
-0.6095325,-0.1484912,9.469907,184167152877457
-0.6262976,-0.10298584,9.384884,184167162595522
-0.59276736,-0.0011975098,9.342971,184167172282736
-0.58198977,0.023950195,9.377699,184167182000801
-0.6286926,0.041912843,9.260343,184167191718866
-0.63587767,-0.021555176,9.354946,184167201436931
-0.674198,0.0,9.448352,184167211154996
-0.6550378,-0.027542725,9.400452,184167220873061
-0.64545774,0.0981958,9.378897,184167230591126
-0.6825806,0.10178833,9.351354,184167240309191
-0.60234743,0.09699829,9.340576,184167250027256
-0.74365354,0.07304809,9.412427,184167259745321
-0.6227051,0.009580079,9.423204,184167269463386
-0.6490503,-0.0071850587,9.401649,184167279181451
-0.5712122,0.11975098,9.515412,184167288868665
-0.5724097,-0.016765136,9.447155,184167298617581
-0.6622229,-0.010777588,9.46871,184167308304795
-0.5736072,-0.038320314,9.479487,184167318022860
-0.6011499,-0.083825685,9.437574,184167327740925
-0.5783972,-0.032332763,9.436377,184167337458990
-0.6262976,-0.031135254,9.45434,184167347177055
-0.47301635,0.13651611,9.303453,184167356925971
-0.5484595,0.016765136,9.441167,184167366644036
-0.5712122,-0.0011975098,9.577683,184167376362101
-0.60833496,0.034727782,9.53098,184167386080166
-0.56881714,0.05748047,9.437574,184167395798231
-0.55324954,-0.010777588,9.620793,184167405516296
-0.66701293,0.07783814,9.303453,184167415234361
-0.120948486,0.55923706,6.9946547,184167424952426
-0.68497556,-0.032332763,7.270082,184167434670491
-1.0118958,-0.94842774,8.763376,184167444388556
-0.7879614,-1.355581,10.317744,184167454106621
-0.732876,-0.3927832,10.359657,184167463824686
-1.104104,0.8202942,9.735754,184167473542751
-1.3974938,1.404679,9.504635,184167483260816
-1.2094848,0.74006104,9.912986,184167492978881
-0.8981323,-0.09101074,10.384805,184167502696946
-0.59635985,-0.305365,10.429112,184167512415011
-0.5939648,0.05388794,9.963282,184167522133076
-0.68497556,0.43110353,9.605226,184167531820290
-0.62390256,0.39757323,9.46392,184167541538355
-0.5640271,0.21914428,9.513018,184167551256420
-0.48379394,0.16405883,9.429192,184167560974485
-0.43349853,0.20357665,9.363329,184167570692550
-0.51971924,0.16645385,9.236393,184167580410615
-0.53528684,0.10178833,9.196875,184167590128680
-0.5616321,-0.017962646,9.277108,184167599846745
-0.4263135,-0.1101709,9.310638,184167609533959
-0.4071533,-0.183219,9.328601,184167619252024
-0.55803955,-0.13292359,9.292676,184167628970089
-0.62031007,-0.13172607,9.374106,184167638688154
-0.5676196,-0.12933105,9.353748,184167648406219
-0.5760022,-0.05748047,9.340576,184167658124284
-0.66342044,0.039517824,9.304651,184167667842349
-0.6753955,-0.027542725,9.358539,184167677560414
-0.5508545,-0.009580079,9.443562,184167687278479
-0.6658154,-0.019160157,9.344169,184167696996544
-0.60354495,-0.03592529,9.372909,184167706683758
-0.556842,-0.009580079,9.411229,184167716401823
-0.59516233,0.0059875487,9.438772,184167726119888
-0.55803955,0.008382568,9.363329,184167735837953
-0.60833496,-0.014370117,9.307046,184167745556018
-0.59276736,-0.029937744,9.293873,184167755274083
-0.6047424,0.0742456,9.19927,184167764992148
-0.53169435,0.08861572,9.319021,184167774710213
-0.7137158,-0.07304809,9.362131,184167784428278
-0.5987549,-0.038320314,9.2890835,184167794146343
-0.613125,-0.04670288,9.357342,184167803864408
-0.5879773,-0.08861572,9.308244,184167813582473
-0.59276736,0.0,9.455537,184167823300538
-0.69575316,-0.07783814,9.459129,184167833018603
-0.60833496,-0.11735596,9.54535,184167842736668
-0.64066774,-0.023950195,9.607621,184167852454733
-0.68497556,0.082628176,9.647139,184167862172798
-0.6550378,0.123343505,9.580078,184167871890863
-0.7005432,0.18920654,9.605226,184167881608928
-0.55324954,0.22273682,9.21364,184167891326993
0.0371228,0.5412744,6.4629602,184167901045058
-0.8346643,-0.13891113,6.868916,184167910763123
-1.1184741,-1.2478051,8.456814,184167920481188
-0.732876,-1.6094531,10.460248,184167930199253
-0.549657,-0.5760022,10.631492,184167939917318
-1.1579919,0.8741821,9.951306,184167949635383
-1.4358143,1.6741186,9.606423,184167959353448
-1.3771362,1.0753638,9.736952,184167969040662
-1.0861413,-0.067060545,10.465038,184167978758727
-0.554447,-0.45505372,10.672207,184167988476792
-0.37242553,-0.1592688,10.114167,184167998194857
-0.60354495,0.44547364,9.668694,184168007943773
-0.64665526,0.4538562,9.596844,184168017661838
-0.48858398,0.083825685,9.695039,184168027349052
-0.34009278,-0.20477417,9.724977,184168037067117
-0.33410522,-0.021555176,9.508227,184168046785182
-0.3580554,0.10178833,9.317823,184168056503247
-0.48858398,0.13891113,9.268725,184168066221312
-0.432301,-0.07783814,9.340576,184168075939377
-0.47301635,-0.2203418,9.357342,184168085657442
-0.47421387,-0.34727782,9.429192,184168095375507
-0.50774413,-0.26584718,9.3381815,184168105093572
-0.48618898,-0.20357665,9.249565,184168114811637
-0.63108766,-0.083825685,9.210048,184168124529702
-0.6490503,-0.08861572,9.201665,184168134247767
-0.70293826,-0.09699829,9.1849,184168143965832
-0.7472461,-0.08741821,9.271121,184168153683897
-0.6550378,-0.13771363,9.325008,184168163401962
-0.75083864,-0.10777588,9.269923,184168173120027
-0.7209009,-0.13651611,9.296268,184168182838092
-0.63587767,0.104183346,9.193282,184168192556157
-0.7149133,0.05388794,9.248368,184168202274222
-0.73407346,-0.013172608,9.219627,184168211992287
-0.71251833,-0.020357667,9.286688,184168221710352
-0.73048097,0.015567627,9.24717,184168231428417
-0.72808594,0.010777588,9.301059,184168241146482
-0.7592212,-0.082628176,9.402846,184168250864547
-0.6969507,-0.032332763,9.360934,184168260582612
-0.6370752,-0.082628176,9.467512,184168270300677
-0.60354495,0.034727782,9.392069,184168280018742
-0.70533323,-0.065863036,9.366921,184168289736807
-0.5664221,-0.05269043,9.56451,184168299454872
-0.5340893,0.033530273,9.547746,184168309172937
-0.5388794,0.05628296,9.477093,184168318891002
-0.6119275,-0.033530273,9.558523,184168328578216
-0.5125342,-0.1101709,9.627978,184168338296281
-0.48618898,-0.0742456,9.598041,184168348014346
-0.45625123,-0.11376343,9.547746,184168357732411
-0.49696654,0.015567627,9.505833,184168367450476
-0.5269043,0.032332763,9.467512,184168377168541
-0.5269043,0.1101709,9.491463,184168386886606
-0.4287085,0.05867798,9.2890835,184168396604671
0.081430666,0.6598279,6.5839086,184168406322736
-0.7652087,0.13771363,6.9826794,184168416040801
-1.2202624,-1.0442286,8.826844,184168425758866
-0.8681946,-1.7723144,10.856624,184168435476931
-0.6059399,-0.63587767,10.849439,184168445194996
-1.1400293,0.82268924,9.939331,184168454913061
-1.4022839,1.5016773,9.29028,184168464631126
-1.4154565,0.91489744,9.626781,184168474349191
-0.9675879,-0.0119750975,10.3931875,184168484067256
-0.45505372,-0.43589357,10.423125,184168493785321
-0.37601808,-0.17244141,9.924961,184168503503386
-0.5400769,0.29099488,9.587263,184168513221451
-0.61911255,0.3676355,9.554931,184168522939516
-0.5412744,0.025147704,9.645941,184168532657581
-0.429906,-0.08861572,9.584868,184168542375646
-0.53289187,-0.0011975098,9.278306,184168552093711
-0.69455564,0.22752686,9.183702,184168561811776
-0.63108766,0.17603393,9.269923,184168571529841
-0.6370752,0.05029541,9.125025,184168581247906
-0.54726195,-0.065863036,9.251961,184168590965971
-0.5664221,-0.18561402,9.214838,184168600684036
-0.53049684,-0.2203418,9.192085,184168610402101
-0.59156984,-0.21435425,9.188493,184168620120166
-0.6777905,-0.26225463,9.298663,184168629838231
-0.63587767,-0.17723145,9.297466,184168639556296
-0.6274951,-0.062270507,9.129814,184168649274361
-0.6981482,-0.15687378,9.238788,184168658992426
-0.65623534,-0.18920654,9.18011,184168668710491
-0.70772827,-0.23830444,9.462722,184168678428556
-0.5185217,-0.26704466,9.456735,184168688146621
-0.5760022,-0.22752686,9.474697,184168697864686
-0.5664221,-0.18202148,9.365724,184168707582751
-0.76281375,0.0023950196,9.438772,184168717300816
-0.796344,0.085023195,9.45434,184168727018881
-0.78915894,-0.0059875487,9.48787,184168736736946
-0.7975415,0.025147704,9.48787,184168746455011
-0.6885681,0.122145995,9.539363,184168756173076
-0.69216067,0.0742456,9.510623,184168765891141
-0.6730005,0.06346802,9.5070305,184168775609206
-0.65264285,-0.040715333,9.54535,184168785327271
-0.6490503,-0.05867798,9.649533,184168795045336
-0.6442602,-0.14010864,9.570498,184168804763401
-0.6646179,-0.09460327,9.542955,184168814481466
-0.59755737,-0.039517824,9.586065,184168824199531
-0.55803955,-0.027542725,9.618399,184168833917596
-0.613125,0.0119750975,9.52619,184168843635661
-0.59156984,0.081430666,9.496252,184168853353726
-0.556842,0.10298584,9.489067,184168863071791
-0.5999524,-0.014370117,9.560918,184168872789856
-0.4263135,0.20357665,8.90109,184168882507921
0.34727782,0.6598279,5.795947,184168892225986
-0.70533323,0.19040406,6.2941113,184168901944051
-1.3292358,-1.7351917,8.819659,184168911662116
-0.7496411,-2.254911,11.032658,184168921380181
-0.49097902,-0.920885,10.793156,184168931098246
-1.2454102,0.9448352,9.560918,184168940816311
-1.5435901,1.6836988,9.073531,184168950534376
-1.4765296,0.70533323,9.703422,184168960252441
-0.88735473,-0.38919067,10.540481,184168969970506
-0.40835083,-0.8370593,10.641071,184168979688571
-0.4047583,-0.25267455,9.959689,184168989406636
-0.5448669,0.38440064,9.568103,184168999124701
-0.5616321,0.59755737,9.45434,184169008842766
-0.5448669,0.23950195,9.584868,184169018560831
-0.3796106,-0.12573853,9.612411,184169028278896
-0.42391846,-0.11376343,9.475895,184169037996961
-0.54726195,0.0035925293,9.503437,184169047715026
-0.5149292,0.068258055,9.360934,184169057433091
-0.54247195,0.014370117,9.278306,184169067151156
-0.5712122,-0.09101074,9.461525,184169076869221
-0.5879773,-0.1951941,9.414822,184169086587286
-0.5987549,-0.24429199,9.433982,184169096305351
-0.6251001,-0.17124389,9.354946,184169106023416
-0.64186525,-0.28979737,9.336984,184169115741481
-0.6251001,-0.17483643,9.413624,184169125459546
-0.7113208,-0.12693603,9.353748,184169135177611
-0.7244934,-0.14130615,9.389674,184169144895676
-0.7364685,0.034727782,9.263935,184169154613741
-0.796344,-0.0981958,9.305848,184169164331806
-0.59635985,-0.027542725,9.2890835,184169174049871
-0.6538403,0.014370117,9.407637,184169183767936
-0.6262976,0.009580079,9.471105,184169193486001
-0.7424561,-0.04790039,9.406439,184169203204066
-0.66701293,-0.023950195,9.460327,184169212922131
-0.71251833,0.008382568,9.325008,184169222640196
-0.68018556,0.028740235,9.370514,184169232358261
-0.6550378,-0.020357667,9.453142,184169242076326
-0.71850586,-0.027542725,9.447155,184169251794391
-0.70174074,-0.120948486,9.474697,184169261512456
-0.60234743,-0.09220825,9.493857,184169271230521
-0.70772827,-0.13052857,9.5214,184169280948586
-0.65264285,-0.07664063,9.445957,184169290666651
-0.66821045,-0.13172607,9.539363,184169300384716
-0.7101233,-0.029937744,9.474697,184169310071930
-0.70293826,-0.10059082,9.568103,184169319789995
-0.6502478,0.05508545,9.52619,184169329508060
-0.70772827,-0.0071850587,9.457932,184169339226125
-0.6873706,0.08023316,9.554931,184169348944190
-0.6059399,0.17124389,9.53098,184169358662255
-0.07185058,0.5149292,7.140751,184169368380320
-0.53289187,-0.21794678,7.0629125,184169378098385
-1.1412268,-1.1867322,8.566985,184169387816450
-0.7532337,-1.5878979,10.105785,184169397534515
-0.6322852,-0.46343628,10.174043,184169407283431
-1.1508069,0.8466394,9.79084,184169417001496
-1.4310242,1.4885046,9.466314,184169426719561
-1.463357,0.6442602,9.756112,184169436437626
-1.1076965,-0.4047583,10.465038,184169446124840
-0.57480466,-0.59635985,10.438693,184169455873756
-0.4790039,-0.0011975098,9.884246,184169465560970
-0.7005432,0.5448669,9.55014,184169475279035
-0.75203615,0.58558226,9.416019,184169484997100
-0.5640271,0.069455564,9.581276,184169494715165
-0.41673338,-0.2838098,9.692644,184169504433230
-0.32332763,-0.18202148,9.55014,184169514151295
-0.5484595,0.008382568,9.457932,184169523869360
-0.5125342,0.029937744,9.353748,184169533587425
-0.5125342,-0.027542725,9.280701,184169543305490
-0.51013917,-0.19040406,9.317823,184169553023555
-0.4790039,-0.27782226,9.320218,184169562741620
-0.45984375,-0.24908203,9.366921,184169572459685
-0.6227051,-0.32452515,9.350156,184169582177750
-0.68018556,-0.30895752,9.321416,184169591895815
-0.56881714,-0.19040406,9.311836,184169601613880
-0.58079225,-0.25147706,9.238788,184169611331945
-0.5867798,-0.2933899,9.114246,184169621050010
-0.61073,-0.15687378,9.201665,184169630768075
-0.6610254,-0.14250366,9.142987,184169640486140
-0.6598279,-0.11975098,9.24238,184169650204205
-0.735271,-0.0071850587,9.2256155,184169659922270
-0.77718383,-0.061072998,9.251961,184169669640335
-0.74365354,-0.15687378,9.254355,184169679358400
-0.7927515,-0.0742456,9.374106,184169689076465
-0.7807764,-0.05388794,9.395661,184169698794530
-0.79993653,0.07065307,9.344169,184169708512595
-0.8813672,-0.05269043,9.479487,184169718230660
-0.76640624,-0.04790039,9.489067,184169727948725
-0.8250842,-0.08741821,9.51661,184169737666790
-0.73407346,0.025147704,9.560918,184169747384855
-0.7652087,0.05748047,9.623188,184169757102920
-0.7220984,0.07903565,9.588461,184169766820985
-0.796344,-0.009580079,9.647139,184169776539050
-0.81789917,-0.07664063,9.75731,184169786257115
-0.7244934,0.029937744,9.748927,184169796006031
-0.77838135,-0.05388794,9.678274,184169805724096
-0.676593,0.11376343,9.763297,184169815411310
-0.58438474,0.16765137,9.580078,184169825160226
-0.62031007,0.10538086,9.610016,184169834878291
-0.5269043,0.25147706,9.087902,184169844565505
0.20237915,0.45505372,6.14083,184169854283570
-1.0130932,-0.42272094,7.611372,184169864001635
-1.0502161,-1.8453625,9.466314,184169873719700
-0.60833496,-1.407074,10.788365,184169883437765
-0.94962525,-0.08981323,10.4638405,184169893155830
-1.1100916,1.6944764,9.508227,184169902873895
-1.2034973,1.7339941,8.919053,184169912591960
-1.3016931,0.3065625,9.783655,184169922310025
-0.4430786,-0.6011499,10.516531,184169932028090
-0.08861572,-0.5173242,10.195599,184169941746155
-0.24668701,-0.0071850587,9.508227,184169951464220
-0.38919067,0.45265868,9.220825,184169961182285
-0.37482056,0.21435425,9.378897,184169970900350
-0.27303222,-0.18202148,9.572893,184169980618415
-0.26225463,-0.09460327,9.55014,184169990336480
-0.32093263,-0.014370117,9.412427,184170000054545
-0.3939807,0.08023316,9.351354,184170009772610
-0.51971924,0.0071850587,9.329799,184170019490675
-0.5161267,0.0023950196,9.424402,184170029208740
-0.53289187,-0.1101709,9.584868,184170038926805
-0.6167175,-0.19399658,9.547746,184170048644870
-0.6646179,-0.17723145,9.5214,184170058362935
-0.81670165,-0.06346802,9.43518,184170068081000
-0.7747888,-0.0059875487,9.437574,184170077799065
-0.91489744,0.022752685,9.357342,184170087486279
-0.7831714,0.026345216,9.370514,184170097204344
-0.90531737,-0.014370117,9.412427,184170106922409
-0.9292676,0.025147704,9.302256,184170116640474
-0.9029224,-0.040715333,9.466314,184170126358539
-0.8107141,0.0119750975,9.315429,184170136076604
-0.91250247,0.033530273,9.297466,184170145794669
-0.9424402,0.0011975098,9.26154,184170155512734
-0.8849597,0.11975098,9.22322,184170165230799
-0.8981323,0.123343505,9.202863,184170174948864
-0.86579955,0.083825685,9.305848,184170184666929
-0.80233157,0.0023950196,9.2256155,184170194384994
-0.7723938,0.05029541,9.314231,184170204103059
-0.7484436,0.10298584,9.329799,184170213821124
-0.74604857,0.029937744,9.334589,184170223539189
-0.91609496,0.025147704,9.347761,184170233257254
-0.86579955,-0.05508545,9.390872,184170242975319
-0.79394895,-0.0071850587,9.432784,184170252693384
-0.86579955,0.05628296,9.451944,184170262411449
-0.7867639,0.14130615,9.383686,184170272129514
-0.8370593,0.18681152,9.357342,184170281847579
-0.7424561,0.07544312,9.357342,184170291565644
-0.75562865,0.067060545,9.4507475,184170301252858
-0.7807764,0.15447876,9.402846,184170310970923
-0.7496411,0.20956421,9.269923,184170320688988
-0.737666,0.17483643,9.404044,184170330407053
-0.72808594,0.21435425,9.480685,184170340125118
-0.71730834,0.1101709,9.462722,184170349843183
-0.7879614,0.21076173,9.329799,184170359561248
-0.6382727,0.20237915,9.390872,184170369279313
-0.66342044,0.122145995,9.410031,184170378997378
-0.6873706,0.08861572,9.453142,184170388715443
-0.69455564,0.029937744,9.505833,184170398433508
-0.64066774,0.0,9.396859,184170408151573
-0.56881714,0.18920654,9.439969,184170417869638
-0.6538403,0.17124389,9.327404,184170427587703
-0.5879773,0.15567628,9.304651,184170437305768
-0.61073,0.15088624,9.322614,184170447023833
-0.6502478,0.11975098,9.436377,184170456741898
-0.5783972,-0.020357667,9.524993,184170466429112
-0.65743285,-0.022752685,9.368119,184170476147177
-0.6885681,0.05867798,9.447155,184170485865242
-0.5616321,0.09101074,9.396859,184170495583307
-0.6167175,0.068258055,9.340576,184170505301372
-0.6813831,0.11376343,9.377699,184170514988586
-0.5640271,0.041912843,9.445957,184170524706651
-0.6586304,0.040715333,9.485475,184170534424716
-0.6286926,0.07783814,9.505833,184170544142781
-0.58438474,0.10897339,9.459129,184170553860846
-0.735271,0.09220825,9.411229,184170563578911
-0.6274951,0.11615845,9.479487,184170573296976
-0.6430628,0.1484912,9.4507475,184170583015041
-0.6873706,0.20118164,9.315429,184170592702255
-1.0550061,0.16884887,9.105865,184170602420320
-0.72928345,0.23950195,9.327404,184170612138385
-0.63587767,0.11496094,9.150172,184170621856450
-0.49097902,-0.16884887,9.437574,184170631574515
-0.5724097,-0.2933899,9.53577,184170641261729
-0.51971924,-0.021555176,9.517808,184170650979794
-0.93286014,0.38679564,9.195678,184170660697859
-1.223855,0.5903723,9.101074,184170670415924
-1.101709,0.5137317,9.265133,184170680133989
-0.7867639,0.25985962,9.524993,184170689852054
-0.48379394,-0.19399658,9.817185,184170699570119
-0.6550378,-0.2933899,9.821975,184170709288184
-0.7759863,0.016765136,9.729767,184170719006249
-0.8837622,0.2574646,9.576486,184170728724314
-0.77838135,0.28620484,9.498648,184170738442379
-0.70174074,0.19998413,9.241183,184170748160444
-0.7041357,0.33410522,9.390872,184170757878509
