-0.35087037,0.008382568,9.305848,184840697176472
-0.4778064,0.040715333,9.370514,184840706894537
-0.23471192,0.017962646,9.406439,184840716612602
-0.26225463,-0.027542725,9.374106,184840726330667
-0.3556604,-0.0035925293,9.243578,184840736048732
-0.33171022,0.029937744,9.251961,184840745766797
-0.3221301,0.104183346,9.202863,184840755515713
-0.37601808,0.21555176,9.260343,184840765233778
-0.38919067,0.14609618,9.24717,184840774951843
-0.5484595,0.21914428,9.388476,184840784669908
-0.549657,0.21435425,9.363329,184840794387973
-0.49457154,0.25387207,9.251961,184840804106038
-0.46942383,0.17004639,9.395661,184840813824103
-0.43469605,0.11136841,9.466314,184840823542168
-0.42511597,0.07544312,9.538165,184840833260233
-0.34248778,0.14609618,9.453142,184840843009149
-0.30177248,0.05149292,9.554931,184840852727214
-0.25147706,0.032332763,9.395661,184840862445279
-0.20716919,0.05748047,9.472302,184840872163344
-0.16286133,0.083825685,9.447155,184840881881409
-0.19160156,0.03592529,9.46392,184840891599474
-0.14370117,-0.03592529,9.59325,184840901317539
-0.05867798,-0.14968872,9.680669,184840911066455
-0.08023316,-0.15567628,9.740544,184840920784520
-0.17483643,-0.067060545,9.581276,184840930502585
-0.08741821,-0.017962646,9.563313,184840940220650
-0.027542725,0.010777588,9.544153,184840949938715
-0.12813355,0.025147704,9.583671,184840959656780
-0.05867798,-0.040715333,9.636361,184840969374845
-0.11615845,-0.07304809,9.582473,184840979092910
-0.11136841,-0.065863036,9.707014,184840988841826
0.0119750975,-0.04670288,9.586065,184840998559891
-0.09220825,-0.0047900393,9.563313,184841008277956
-0.08981323,-0.019160157,9.524993,184841017996021
-0.11735596,0.14968872,9.374106,184841027714086
-0.19279908,0.0981958,9.348959,184841037432151
-0.26105714,0.1472937,9.335786,184841047150216
-0.24548951,0.11975098,9.431587,184841056899132
-0.24309449,0.016765136,9.395661,184841066617197
-0.22992188,-0.027542725,9.437574,184841076335262
-0.11615845,-0.05508545,9.481882,184841086053327
-0.104183346,-0.033530273,9.503437,184841095771392
-0.12573853,0.025147704,9.298663,184841105489457
-0.11496094,0.1963916,9.285491,184841115207522
-0.023950195,0.12813355,9.24238,184841124956438
-0.1592688,0.038320314,9.481882,184841134674503
-0.07544312,-0.15687378,9.462722,184841144392568
-0.028740235,-0.1484912,9.48787,184841154110633
-0.061072998,-0.05508545,9.46392,184841163828698
-0.12573853,-0.1353186,9.424402,184841173546763
-0.15208374,-0.1844165,9.484278,184841183264828
-0.12813355,-0.19998413,9.5214,184841193013744
-0.1472937,-0.15328126,9.467512,184841202731809
-0.13412109,-0.11496094,9.374106,184841212449874
-0.14010864,-0.069455564,9.433982,184841222167939
-0.08741821,-0.13052857,9.475895,184841231886004
-0.16046631,-0.21794678,9.51661,184841241604069
-0.17004639,-0.26225463,9.611214,184841251322134
-0.082628176,-0.27303222,9.594448,184841261040199
-0.14250366,-0.09340576,9.551338,184841270789115
-0.1951941,0.0,9.426797,184841280507180
-0.16166382,0.0023950196,9.432784,184841290225245
-0.18800904,-0.039517824,9.459129,184841299943310
-0.23830444,-0.05269043,9.431587,184841309661375
-0.2562671,-0.0371228,9.52619,184841319379440
-0.2969824,0.026345216,9.433982,184841329097505
-0.32332763,-0.013172608,9.472302,184841338815570
-0.32692015,-0.027542725,9.327404,184841348564486
-0.3221301,0.05987549,9.323811,184841358282551
-0.35326537,0.10657837,9.341774,184841368000616
-0.3412903,0.11256592,9.336984,184841377718681
-0.3580554,0.04670288,9.328601,184841387436746
-0.34488282,0.10657837,9.362131,184841397185662
-0.305365,-0.05269043,9.554931,184841406903727
-0.26704466,-0.1472937,9.581276,184841416621792
-0.23710693,-0.11855347,9.565708,184841426339857
-0.26464966,-0.05149292,9.479487,184841436057922
-0.3412903,-0.0035925293,9.393267,184841445806838
-0.31374756,0.04550537,9.423204,184841455524903
-0.24908203,0.064665526,9.374106,184841465242968
-0.20118164,-0.009580079,9.380094,184841474961033
-0.16166382,-0.020357667,9.315429,184841484679098
-0.20357665,-0.033530273,9.45434,184841494397163
-0.26345214,0.07544312,9.424402,184841504146079
-0.30177248,0.07783814,9.362131,184841513864144
-0.35925293,0.043110352,9.456735,184841523582209
-0.31255004,-0.021555176,9.407637,184841533300274
-0.22393432,-0.0035925293,9.423204,184841543018339
-0.15447876,0.010777588,9.384884,184841552736404
-0.0981958,0.065863036,9.251961,184841562454469
-0.11376343,0.0119750975,9.22801,184841572172534
-0.1101709,0.0371228,9.265133,184841581921450
-0.24908203,0.015567627,9.342971,184841591639515
-0.17723145,-0.11496094,9.359736,184841601357580
-0.15208374,-0.05748047,9.405242,184841611075645
-0.0742456,0.026345216,9.314231,184841620793710
-0.11855347,0.07304809,9.25675,184841630511775
-0.17603393,0.10538086,9.311836,184841640260691
-0.061072998,0.05748047,9.328601,184841649978756
-0.13651611,-0.0023950196,9.346563,184841659696821
-0.09340576,0.021555176,9.251961,184841669414886
-0.0742456,-0.010777588,9.295071,184841679163802
-0.17363891,-0.009580079,9.424402,184841688881867
-0.19040406,0.0011975098,9.441167,184841698599932
-0.20357665,-0.034727782,9.491463,184841708317997
-0.17004639,-0.07903565,9.471105,184841718036062
-0.10657837,-0.0059875487,9.433982,184841727754127
-0.22513184,-0.0119750975,9.433982,184841737472192
-0.21674927,0.2574646,9.501042,184841747221108
-0.33171022,0.12933105,9.384884,184841756939173
-0.20716919,0.05508545,9.539363,184841766657238
-0.30057496,-0.0371228,9.572893,184841776375303
-0.25267455,0.12813355,9.515412,184841786093368
-0.27303222,0.05269043,9.504635,184841795811433
-0.26584718,0.039517824,9.484278,184841805560349
-0.27782226,-0.0023950196,9.590856,184841815278414
-0.25387207,-0.013172608,9.523795,184841824996479
-0.25267455,-0.0035925293,9.462722,184841834714544
-0.31015503,-0.017962646,9.471105,184841844432609
-0.24069947,-0.11855347,9.44955,184841854181525
-0.2215393,-0.07544312,9.419612,184841863899590
-0.24548951,-0.12933105,9.365724,184841873617655
-0.15567628,-0.15567628,9.374106,184841883335720
-0.11496094,-0.13771363,9.432784,184841893053785
-0.15088624,-0.15208374,9.286688,184841902771850
-0.15208374,-0.19279908,9.328601,184841912520766
-0.23830444,-0.18800904,9.437574,184841922238831
-0.15088624,-0.12933105,9.405242,184841931956896
-0.17363891,-0.07664063,9.301059,184841941674961
-0.23950195,-0.0490979,9.350156,184841951393026
-0.13052857,-0.16884887,9.335786,184841961111091
-0.10538086,-0.20357665,9.485475,184841970829156
-0.16765137,-0.09101074,9.484278,184841980547221
-0.21674927,-0.083825685,9.427995,184841990296137
-0.26464966,-0.04550537,9.3453665,184842000014202
-0.28740233,0.05748047,9.444759,184842009732267
-0.25387207,-0.07185058,9.489067,184842019450332
-0.24788453,-0.1353186,9.484278,184842029168397
-0.20956421,-0.07544312,9.5214,184842038886462
-0.2562671,0.0,9.432784,184842048604527
-0.29578492,-0.0371228,9.493857,184842058322592
-0.19758911,-0.12813355,9.459129,184842068040657
-0.2335144,-0.10538086,9.509425,184842077758722
-0.19399658,-0.062270507,9.429192,184842087476787
-0.27303222,0.025147704,9.423204,184842097194852
-0.36284545,0.04670288,9.395661,184842106912917
-0.33889526,0.10178833,9.347761,184842116630982
-0.37242553,-0.010777588,9.399254,184842126349047
-0.3580554,-0.014370117,9.519005,184842136067112
-0.2838098,-0.04550537,9.436377,184842145785177
-0.28620484,-0.12933105,9.499845,184842155503242
-0.3197351,-0.08023316,9.484278,184842165221307
-0.3065625,-0.11376343,9.536968,184842174939372
-0.3329077,-0.015567627,9.556128,184842184657437
-0.34009278,0.0023950196,9.595646,184842194375502
-0.34847534,0.025147704,9.51661,184842204093567
-0.3436853,0.17603393,9.471105,184842213811632
-0.36404297,0.123343505,9.389674,184842223560548
-0.34608033,0.124541014,9.517808,184842233278613
-0.20836669,0.0047900393,9.601633,184842242996678
-0.23950195,0.009580079,9.465117,184842252714743
-0.21794678,0.04670288,9.455537,184842262432808
-0.1844165,0.027542725,9.433982,184842272150873
-0.15567628,-0.009580079,9.424402,184842281868938
-0.122145995,0.0059875487,9.352551,184842291587003
-0.1472937,-0.025147704,9.423204,184842301305068
-0.22872436,-0.013172608,9.406439,184842311023133
-0.22632934,-0.010777588,9.536968,184842320741198
-0.11615845,-0.015567627,9.459129,184842330459263
-0.16525635,0.0,9.501042,184842340177328
-0.0742456,-0.05029541,9.4507475,184842349895393
-0.18681152,0.08023316,9.509425,184842359613458
-0.1963916,-0.014370117,9.4507475,184842369331523
-0.19878662,0.10777588,9.416019,184842379049588
-0.23950195,0.015567627,9.296268,184842388767653
-0.27422974,0.03592529,9.353748,184842398485718
-0.12933105,0.0119750975,9.368119,184842408203783
-0.19160156,-0.15088624,9.514215,184842417921848
-0.16884887,-0.13052857,9.472302,184842427639913
-0.21435425,-0.17004639,9.553733,184842437357978
-0.1484912,0.015567627,9.433982,184842447076043
-0.20357665,0.04430786,9.437574,184842456794108
-0.3065625,0.1592688,9.418414,184842466512173
-0.26584718,0.025147704,9.472302,184842476230238
-0.23471192,0.062270507,9.568103,184842485948303
-0.21555176,0.05388794,9.624386,184842495666368
-0.21674927,0.028740235,9.498648,184842505384433
-0.31494507,0.0011975098,9.52619,184842515102498
-0.27303222,0.034727782,9.529782,184842524820563
-0.26704466,0.008382568,9.605226,184842534569479
-0.22752686,0.05029541,9.495055,184842544287544
-0.24429199,0.034727782,9.50224,184842554005609
-0.30177248,0.0011975098,9.342971,184842563723674
-0.27901977,-0.05269043,9.474697,184842573441739
-0.20716919,0.03592529,9.436377,184842583159804
-0.20597167,0.09101074,9.47829,184842592877869
-0.19279908,-0.0011975098,9.389674,184842602595934
-0.16405883,0.016765136,9.461525,184842612313999
-0.14370117,0.07903565,9.380094,184842622032064
-0.20357665,0.04430786,9.408834,184842631750129
-0.26464966,-0.11136841,9.438772,184842641499045
-0.28859985,-0.04430786,9.532178,184842651217110
-0.17962646,-0.017962646,9.528585,184842660935175
-0.09340576,-0.015567627,9.43518,184842670653240
-0.25267455,0.019160157,9.431587,184842680371305
-0.16525635,0.0035925293,9.509425,184842690089370
-0.13891113,0.014370117,9.589658,184842699807435
-0.17723145,-0.019160157,9.623188,184842709525500
-0.062270507,-0.020357667,9.6830635,184842719243565
-0.014370117,0.0011975098,9.681867,184842728992481
0.16046631,1.0562036,6.6821046,184842738710546
0.13891113,0.6993457,6.8401756,184842748428611
-0.09220825,-0.70174074,8.225695,184842758146676
-0.07304809,-0.59755737,9.2184305,184842767864741
-0.016765136,-0.12573853,8.460406,184842777582806
-0.59755737,0.069455564,9.055569,184842787331722
-0.67898804,-0.18681152,9.811197,184842797049787
-0.78915894,-0.25267455,10.368039,184842806767852
-0.64066774,0.061072998,10.514135,184842816485917
-0.3903882,0.040715333,10.248288,184842826203982
-0.33769774,-0.2586621,10.262659,184842835922047
-0.085023195,-0.17962646,10.081835,184842845640112
0.021555176,0.16286133,9.798025,184842855389028
-0.11136841,0.4682263,9.51182,184842865107093
-0.1592688,0.3161426,9.49266,184842874825158
-0.15208374,0.21435425,9.51182,184842884543223
-0.026345216,0.05867798,9.587263,184842894261288
-0.08741821,0.15328126,9.427995,184842903979353
-0.032332763,0.15567628,9.542955,184842913697418
-0.05269043,0.05748047,9.523795,184842923415483
-0.09460327,0.025147704,9.508227,184842933164399
-0.023950195,0.064665526,9.416019,184842942882464
-0.124541014,0.10657837,9.389674,184842952600529
-0.12933105,0.1580713,9.25675,184842962318594
-0.23111938,0.1353186,9.277108,184842972036659
-0.2335144,-0.05508545,9.433982,184842981754724
-0.25147706,-0.122145995,9.395661,184842991472789
-0.22393432,-0.18681152,9.430389,184843001190854
-0.26464966,-0.07903565,9.563313,184843010908919
-0.14370117,-0.10538086,9.558523,184843020657835
-0.29937744,-0.016765136,9.472302,184843030375900
-0.34009278,0.07304809,9.595646,184843040093965
-0.23111938,0.015567627,9.532178,184843049812030
-0.3293152,0.10059082,9.627978,184843059530095
-0.183219,0.033530273,9.720187,184843069248160
-0.21315674,-0.015567627,9.707014,184843078966225
-0.29578492,-0.07544312,9.926159,184843088715141
-0.17603393,0.8083191,7.5910144,184843098433206
-0.18082398,0.8238867,7.369475,184843108151271
-0.52570677,-0.12933105,8.426876,184843117869336
-0.49936157,0.016765136,9.236393,184843127587401
-0.26824218,0.27542725,8.6077,184843137336317
-0.47062135,-0.07065307,9.182505,184843147054382
-0.45744872,-0.4514612,9.7956295,184843156772447
-0.29578492,-0.5412744,10.162067,184843166490512
-0.3412903,-0.19998413,10.321337,184843176239428
-0.4646338,0.37601808,10.255474,184843185957493
-0.1592688,0.66342044,10.289004,184843195675558
-0.0047900393,0.23471192,10.305769,184843205393623
0.183219,-0.3568579,10.354867,184843215111688
0.4658313,-0.3568579,10.114167,184843224829753
0.46104127,0.04550537,9.542955,184843234547818
0.3939807,0.50774413,9.236393,184843244265883
0.18681152,0.5724097,9.091495,184843253983948
0.2933899,0.35925293,9.172925,184843263702013
0.3568579,0.124541014,9.305848,184843273420078
0.32452515,-0.022752685,9.14658,184843283138143
0.39517823,0.0071850587,9.19927,184843292856208
0.27901977,0.083825685,9.122629,184843302605124
0.1484912,-0.028740235,9.018446,184843312323189
0.08981323,-0.10298584,8.992101,184843322041254
0.16645385,-0.120948486,9.072334,184843331759319
0.13891113,0.029937744,9.1202345,184843341477384
-0.033530273,0.040715333,9.092691,184843351195449
-0.031135254,0.033530273,9.198072,184843360913514
-0.03592529,-0.04790039,9.297466,184843370631579
-0.11496094,0.0490979,9.358539,184843380349644
-0.24189697,-0.0371228,9.510623,184843390067709
-0.13292359,-0.0071850587,9.619596,184843399785774
-0.23590942,0.028740235,9.524993,184843409534690
-0.22393432,0.11975098,9.509425,184843419252755
-0.11136841,0.120948486,9.580078,184843428970820
-0.14370117,0.07783814,9.714199,184843438688885
-0.083825685,0.0371228,9.770482,184843448406950
-0.12573853,-0.0490979,9.86748,184843458125015
-0.05149292,0.09101074,9.871073,184843467843080
0.122145995,0.5221143,8.0305,184843477561145
0.061072998,1.1352392,8.105944,184843487279210
-0.305365,1.0202783,7.914342,184843496997275
0.0071850587,-0.22513184,8.687933,184843506715340
0.023950195,0.013172608,8.661588,184843516433405
-0.064665526,0.15328126,8.757389,184843526182321
-0.35326537,-0.10897339,9.551338,184843535900386
-0.39996827,-0.2574646,10.249486,184843545618451
-0.26704466,-0.47301635,10.687775,184843555336516
-0.11615845,0.19758911,10.729688,184843565054581
0.0,0.48738647,10.293794,184843574772646
0.15567628,0.1580713,10.239906,184843584490711
0.28979737,-0.18681152,10.335707,184843594208776
0.44427612,-0.0059875487,10.071057,184843603926841
0.37841308,0.27901977,9.703422,184843613644906
0.39517823,0.54247195,9.427995,184843623362971
0.28740233,0.42391846,9.295071,184843633081036
0.37242553,0.34967285,9.393267,184843642799101
0.3820056,0.26225463,9.353748,184843652517166
0.28500733,0.27782226,9.3872795,184843662235231
0.23830444,0.21674927,9.298663,184843671953296
0.17124389,0.17723145,9.2890835,184843681671361
0.16525635,0.039517824,9.254355,184843691389426
0.12693603,-0.065863036,9.280701,184843701107491
0.07783814,-0.038320314,9.177715,184843710825556
-0.032332763,0.22273682,9.11784,184843720574472
0.0059875487,0.20357665,9.002878,184843730292537
-0.010777588,0.19399658,9.091495,184843740010602
-0.034727782,0.08023316,9.166937,184843749728667
-0.039517824,-0.022752685,9.243578,184843759446732
0.05388794,0.029937744,9.309441,184843769164797
-0.12693603,0.0119750975,9.341774,184843778882862
0.021555176,0.061072998,9.380094,184843788600927
0.0071850587,0.041912843,9.461525,184843798318992
0.008382568,0.07544312,9.455537,184843808037057
0.065863036,0.120948486,9.47829,184843817755122
0.0371228,0.24788453,9.666299,184843827473187
0.05388794,0.1951941,9.655521,184843837191252
0.08861572,0.19399658,9.630374,184843846909317
0.26345214,1.4394068,6.986272,184843856627382
0.17363891,1.2406201,7.2221813,184843866345447
-0.12573853,0.17842895,8.329878,184843876063512
-0.086220704,-0.30296996,9.285491,184843885812428
0.29578492,0.124541014,8.717871,184843895530493
-0.0059875487,0.041912843,9.097482,184843905248558
0.0047900393,-0.3544629,9.890233,184843914966623
0.0,-0.52570677,10.511741,184843924684688
-0.082628176,-0.44667113,10.583591,184843934402753
0.033530273,0.026345216,10.336905,184843944151669
0.14010864,0.062270507,10.2458935,184843953869734
0.2586621,-0.15088624,10.341694,184843963587799
0.40954834,-0.1101709,10.215956,184843973305864
0.45625123,0.41314086,9.744137,184843983023929
0.19160156,0.52091676,9.453142,184843992772845
0.07783814,0.54726195,9.539363,184844002490910
0.122145995,0.47181883,9.566906,184844012208975
0.16645385,0.4418811,9.374106,184844021927040
0.0119750975,0.45744872,9.269923,184844031645105
-0.09460327,0.3820056,9.296268,184844041363170
-0.10777588,0.20597167,9.363329,184844051112086
-0.17363891,0.16884887,9.286688,184844060830151
-0.05867798,0.19279908,9.075927,184844070548216
-0.17842895,0.24668701,9.074729,184844080266281
-0.24908203,0.14609618,9.121432,184844089984346
-0.24069947,0.0371228,9.196875,184844099702411
-0.3293152,-0.040715333,9.150172,184844109451327
-0.29817992,-0.034727782,9.18969,184844119169392
-0.29219237,0.07304809,9.1202345,184844128887457
-0.33650026,0.06346802,9.059161,184844138605522
-0.3544629,0.11975098,9.096284,184844148323587
-0.3197351,0.08023316,9.251961,184844158072503
-0.09699829,-0.05029541,9.377699,184844167790568
-0.10897339,-0.061072998,9.335786,184844177508633
-0.0071850587,-0.026345216,9.425599,184844187226698
-0.05867798,0.0,9.52619,184844196944763
-0.0119750975,0.04670288,9.517808,184844206662828
-0.034727782,-0.05149292,9.569301,184844216411744
0.041912843,-0.014370117,9.780063,184844226129809
0.015567627,-0.07065307,9.927356,184844235847874
0.11256592,-0.13052857,9.821975,184844245565939
0.09101074,-0.07304809,9.942924,184844255284004
0.16765137,0.0,9.890233,184844265002069
0.15567628,0.04670288,9.778865,184844274750985
-0.13412109,1.0106982,8.993299,184844284469050
0.023950195,0.9352551,7.9275146,184844294187115
0.0023950196,-0.3676355,9.0004835,184844303905180
-0.040715333,-0.38080812,9.826765,184844313623245
0.085023195,-0.0011975098,9.380094,184844323372161
-0.38080812,-0.16765137,9.798025,184844333090226
-0.3580554,-0.22393432,9.987231,184844342808291
-0.10777588,0.0,9.980046,184844352526356
-0.009580079,0.17603393,9.80521,184844362244421
0.016765136,-0.081430666,9.80042,184844371962486
0.1963916,-0.13771363,9.744137,184844381680551
0.38320312,-0.019160157,9.630374,184844391398616
0.31255004,0.19279908,9.358539,184844401147532
0.1844165,0.27542725,9.24717,184844410865597
0.13052857,0.13771363,9.285491,184844420583662
0.22632934,0.023950195,9.412427,184844430301727
0.17363891,0.013172608,9.360934,184844440019792
0.13651611,0.08023316,9.211246,184844449737857
0.15208374,0.20597167,9.250763,184844459486773
0.04790039,0.086220704,9.25675,184844469204838
-0.11496094,-0.016765136,9.42081,184844478922903
-0.07304809,-0.015567627,9.528585,184844488640968
0.0,-0.10538086,9.472302,184844498359033
-0.17363891,0.0981958,9.509425,184844508077098
-0.16166382,0.08741821,9.411229,184844517795163
-0.16405883,0.019160157,9.3381815,184844527544079
-0.10657837,0.019160157,9.319021,184844537262144
-0.26584718,-0.023950195,9.390872,184844546980209
-0.16405883,-0.10298584,9.365724,184844556698274
-0.29937744,-0.14010864,9.378897,184844566416339
-0.25027955,-0.1484912,9.370514,184844576165255
-0.24548951,-0.18920654,9.320218,184844585883320
-0.2574646,-0.15447876,9.408834,184844595601385
-0.11496094,-0.009580079,9.369316,184844605319450
-0.16765137,0.08861572,9.350156,184844615037515
-0.16286133,0.068258055,9.399254,184844624755580
-0.12693603,-0.0119750975,9.432784,184844634473645
-0.17004639,0.008382568,9.441167,184844644222561
-0.07664063,0.0071850587,9.675879,184844653940626
-0.015567627,0.026345216,9.686657,184844663658691
-0.020357667,0.034727782,9.570498,184844673376756
0.11376343,1.2454102,7.6077795,184844683094821
0.18920654,0.65623534,7.562274,184844692812886
-0.124541014,-0.18681152,8.648416,184844702530951
-0.17603393,-0.5771997,9.202863,184844712249016
-0.028740235,-0.28500733,8.856782,184844721997932
-0.5831873,-0.34967285,9.576486,184844731715997
-0.65264285,-0.4179309,10.274633,184844741434062
-0.5388794,-0.31374756,10.47342,184844751152127
-0.48259643,-0.13052857,10.467433,184844760870192
-0.18202148,-0.06346802,10.2878065,184844770588257
-0.124541014,-0.21794678,10.13213,184844780306322
0.14010864,-0.11855347,10.027946,184844790024387
0.122145995,0.15567628,9.768087,184844799773303
0.033530273,0.39637575,9.571695,184844809491368
0.05987549,0.35087037,9.495055,184844819209433
0.04430786,0.35925293,9.473499,184844828927498
0.081430666,0.37242553,9.352551,184844838645563
0.08981323,0.41194335,9.2184305,184844848363628
0.06346802,0.39637575,9.205257,184844858081693
-0.010777588,0.2574646,9.3381815,184844867799758
-0.07065307,0.021555176,9.348959,184844877517823
-0.11615845,-0.05867798,9.269923,184844887266739
-0.17244141,-0.085023195,9.279503,184844896984804
-0.24309449,0.032332763,9.214838,184844906702869
-0.30776,-0.014370117,9.084309,184844916420934
-0.21794678,-0.08981323,9.301059,184844926138999
-0.2838098,-0.10538086,9.362131,184844935857064
-0.25267455,-0.18202148,9.383686,184844945575129
-0.26105714,-0.18082398,9.353748,184844955293194
-0.31374756,-0.09220825,9.424402,184844965011259
-0.39757323,-0.017962646,9.317823,184844974729324
-0.33889526,-0.05867798,9.402846,184844984447389
-0.2574646,-0.13771363,9.441167,184844994165454
-0.17723145,-0.12813355,9.496252,184845003883519
-0.11615845,-0.081430666,9.513018,184845013601584
-0.26345214,-0.086220704,9.522597,184845023319649
-0.29817992,0.0011975098,9.523795,184845033037714
-0.18561402,-0.05029541,9.5070305,184845042786630
-0.0981958,-0.067060545,9.665101,184845052504695
-0.10178833,0.123343505,9.552535,184845062222760
-0.3185376,0.67898804,8.919053,184845071940825
-0.52450925,0.7496411,8.161029,184845081658890
-0.34488282,-0.32692015,8.860374,184845091376955
-0.2802173,-0.019160157,8.982521,184845101095020
-0.5640271,0.015567627,9.122629,184845110813085
-0.6167175,-0.432301,9.926159,184845120531150
-0.5879773,-0.39996827,10.417137,184845130249215
-0.62031007,-0.39877075,10.465038,184845139967280
-0.4406836,0.0,10.390792,184845149685345
-0.3568579,0.20956421,9.928554,184845159403410
-0.30776,-0.008382568,9.869876,184845169121475
-0.022752685,-0.26584718,9.992022,184845178839540
0.061072998,-0.1484912,9.783655,184845188557605
-0.016765136,0.07664063,9.623188,184845198275670
-0.0981958,0.26824218,9.353748,184845207993735
-0.21435425,0.24309449,9.352551,184845217711800
-0.15447876,0.22872436,9.315429,184845227429865
-0.1844165,0.22872436,9.263935,184845237147930
-0.24668701,0.17124389,9.236393,184845246865995
-0.34967285,0.13052857,9.308244,184845256584060
-0.31374756,-0.09580078,9.302256,184845266302125
-0.3185376,0.03592529,9.3453665,184845276020190
-0.31734008,-0.0047900393,9.327404,184845285738255
-0.43589357,-0.1353186,9.315429,184845295456320
-0.4778064,-0.08981323,9.3872795,184845305174385
-0.39517823,-0.13771363,9.515412,184845314892450
-0.3903882,-0.12573853,9.439969,184845324610515
-0.29937744,-0.10538086,9.558523,184845334328580
-0.31015503,-0.0011975098,9.3944645,184845344046645
-0.31015503,-0.07185058,9.360934,184845353764710
-0.31255004,-0.09101074,9.422007,184845363482775
-0.1472937,-0.22393432,9.580078,184845373200840
-0.2335144,-0.23471192,9.504635,184845382918905
-0.19040406,-0.1963916,9.430389,184845392636970
-0.27782226,-0.041912843,9.400452,184845402355035
-0.2574646,-0.022752685,9.395661,184845412073100
-0.21315674,-0.069455564,9.442365,184845421791165
-0.16046631,-0.17004639,9.596844,184845431509230
-0.20956421,-0.17723145,9.713001,184845441196444
-0.1951941,-0.15208374,9.774075,184845450914509
-0.1472937,-0.027542725,9.735754,184845460632574
-0.2706372,0.19160156,9.753717,184845470350639
-0.2706372,0.9412427,8.117919,184845480068704
-0.24668701,0.63587767,7.9299097,184845489786769
-0.27422974,-0.49457154,8.937016,184845499504834
-0.23111938,-0.47181883,9.572893,184845509222899
-0.11256592,0.11975098,8.9513855,184845518940964
-0.69575316,0.13292359,9.389674,184845528659029
-0.5292993,-0.13172607,9.874665,184845538377094
-0.44667113,-0.2969824,10.260263,184845548095159
-0.33171022,0.0119750975,10.250684,184845557813224
-0.2814148,0.13052857,9.847123,184845567531289
-0.33650026,-0.15687378,9.986034,184845577249354
0.05987549,-0.23471192,9.969269,184845586936568
0.069455564,-0.061072998,9.711804,184845596654633
-0.09580078,0.15687378,9.462722,184845606372698
-0.21435425,0.22632934,9.310638,184845616090763
-0.25267455,-0.021555176,9.402846,184845625808828
-0.16645385,-0.0071850587,9.447155,184845635526893
-0.24788453,0.05987549,9.340576,184845645244958
-0.23471192,0.09580078,9.380094,184845654963023
-0.2694397,0.025147704,9.2890835,184845664681088
-0.21195923,0.0,9.371712,184845674399153
-0.33530274,-0.10538086,9.311836,184845684117218
-0.36404297,-0.122145995,9.407637,184845693835283
-0.41194335,-0.120948486,9.413624,184845703553348
-0.31734008,-0.11975098,9.347761,184845713271413
-0.33171022,-0.05867798,9.360934,184845722989478
-0.38440064,-0.16645385,9.406439,184845732707543
-0.26105714,-0.082628176,9.384884,184845742425608
-0.21195923,-0.104183346,9.376501,184845752143673
-0.31255004,-0.19160156,9.411229,184845761861738
-0.23950195,-0.0490979,9.347761,184845771579803
-0.3161426,-0.04670288,9.333391,184845781297868
-0.24548951,-0.1101709,9.2890835,184845791015933
-0.22513184,-0.11855347,9.310638,184845800733998
-0.16046631,-0.124541014,9.339378,184845810452063
-0.24069947,-0.09460327,9.296268,184845820170128
-0.09460327,-0.18920654,9.321416,184845829888193
-0.21076173,-0.15687378,9.399254,184845839575407
-0.2335144,-0.08741821,9.268725,184845849324323
-0.25267455,0.019160157,9.238788,184845859042388
-0.3436853,0.17603393,9.25675,184845868729602
-0.3412903,0.11256592,9.392069,184845878447667
-0.305365,0.12693603,9.443562,184845888196583
0.20237915,0.75562865,6.192323,184845897883797
-0.25027955,0.71850586,7.8377013,184845907601862
-0.5987549,0.014370117,8.475974,184845917319927
-0.41074586,-0.6394702,9.360934,184845927037992
-0.22273682,-0.062270507,8.970546,184845936756057
-0.5448669,0.0,9.291478,184845946474122
-0.8298743,-0.4263135,10.008786,184845956192187
-0.6382727,-0.48259643,10.324929,184845965910252
-0.48259643,-0.15687378,10.574011,184845975628317
-0.3556604,0.10777588,10.462643,184845985346382
-0.31374756,-0.027542725,10.336905,184845995064447
-0.17004639,-0.27662477,10.353669,184846004782512
0.05029541,-0.17124389,10.158475,184846014500577
-0.05867798,0.20118164,9.811197,184846024218642
-0.10298584,0.4071533,9.438772,184846033936707
-0.183219,0.432301,9.486672,184846043623921
-0.17124389,0.3185376,9.412427,184846053341986
-0.09939331,0.25147706,9.366921,184846063060051
-0.17723145,0.05388794,9.378897,184846072778116
-0.11735596,0.061072998,9.296268,184846082496181
-0.09340576,-0.11496094,9.333391,184846092214246
-0.123343505,-0.14130615,9.273516,184846101932311
-0.22872436,-0.18202148,9.1765175,184846111650376
-0.13052857,-0.14968872,9.24717,184846121368441
-0.24309449,-0.17603393,9.2184305,184846131086506
-0.25267455,-0.20237915,9.250763,184846140804571
-0.24548951,-0.19399658,9.192085,184846150522636
-0.31494507,-0.19160156,9.310638,184846160240701
-0.28859985,-0.19758911,9.358539,184846169958766
-0.17603393,-0.20357665,9.395661,184846179676831
-0.2335144,-0.22273682,9.360934,184846189394896
-0.31255004,-0.21195923,9.370514,184846199112961
-0.21555176,-0.15208374,9.486672,184846208831026
-0.26704466,-0.13412109,9.410031,184846218549091
-0.30776,-0.21435425,9.389674,184846228267156
-0.27303222,-0.09340576,9.486672,184846237985221
-0.27303222,-0.07304809,9.515412,184846247672435
-0.24548951,0.041912843,9.451944,184846257390500
-0.19040406,-0.040715333,9.581276,184846267108565
-0.15447876,-0.026345216,9.568103,184846276826630
0.021555176,0.11855347,9.539363,184846286544695
-0.58438474,0.8430469,8.5011215,184846296262760
-0.5783972,-0.033530273,8.339458,184846305980825
-0.20597167,-0.92328,9.547746,184846315698890
-0.18920654,-0.25027955,8.968151,184846325416955
-0.46223876,0.27782226,8.808882,184846335135020
-0.66940796,-0.021555176,9.418414,184846344853085
-0.74006104,-0.11376343,10.07944,184846354571150
-0.39996827,0.031135254,10.497371,184846364289215
-0.30895752,0.04670288,10.364447,184846374007280
-0.30057496,-0.31135255,10.375225,184846383725345
-0.07304809,-0.42511597,10.243499,184846393443410
0.18202148,-0.15567628,9.893826,184846403161475
0.0490979,0.17723145,9.553733,184846412879540
-0.12933105,0.20956421,9.472302,184846422597605
-0.07185058,0.05628296,9.581276,184846432315670
0.11376343,-0.023950195,9.590856,184846442033735
0.10298584,0.0011975098,9.429192,184846451751800
0.0035925293,0.019160157,9.405242,184846461469865
0.05508545,0.0,9.422007,184846471187930
-0.11855347,-0.1472937,9.417217,184846480905995
-0.11136841,-0.22273682,9.484278,184846490624060
-0.07185058,-0.2335144,9.4507475,184846500342125
-0.10178833,-0.1101709,9.411229,184846510029339
-0.22752686,-0.05029541,9.328601,184846519747404
-0.29817992,0.0,9.229208,184846529465469
-0.29099488,-0.05508545,9.315429,184846539183534
-0.26584718,-0.029937744,9.319021,184846548901599
-0.22992188,-0.1592688,9.354946,184846558619664
-0.2706372,-0.17842895,9.414822,184846568337729
-0.20477417,-0.19279908,9.416019,184846578055794
-0.23471192,-0.2215393,9.489067,184846587773859
-0.24429199,-0.17842895,9.474697,184846597491924
-0.2706372,-0.16286133,9.570498,184846607209989
-0.23710693,-0.13292359,9.534573,184846616928054
-0.1951941,-0.0981958,9.553733,184846626646119
-0.1963916,0.019160157,9.554931,184846636364184
-0.2215393,-0.1353186,9.556128,184846646082249
-0.2335144,-0.11256592,9.618399,184846655800314
-0.21076173,-0.35087037,9.8028145,184846665518379
-0.676593,0.76281375,9.045989,184846675236444
-0.22992188,-0.09460327,7.9155397,184846684954509
0.04550537,-0.64545774,8.998089,184846694672574
-0.1472937,-0.31135255,8.667576,184846704390639
-0.1963916,0.021555176,8.641231,184846714108704
-0.39517823,-0.22393432,9.278306,184846723826769
-0.21195923,-0.4514612,10.09381,184846733544834
-0.17723145,-0.60354495,10.335707,184846743262899
-0.22513184,-0.043110352,10.413545,184846752980964
-0.29099488,0.24069947,10.209969,184846762668178
-0.12693603,0.16286133,10.07465,184846772386243
-0.014370117,-0.12933105,10.1333275,184846782104308
0.183219,-0.17962646,9.988429,184846791822373
0.17603393,0.2203418,9.653126,184846801540438
0.10657837,0.38799316,9.508227,184846811258503
0.07783814,0.37601808,9.611214,184846820976568
0.16765137,0.17962646,9.552535,184846830694633
0.123343505,0.07304809,9.46871,184846840412698
0.09101074,0.11496094,9.427995,184846850099912
0.05987549,0.10657837,9.404044,184846859817977
0.019160157,0.18202148,9.302256,184846869536042
-0.031135254,0.033530273,9.342971,184846879254107
-0.029937744,-0.068258055,9.254355,184846888972172
0.0023950196,-0.09580078,9.29028,184846898690237
-0.05508545,-0.05508545,9.235195,184846908408302
-0.14250366,-0.05029541,9.277108,184846918095516
-0.017962646,-0.1101709,9.19927,184846927813581
-0.20716919,-0.22872436,9.353748,184846937531646
-0.1580713,-0.2203418,9.412427,184846947249711
-0.05388794,-0.14968872,9.408834,184846956967776
-0.04550537,-0.09699829,9.471105,184846966685841
-0.16884887,-0.09340576,9.3944645,184846976403906
-0.067060545,-0.104183346,9.457932,184846986091120
-0.11975098,0.0,9.484278,184846995809185
-0.015567627,-0.0371228,9.43518,184847005527250
-0.10657837,0.05867798,9.4507475,184847015245315
-0.24309449,0.0119750975,9.490265,184847024963380
-0.05867798,-0.009580079,9.554931,184847034650594
-0.15208374,-0.009580079,9.639954,184847044368659
-0.038320314,-0.026345216,9.655521,184847054086724
0.3568579,0.803529,6.573131,184847063804789
0.062270507,0.59635985,7.9442797,184847073522854
-0.305365,-0.068258055,8.171806,184847083240919
-0.015567627,-0.20237915,8.503517,184847092958984
-0.15567628,0.22273682,8.147857,184847102646198
-0.46223876,0.21435425,8.812474,184847112364263
-0.53169435,-0.122145995,9.519005,184847122082328
-0.3939807,-0.57959473,10.451865,184847131800393
-0.34967285,-0.1484912,10.803933,184847141518458
-0.21435425,0.07065307,10.69496,184847151236523
-0.26105714,-0.2814148,10.524914,184847160954588
0.13891113,-0.45026368,10.394384,184847170641802
0.3329077,-0.22872436,10.05549,184847180359867
0.2335144,0.27662477,9.429192,184847190077932
0.09699829,0.5005591,9.352551,184847199795997
0.08981323,0.21435425,9.445957,184847209514062
0.1963916,0.07304809,9.514215,184847219232127
0.19279908,0.11615845,9.442365,184847228919341
0.122145995,0.21674927,9.269923,184847238637406
0.09939331,0.17244141,9.248368,184847248355471
0.1472937,0.0371228,9.287886,184847258073536
0.1472937,-0.09580078,9.344169,184847267791601
0.05149292,-0.0371228,9.177715,184847277509666
-0.03592529,-0.015567627,9.150172,184847287196880
0.03592529,0.069455564,9.315429,184847296914945
-0.017962646,0.022752685,9.235195,184847306633010
-0.027542725,-0.13771363,9.339378,184847316351075
-0.11256592,-0.08981323,9.44955,184847326069140
-0.09220825,-0.11376343,9.457932,184847335787205
-0.0981958,-0.12813355,9.47829,184847345505270
-0.083825685,-0.1844165,9.505833,184847355192484
-0.05269043,-0.09699829,9.480685,184847364910549
-0.12813355,0.008382568,9.462722,184847374628614
0.028740235,-0.034727782,9.456735,184847384346679
-0.065863036,-0.07185058,9.49266,184847394064744
0.0035925293,-0.09580078,9.509425,184847403782809
-0.033530273,0.05388794,9.445957,184847413500874
0.0011975098,-0.0371228,9.45434,184847423188088
-0.04550537,-0.0742456,9.570498,184847432906153
0.05269043,-0.0371228,9.519005,184847442624218
-0.025147704,-0.17124389,9.655521,184847452342283
0.10897339,-0.09580078,9.631571,184847462060348
-0.064665526,-0.08023316,9.534573,184847471778413
0.038320314,0.07185058,9.53098,184847481465627
0.41673338,1.0262659,6.397097,184847491183692
0.17842895,0.791554,7.9430823,184847500901757
-0.19399658,0.086220704,8.635242,184847510619822
0.124541014,-0.37601808,9.49745,184847520337887
0.104183346,-0.027542725,9.125025,184847530055952
-0.34847534,-0.05029541,9.568103,184847539774017
-0.3161426,-0.34727782,10.20398,184847549461231
-0.085023195,-0.63108766,10.518926,184847559179296
-0.013172608,-0.24668701,10.504556,184847568897361
0.14489868,0.09939331,10.092612,184847578615426
0.13172607,0.0035925293,9.896221,184847588333491
0.24429199,-0.21674927,9.911788,184847598051556
0.36284545,-0.15328126,9.708212,184847607769621
0.2945874,0.0,9.635163,184847617487686
0.27901977,0.20118164,9.332193,184847627205751
0.16645385,0.1844165,9.3944645,184847636923816
0.24548951,0.1484912,9.328601,184847646641881
0.18800904,0.082628176,9.24238,184847656329095
0.27183473,0.07783814,9.067544,184847666047160
0.120948486,0.026345216,9.1202345,184847675765225
0.09939331,0.086220704,9.267529,184847685483290
0.0,-0.015567627,9.236393,184847695201355
-0.065863036,-0.08741821,9.383686,184847704919420
-0.13651611,-0.062270507,9.329799,184847714637485
-0.0059875487,0.09699829,9.370514,184847724355550
-0.04430786,0.07903565,9.352551,184847734073615
-0.086220704,0.05149292,9.378897,184847743791680
-0.009580079,-0.023950195,9.413624,184847753509745
-0.033530273,0.033530273,9.451944,184847763227810
-0.07783814,-0.07185058,9.528585,184847772945875
-0.026345216,-0.10657837,9.382489,184847782663940
-0.07185058,0.021555176,9.340576,184847792382005
0.020357667,0.013172608,9.390872,184847802100070
0.14130615,-0.023950195,9.509425,184847811818135
-0.017962646,-0.08861572,9.3872795,184847821536200
0.064665526,-0.04670288,9.467512,184847831223414
-0.0047900393,-0.04430786,9.453142,184847840941479
0.0,-0.014370117,9.437574,184847850659544
0.09460327,-0.13651611,9.674682,184847860377609
0.0371228,-0.13651611,9.606423,184847870095674
-0.05628296,-0.019160157,9.780063,184847879813739
-0.122145995,0.0011975098,9.825567,184847889531804
-0.1484912,0.10178833,9.777667,184847899249869
-0.48259643,1.5148499,8.938213,184847908967934
-0.32692015,1.2789404,7.5610766,184847918685999
-0.068258055,-0.26105714,8.9442005,184847928404064
0.16046631,-0.42511597,9.413624,184847938122129
0.28979737,-0.13052857,9.044791,184847947840194
-0.22273682,-0.2586621,9.663904,184847957558259
-0.17723145,-0.3927832,10.432705,184847967276324
-0.12693603,-0.17603393,10.474618,184847976994389
0.13052857,0.41194335,10.461445,184847986712454
0.18681152,0.013172608,10.3931875,184847996430519
0.39877075,-0.58438474,10.534493,184848006148584
0.80113405,-0.6382727,10.20398,184848015866649
0.86579955,-0.009580079,9.584868,184848025584714
0.69096315,0.3939807,9.125025,184848035271928
0.3221301,0.42272094,9.1693325,184848044989993
0.47421387,0.069455564,9.061557,184848054708058
0.4047583,-0.1101709,9.202863,184848064426123
0.5017566,-0.10777588,9.097482,184848074144188
0.36404297,0.09101074,8.994495,184848083862253
0.26345214,0.025147704,8.968151,184848093580318
0.31734008,-0.032332763,9.005274,184848103298383
0.2933899,-0.10059082,8.954978,184848113016448
0.18561402,-0.013172608,8.849597,184848122734513
0.13052857,0.039517824,8.983718,184848132421727
0.09939331,0.07185058,8.977731,184848142139792
0.022752685,0.13771363,9.017248,184848151857857
0.023950195,0.085023195,9.078321,184848161575922
0.09939331,0.031135254,9.269923,184848171293987
-0.061072998,0.0071850587,9.325008,184848181012052
-0.062270507,0.0071850587,9.319021,184848190730117
0.041912843,0.034727782,9.360934,184848200448182
0.0071850587,0.0047900393,9.359736,184848210166247
0.021555176,0.009580079,9.342971,184848219884312
0.04670288,-0.15687378,9.413624,184848229602377
0.12813355,-0.14609618,9.523795,184848239289591
0.12693603,-0.10178833,9.534573,184848249007656
0.07544312,-0.017962646,9.625584,184848258725721
0.07065307,0.04670288,9.596844,184848268443786
0.07185058,0.0047900393,9.674682,184848278161851
0.0011975098,-0.04430786,9.759705,184848287879916
0.16405883,-0.015567627,9.727372,184848297597981
0.12573853,0.12813355,9.703422,184848307316046
0.13052857,0.12693603,9.672286,184848317034111
0.12933105,0.18681152,9.887838,184848326752176
0.12933105,0.14609618,10.13213,184848336439390
-0.4179309,1.8405725,9.038804,184848346157455
-0.22513184,1.1256592,7.8257265,184848355875520
-0.032332763,-0.18202148,9.121432,184848365593585
-0.038320314,-0.11855347,9.442365,184848375311650
0.23950195,0.033530273,9.378897,184848385029715
-0.2574646,-0.38440064,9.912986,184848394747780
-0.42511597,-0.54726195,10.376422,184848404465845
-0.26704466,-0.017962646,10.621912,184848414183910
-0.17244141,0.40954834,10.471025,184848423901975
0.07185058,-0.11496094,10.309361,184848433620040
0.30776,-0.6334827,10.435101,184848443338105
0.63108766,-0.5269043,10.40636,184848453056170
0.58558226,-0.11615845,9.83874,184848462774235
0.39517823,0.2694397,9.540561,184848472461449
0.31374756,0.20118164,9.295071,184848482179514
0.43469605,0.083825685,9.299861,184848491897579
0.45744872,0.14489868,9.235195,184848501615644
0.37122804,0.18202148,9.083112,184848511333709
0.24309449,0.16286133,9.086704,184848521051774
0.24908203,0.04670288,9.148974,184848530769839
0.26704466,-0.1472937,9.1693325,184848540487904
0.20956421,-0.18800904,9.128617,184848550205969
0.15567628,-0.09939331,9.096284,184848559924034
0.09460327,-0.05269043,9.084309,184848569642099
0.16046631,0.039517824,9.109457,184848579360164
0.09939331,-0.09220825,9.136999,184848589078229
0.07903565,-0.020357667,9.128617,184848598765443
0.18681152,-0.05628296,9.22322,184848608483508
0.122145995,-0.040715333,9.214838,184848618201573
0.183219,-0.12813355,9.278306,184848627919638
0.15088624,-0.023950195,9.278306,184848637637703
0.10777588,-0.031135254,9.3453665,184848647355768
0.09699829,-0.0071850587,9.332193,184848657073833
0.1472937,0.041912843,9.395661,184848666791898
0.15567628,0.0,9.444759,184848676509963
0.10657837,0.0981958,9.587263,184848686228028
0.04430786,0.120948486,9.583671,184848695946093
0.16884887,0.068258055,9.780063,184848705664158
0.0371228,0.06346802,9.740544,184848715382223
0.08981323,0.1484912,9.76689,184848725100288
0.47062135,1.0274634,6.659352,184848734818353
-0.17483643,1.4226416,8.054451,184848744536418
-0.32572266,0.46343628,8.510702,184848754254483
-0.07185058,-0.8693921,9.808803,184848763972548
0.24069947,-0.21315674,9.198072,184848773659762
-0.15328126,0.25267455,9.1130495,184848783377827
-0.4682263,-0.0742456,9.799222,184848793095892
-0.29817992,-0.0035925293,10.195599,184848802813957
-0.09340576,0.40595582,10.384805,184848812532022
-0.0059875487,0.34608033,10.250684,184848822250087
-0.016765136,-0.2215393,10.259067,184848831968152
0.3329077,-0.2838098,10.299782,184848841686217
0.5652246,-0.03592529,9.923763,184848851404282
0.429906,0.30177248,9.596844,184848861091496
0.26584718,0.36164796,9.469907,184848870809561
0.3161426,0.26105714,9.466314,184848880527626
0.37003052,0.11136841,9.455537,184848890245691
0.3412903,0.07783814,9.45434,184848899963756
0.2814148,0.09101074,9.382489,184848909681821
0.26824218,0.009580079,9.328601,184848919399886
0.24788453,-0.09460327,9.321416,184848929117951
0.23830444,-0.10298584,9.386082,184848938836016
0.21555176,-0.11376343,9.3309965,184848948554081
0.17962646,-0.043110352,9.216035,184848958241295
0.16525635,0.0035925293,9.096284,184848967959360
0.14370117,0.0047900393,9.16095,184848977677425
0.26464966,0.04430786,9.172925,184848987395490
0.34847534,-0.14130615,9.263935,184848997113555
0.35087037,-0.23830444,9.375304,184849006831620
0.32093263,-0.183219,9.333391,184849016549685
0.31255004,-0.11975098,9.2184305,184849026267750
0.24309449,0.021555176,9.238788,184849035985815
0.18681152,0.0071850587,9.2890835,184849045703880
0.17004639,-0.016765136,9.504635,184849055421945
0.15567628,0.041912843,9.426797,184849065140010
0.124541014,0.17124389,9.499845,184849074858075
0.09220825,0.21315674,9.581276,184849084576140
0.040715333,0.1472937,9.637559,184849094294205
0.034727782,0.19399658,9.563313,184849104012270
0.085023195,0.2574646,9.493857,184849113730335
0.5269043,0.61791503,7.9430823,184849123417549
-0.99872315,0.803529,8.326285,184849133135614
-0.40116578,0.45744872,8.123906,184849142853679
-0.11376343,-0.62989014,9.540561,184849152571744
-0.14130615,-0.2802173,8.950188,184849162289809
-0.21435425,-0.20836669,9.251961,184849172007874
-0.42272094,-0.39996827,9.806408,184849181725939
-0.34967285,-0.32692015,10.305769,184849191444004
0.05987549,0.07185058,10.606344,184849201162069
0.17603393,0.17244141,10.504556,184849210880134
0.2586621,-0.2826123,10.468631,184849220598199
0.42032593,-0.366438,10.431507,184849230316264
0.63587767,-0.16884887,10.037527,184849240034329
0.5233118,0.29817992,9.720187,184849249752394
0.26704466,0.38440064,9.626781,184849259470459
0.28859985,0.34727782,9.427995,184849269188524
0.38679564,0.25267455,9.48787,184849278906589
0.45265868,0.183219,9.480685,184849288593803
0.37122804,0.23950195,9.376501,184849298311868
0.30057496,0.06346802,9.418414,184849308029933
0.27901977,0.061072998,9.363329,184849317747998
0.2562671,0.015567627,9.363329,184849327466063
0.12933105,0.032332763,9.307046,184849337184128
0.13172607,0.0490979,9.350156,184849346902193
0.10657837,0.031135254,9.293873,184849356620258
0.0035925293,0.013172608,9.226812,184849366338323
-0.043110352,0.008382568,9.236393,184849376025537
0.07783814,-0.09580078,9.302256,184849385743602
0.12933105,-0.11376343,9.303453,184849395461667
0.15687378,-0.1963916,9.365724,184849405179732
0.11256592,-0.24788453,9.341774,184849414897797
0.1951941,-0.083825685,9.365724,184849424615862
0.13412109,0.05987549,9.296268,184849434333927
0.14130615,0.025147704,9.323811,184849444051992
0.025147704,0.0981958,9.353748,184849453770057
0.067060545,-0.019160157,9.401649,184849463457271
0.1472937,-0.014370117,9.527388,184849473175336
0.10657837,-0.11735596,9.572893,184849482893401
0.1101709,-0.11735596,9.632769,184849492611466
0.067060545,-0.04550537,9.660312,184849502329531
0.20477417,-0.07065307,9.821975,184849512047596
0.2215393,-0.05508545,9.794433,184849521765661
0.31374756,-0.11376343,9.806408,184849531483726
0.7484436,1.101709,6.14083,184849541201791
0.43349853,1.526825,7.355105,184849550919856
-0.082628176,0.07185058,7.8987746,184849560637921
0.13891113,-1.0095007,9.303453,184849570355986
0.49696654,-0.5867798,8.793314,184849580043200
0.10178833,-0.07664063,8.778944,184849589761265
-0.23590942,0.09460327,9.332193,184849599479330
-0.19399658,-0.10059082,10.042316,184849609197395
-0.12933105,-0.11376343,10.384805,184849618915460
0.0742456,0.24429199,10.529703,184849628633525
0.16645385,0.22513184,10.414742,184849638351590
0.24668701,-0.12933105,10.468631,184849648069655
0.3820056,-0.17244141,10.345287,184849657787720
0.53289187,0.14370117,10.007589,184849667474934
0.38919067,0.5005591,9.654324,184849677192999
0.30776,0.4430786,9.656719,184849686911064
0.24548951,0.30057496,9.45434,184849696629129
0.26105714,0.24189697,9.479487,184849706347194
0.23830444,0.27422974,9.447155,184849716065259
0.183219,0.21315674,9.333391,184849725783324
0.14250366,0.12693603,9.285491,184849735501389
0.17244141,-0.014370117,9.417217,184849745188603
0.2203418,-0.14609618,9.462722,184849754906668
0.21195923,-0.19878662,9.471105,184849764624733
0.24548951,-0.21794678,9.410031,184849774342798
0.13052857,-0.09580078,9.310638,184849784060863
0.21076173,0.022752685,9.172925,184849793778928
0.14250366,0.064665526,9.174122,184849803496993
0.16765137,-0.027542725,9.164542,184849813215058
0.1353186,-0.05269043,9.119037,184849822933123
0.1951941,-0.13052857,9.244776,184849832620337
0.12693603,-0.18082398,9.251961,184849842338402
0.19040406,-0.09699829,9.298663,184849852056467
0.12693603,-0.120948486,9.164542,184849861774532
0.11855347,-0.06346802,9.244776,184849871492597
0.14010864,-0.05628296,9.19927,184849881210662
0.07903565,-0.1472937,9.336984,184849890928727
0.20118164,-0.085023195,9.413624,184849900646792
0.21794678,-0.028740235,9.426797,184849910364857
0.09101074,-0.015567627,9.548943,184849920082922
0.122145995,-0.019160157,9.574091,184849929800987
0.07304809,-0.07304809,9.698631,184849939519052
0.122145995,-0.041912843,9.7321615,184849949237117
0.10897339,0.04790039,9.690249,184849958955182
0.122145995,0.20477417,9.735754,184849968673247
0.5041516,1.0801538,6.13604,184849978391312
0.16884887,1.2705579,7.465276,184849988109377
-0.15447876,0.31255004,8.286768,184849997827442
-0.061072998,-0.37721556,9.327404,184850007545507
0.27183473,-0.14130615,8.913065,184850017232721
-0.19878662,-0.039517824,9.195678,184850026950786
-0.33171022,-0.3544629,9.905801,184850036668851
-0.12813355,-0.5149292,10.493778,184850046386916
-0.09340576,-0.45265868,10.545271,184850056104981
-0.010777588,0.10657837,10.435101,184850065823046
0.1963916,0.2562671,10.308164,184850075541111
0.31734008,-0.2706372,10.305769,184850085259176
0.51013917,-0.28859985,10.250684,184850094977241
0.51971924,0.0371228,10.002799,184850104695306
0.46942383,0.38559815,9.600436,184850114413371
0.34847534,0.35925293,9.456735,184850124131436
0.27183473,0.3197351,9.522597,184850133849501
0.42272094,0.2969824,9.398057,184850143567566
0.37841308,0.1963916,9.370514,184850153285631
0.20118164,0.14370117,9.356144,184850163003696
0.2945874,0.19758911,9.332193,184850172721761
0.14010864,0.038320314,9.340576,184850182439826
0.18800904,-0.0071850587,9.262738,184850192157891
0.18202148,-0.07544312,9.293873,184850201875956
0.16645385,-0.07903565,9.1693325,184850211594021
0.16645385,0.034727782,9.168135,184850221312086
0.11735596,0.0035925293,9.198072,184850231030151
0.13412109,-0.04550537,9.214838,184850240748216
0.16525635,-0.09699829,9.2328005,184850250466281
0.2335144,-0.15447876,9.278306,184850260184346
0.17244141,-0.17363891,9.378897,184850269902411
0.17244141,-0.12693603,9.310638,184850279620476
0.1951941,-0.07903565,9.291478,184850289338541
0.1472937,-0.05149292,9.371712,184850299056606
0.07903565,-0.07544312,9.443562,184850308774671
0.13771363,-0.08861572,9.49745,184850318492736
0.17603393,-0.07065307,9.632769,184850328210801
0.22752686,-0.017962646,9.621991,184850337928866
0.31135255,0.022752685,9.677076,184850347646931
0.20956421,0.06346802,9.619596,184850357364996
0.24668701,0.09460327,9.672286,184850367083061
0.66821045,0.51013917,8.241262,184850376801126
0.11376343,1.0669812,7.909552,184850386519191
-0.13891113,0.26105714,7.8257265,184850396237256
0.19878662,-0.7149133,8.952583,184850405955321
0.3305127,-0.17244141,8.65081,184850415673386
0.14250366,0.15687378,8.907078,184850425391451
-0.22872436,-0.19160156,9.513018,184850435109516
-0.19878662,-0.45864624,10.190808,184850444827581
-0.023950195,-0.3580554,10.553654,184850454545646
0.11376343,0.05508545,10.800341,184850464263711
0.081430666,-0.05029541,10.417137,184850473981776
0.15687378,-0.26584718,10.346484,184850483699841
0.46942383,-0.05149292,10.178833,184850493417906
0.3305127,0.43709105,9.643546,184850503105120
0.1484912,0.6262976,9.429192,184850512823185
0.120948486,0.5173242,9.491463,184850522541250
0.17244141,0.34248778,9.787248,184850532259315
0.26105714,0.16166382,9.467512,184850541977380
0.21914428,0.09939331,9.486672,184850551695445
0.27542725,-0.122145995,9.556128,184850561413510
0.21794678,-0.07544312,9.376501,184850571131575
0.23950195,-0.04670288,9.18969,184850580849640
0.23950195,0.038320314,9.171727,184850590567705
0.11615845,0.016765136,9.11784,184850600285770
0.14968872,-0.038320314,9.127419,184850610003835
0.0981958,-0.07185058,9.216035,184850619721900
0.08981323,-0.2215393,9.2890835,184850629439965
0.05508545,-0.20836669,9.352551,184850639158030
0.124541014,-0.21555176,9.460327,184850648876095
0.12693603,-0.16286133,9.402846,184850658594160
0.11256592,-0.21555176,9.436377,184850668312225
0.17004639,-0.11855347,9.340576,184850678030290
0.13052857,-0.0047900393,9.399254,184850687748355
0.05748047,0.16765137,9.369316,184850697466420
0.010777588,0.05987549,9.388476,184850707184485
0.12573853,-0.019160157,9.513018,184850716902550
0.05867798,-0.120948486,9.610016,184850726620615
0.08741821,-0.11136841,9.595646,184850736338680
0.07185058,-0.064665526,9.490265,184850746056745
0.08981323,-0.010777588,9.400452,184850755774810
0.028740235,0.014370117,9.320218,184850765462024
0.25027955,0.07664063,9.346563,184850775180089
0.1472937,-0.05269043,9.334589,184850784898154
0.20118164,-0.09939331,9.140592,184850794616219
0.23710693,-0.14010864,9.326206,184850804334284
0.1963916,0.05867798,9.3872795,184850814052349
0.2574646,0.3676355,9.198072,184850823770414
0.12933105,1.0238708,8.414901,184850833488479
-0.23111938,0.8490344,7.9921803,184850843206544
0.023950195,-0.41074586,8.927435,184850852924609
0.21674927,-0.43828857,9.0639515,184850862642674
0.033530273,-0.4646338,9.057964,184850872360739
-0.15687378,-0.63108766,9.601633,184850882047953
-0.25147706,-0.50894165,10.162067,184850891766018
-0.27303222,-0.30776,10.220746,184850901484083
-0.20836669,0.27901977,10.408755,184850911202148
-0.1484912,0.21076173,10.259067,184850920920213
-0.017962646,-0.18561402,10.378818,184850930638278
0.25027955,-0.16525635,10.364447,184850940356343
0.34488282,0.25387207,9.982441,184850950074408
0.14370117,0.37242553,9.775272,184850959792473
0.09101074,0.4287085,9.721384,184850969510538
0.20118164,0.2215393,9.684261,184850979197752
0.2574646,0.13651611,9.691446,184850988915817
0.23111938,0.124541014,9.562116,184850998633882
0.19040406,0.025147704,9.466314,184851008351947
0.13771363,-0.010777588,9.491463,184851018070012
0.17962646,-0.09699829,9.47829,184851027788077
0.21315674,-0.20477417,9.412427,184851037506142
0.21076173,-0.26704466,9.427995,184851047224207
0.21195923,-0.20956421,9.316626,184851056942272
0.19998413,-0.18202148,9.297466,184851066660337
0.17603393,-0.21555176,9.239985,184851076347551
0.17603393,-0.20956421,9.156159,184851086065616
0.12573853,-0.11975098,9.2184305,184851095783681
0.13292359,-0.18202148,9.356144,184851105501746
0.05748047,-0.068258055,9.342971,184851115219811
0.15447876,-0.2203418,9.248368,184851124937876
-0.07065307,-0.14370117,9.336984,184851134655941
0.021555176,0.03592529,9.196875,184851144374006
0.05029541,0.10059082,9.193282,184851154092071
-0.11615845,0.09460327,9.241183,184851163810136
-0.068258055,-0.11256592,9.280701,184851173497350
-0.041912843,-0.2203418,9.441167,184851183215415
0.085023195,-0.19878662,9.523795,184851192933480
0.11256592,-0.18800904,9.484278,184851202651545
-0.04430786,-0.12813355,9.4507475,184851212369610
0.13771363,-0.09699829,9.539363,184851222087675
0.040715333,0.10298584,9.444759,184851231805740
-0.0071850587,-0.07903565,9.539363,184851241523805
0.54366946,1.2765454,7.3072047,184851251241870
0.07783814,0.9831555,7.4856334,184851260929084
-0.21435425,0.37841308,8.176597,184851270647149
-0.22632934,-0.17723145,9.096284,184851280365214
0.023950195,-0.04790039,9.0567665,184851290083279
-0.26464966,-0.13771363,9.610016,184851299801344
-0.20836669,-0.3927832,9.929751,184851309519409
-0.2838098,-0.549657,10.518926,184851319206623
0.025147704,-0.13052857,10.697354,184851328924688
0.17004639,0.0071850587,10.5620365,184851338642753
0.22273682,-0.30177248,10.565629,184851348360818
0.44547364,-0.549657,10.403965,184851358078883
0.7759863,-0.25506958,10.197993,184851367796948
0.6059399,-0.020357667,9.666299,184851377484162
0.5400769,0.27183473,9.496252,184851387202227
0.48499146,0.07185058,9.399254,184851396920292
0.48618898,-0.12813355,9.451944,184851406638357
0.43709105,-0.086220704,9.259146,184851416356422
0.3903882,0.0071850587,9.123827,184851426074487
0.27183473,-0.09460327,9.059161,184851435792552
0.43110353,-0.15208374,9.072334,184851445510617
0.21076173,-0.20597167,9.14658,184851455228682
0.20357665,-0.24069947,9.15137,184851464915896
0.22992188,-0.11376343,9.139395,184851474633961
0.104183346,0.0035925293,9.18969,184851484352026
0.11975098,0.015567627,8.974138,184851494070091
0.07664063,0.065863036,9.077124,184851503788156
0.085023195,-0.0071850587,9.14658,184851513506221
0.11496094,-0.027542725,9.186097,184851523193435
0.07304809,-0.13172607,9.299861,184851532911500
0.10777588,-0.1353186,9.277108,184851542629565
0.13412109,0.034727782,9.329799,184851552347630
0.065863036,-0.08741821,9.360934,184851562065695
0.0035925293,-0.027542725,9.501042,184851571783760
-0.0047900393,-0.14010864,9.493857,184851581501825
0.05748047,-0.104183346,9.442365,184851591219890
0.1353186,-0.008382568,9.484278,184851600907104
0.0981958,-0.11256592,9.484278,184851610625169
0.05987549,-0.17244141,9.617201,184851620343234
0.065863036,-0.13771363,9.669891,184851630061299
0.08981323,-0.10897339,9.721384,184851639779364
0.183219,0.35206786,6.8820887,184851649497429
0.13412109,0.735271,7.573052,184851659215494
-0.2562671,-0.10059082,8.192164,184851668933559
-0.08861572,-0.47421387,9.022038,184851678620773
0.09580078,-0.31015503,8.861572,184851688338838
-0.28979737,-0.10777588,9.372909,184851698056903
-0.3676355,-0.21794678,10.04112,184851707774968
-0.38679564,-0.24309449,10.632689,184851717493033
-0.31135255,-0.07544312,10.823093,184851727211098
-0.10897339,0.43709105,10.662627,184851736929163
0.026345216,0.5149292,10.497371,184851746647228
0.013172608,0.020357667,10.557246,184851756334442
0.37482056,-0.083825685,10.52132,184851766052507
0.38679564,0.14489868,10.215956,184851775770572
0.305365,0.25267455,9.8028145,184851785488637
0.13172607,0.3329077,9.589658,184851795206702
0.17124389,0.17004639,9.566906,184851804893916
0.25027955,-0.0059875487,9.503437,184851814611981
0.25387207,-0.039517824,9.407637,184851824330046
0.20477417,-0.05748047,9.374106,184851834048111
0.20118164,-0.21195923,9.328601,184851843766176
0.22992188,-0.19399658,9.157357,184851853484241
0.17483643,-0.27183473,9.231603,184851863171455
0.22632934,-0.41194335,9.188493,184851872889520
0.15687378,-0.32452515,9.163344,184851882607585
0.20956421,-0.34967285,8.984916,184851892325650
0.23471192,-0.2838098,8.952583,184851902043715
0.2335144,-0.26464966,8.92025,184851911761780
0.16645385,-0.3221301,9.059161,184851921479845
0.18800904,-0.33769774,9.129814,184851931197910
0.20477417,-0.22992188,9.138197,184851940885124
0.18202148,-0.17962646,9.153765,184851950603189
0.14130615,-0.12693603,9.068742,184851960321254
0.15208374,-0.019160157,9.1849,184851970039319
0.120948486,-0.15208374,9.319021,184851979757384
0.083825685,-0.123343505,9.424402,184851989475449
0.15208374,-0.083825685,9.484278,184851999162663
0.038320314,-0.062270507,9.522597,184852008880728
0.11615845,-0.038320314,9.5214,184852018598793
0.1484912,-0.05269043,9.660312,184852028316858
0.1353186,-0.11855347,9.660312,184852038034923
0.16765137,-0.028740235,9.702224,184852047752988
0.16166382,0.0023950196,9.721384,184852057440202
0.12573853,-0.039517824,9.733359,184852067158267
0.16645385,0.0047900393,9.681867,184852076876332
-0.32572266,1.040636,8.928633,184852086594397
-0.18681152,0.7711963,7.6053843,184852096312462
0.07185058,-0.28620484,8.499925,184852106030527
-0.15567628,-0.16166382,8.801697,184852115717741
0.062270507,-0.13172607,8.608898,184852125435806
-0.20836669,-0.37601808,9.1621475,184852135153871
-0.10178833,-0.5065466,9.621991,184852144871936
-0.069455564,-0.44786865,9.966874,184852154590001
-0.11136841,-0.4394861,10.128537,184852164308066
-0.07664063,-0.069455564,10.565629,184852173995280
0.0490979,-0.16405883,10.717712,184852183713345
0.26105714,-0.3915857,10.68059,184852193431410
0.368833,-0.36524048,10.414742,184852203149475
0.42032593,-0.05508545,9.953701,184852212867540
0.30416748,0.368833,9.716595,184852222585605
0.21674927,0.42272094,9.445957,184852232303670
0.15447876,0.31255004,9.414822,184852241990884
0.3065625,0.25267455,9.496252,184852251708949
0.3329077,0.10298584,9.467512,184852261427014
0.3221301,-0.05029541,9.399254,184852271145079
0.30776,-0.20118164,9.424402,184852280863144
0.1353186,-0.27303222,9.380094,184852290581209
0.2203418,-0.4047583,9.360934,184852300299274
0.09340576,-0.2838098,9.308244,184852310017339
0.081430666,-0.24548951,9.14658,184852319735404
0.11136841,-0.07544312,9.174122,184852329422618
0.07065307,-0.1951941,9.177715,184852339140683
-0.017962646,-0.14489868,9.172925,184852348858748
0.17004639,-0.23710693,9.341774,184852358576813
0.033530273,-0.27183473,9.371712,184852368294878
0.0371228,-0.40116578,9.418414,184852378012943
0.07304809,-0.2562671,9.3453665,184852387731008
-0.013172608,-0.18681152,9.248368,184852397418222
0.015567627,-0.13891113,9.285491,184852407136287
0.014370117,-0.11855347,9.284293,184852416854352
-0.062270507,-0.1353186,9.315429,184852426572417
0.023950195,-0.0371228,9.358539,184852436290482
0.04550537,-0.11376343,9.382489,184852446008547
0.08861572,-0.086220704,9.577683,184852455726612
0.081430666,-0.20237915,9.566906,184852465444677
0.21195923,-0.16884887,9.514215,184852475162742
0.2945874,-0.21794678,9.595646,184852484880807
0.35326537,-0.11256592,9.623188,184852494598872
0.5125342,-0.065863036,7.6484947,184852504286086
0.12813355,0.5137317,8.236472,184852514004151
0.010777588,0.039517824,8.422086,184852523722216
0.20956421,-0.8202942,9.147778,184852533440281
0.2945874,-0.17363891,8.885523,184852543158346
-0.30776,0.082628176,8.9442005,184852552876411
-0.4155359,-0.26345214,9.8447275,184852562594476
-0.35925293,-0.34847534,10.4638405,184852572312541
-0.24788453,-0.29578492,10.558444,184852582030606
-0.20477417,-0.20716919,10.484198,184852591748671
-0.16645385,0.17603393,10.366842,184852601466736
-0.0023950196,0.17842895,10.102192,184852611153950
0.05987549,0.19160156,9.956097,184852620872015
0.16166382,0.21315674,9.81,184852630590080
0.081430666,0.19279908,9.80042,184852640308145
0.15687378,0.24908203,9.619596,184852650026210
0.028740235,0.21674927,9.51661,184852659744275
0.16046631,0.021555176,9.489067,184852669462340
0.19160156,-0.05388794,9.508227,184852679180405
0.183219,-0.11256592,9.402846,184852688898470
0.18920654,-0.12693603,9.316626,184852698616535
0.124541014,-0.18681152,9.3453665,184852708303749
0.1353186,-0.33171022,9.369316,184852718021814
0.14130615,-0.34847534,9.341774,184852727739879
0.15567628,-0.31494507,9.296268,184852737457944
0.1484912,-0.34608033,9.19448,184852747176009
0.15447876,-0.33650026,9.121432,184852756894074
0.11735596,-0.28979737,9.42081,184852766612139
0.0981958,-0.2933899,9.251961,184852776330204
0.11376343,-0.17004639,9.22322,184852786048269
0.13412109,-0.10777588,9.219627,184852795766334
0.21435425,-0.13052857,9.325008,184852805484399
0.07304809,-0.10178833,9.326206,184852815202464
0.09699829,-0.04430786,9.310638,184852824920529
0.081430666,-0.038320314,9.332193,184852834638594
0.0059875487,-0.040715333,9.471105,184852844356659
0.17483643,-0.1472937,9.536968,184852854074724
0.19399658,-0.04670288,9.576486,184852863792789
0.24189697,-0.1484912,9.607621,184852873480003
0.19998413,-0.1353186,9.638756,184852883198068
0.19160156,-0.18681152,9.692644,184852892916133
-0.04430786,0.59516233,8.764574,184852902634198
-0.11136841,0.5640271,7.860454,184852912352263
0.10777588,-0.7137158,8.729846,184852922070328
0.0011975098,-0.30416748,8.9585705,184852931788393
0.0023950196,0.14130615,8.605305,184852941506458
-0.38440064,-0.09460327,9.305848,184852951224523
-0.36164796,-0.34248778,10.13213,184852960942588
-0.20597167,-0.5664221,10.475816,184852970660653
-0.22513184,-0.027542725,10.441088,184852980378718
-0.020357667,0.34488282,10.15608,184852990096783
-0.0059875487,-0.032332763,10.0626745,184852999814848
0.27782226,-0.23471192,10.115365,184853009532913
0.4658313,-0.13292359,9.911788,184853019250978
0.30416748,0.23111938,9.529782,184853028969043
0.21076173,0.25985962,9.513018,184853038687108
0.19160156,0.14609618,9.519005,184853048405173
0.34488282,-0.017962646,9.404044,184853058123238
0.33650026,-0.05029541,9.381291,184853067841303
0.32452515,-0.17723145,9.432784,184853077559368
0.1951941,-0.120948486,9.3453665,184853087277433
0.17603393,-0.2838098,9.517808,184853096995498
0.2574646,-0.34967285,9.53098,184853106713563
0.14130615,-0.36404297,9.445957,184853116400777
0.17603393,-0.18561402,9.447155,184853126118842
0.07304809,-0.17962646,9.340576,184853135836907
0.183219,-0.12813355,9.348959,184853145554972
0.13412109,-0.19040406,9.277108,184853155273037
0.16046631,-0.17723145,9.298663,184853164991102
0.14130615,-0.21674927,9.346563,184853174709167
0.0981958,-0.17004639,9.392069,184853184427232
0.067060545,-0.16525635,9.369316,184853194145297
0.09939331,-0.11376343,9.260343,184853203863362
0.0035925293,-0.08741821,9.2890835,184853213581427
0.09340576,-0.05748047,9.341774,184853223299492
-0.068258055,-0.05867798,9.273516,184853233017557
-0.0035925293,-0.20836669,9.433982,184853242735622
0.10538086,-0.1951941,9.467512,184853252453687
0.05628296,-0.2335144,9.431587,184853262171752
0.13891113,-0.24548951,9.519005,184853271889817
0.17363891,-0.19040406,9.528585,184853281607882
0.10178833,-0.06346802,9.620793,184853291325947
-0.031135254,-0.013172608,9.576486,184853301044012
0.05269043,0.068258055,9.617201,184853310762077
-0.38919067,0.74006104,8.903485,184853320480142
-0.13651611,0.5173242,7.6640625,184853330198207
0.07544312,-0.5556445,8.734636,184853339916272
0.0047900393,-0.24668701,9.024433,184853349634337
0.013172608,0.034727782,8.820857,184853359352402
-0.45744872,-0.12933105,9.496252,184853369070467
-0.38320312,-0.35326537,10.376422,184853378788532
-0.39877075,-0.4394861,10.548863,184853388506597
-0.1592688,-0.21555176,10.806328,184853398224662
-0.0490979,-0.0059875487,10.453063,184853407942727
0.09939331,-0.22872436,10.390792,184853417629941
0.32692015,-0.19878662,10.208771,184853427348006
0.41912842,0.05987549,9.759705,184853437066071
0.2335144,0.27901977,9.536968,184853446784136
0.15447876,0.24429199,9.475895,184853456502201
0.21076173,0.016765136,9.382489,184853466220266
0.36045045,-0.031135254,9.315429,184853475938331
0.14250366,-0.0490979,9.128617,184853485656396
0.13412109,0.0011975098,8.983718,184853495374461
0.1101709,-0.17723145,8.947793,184853505092526
0.1484912,-0.22632934,9.15137,184853514810591
0.065863036,-0.2814148,9.024433,184853524528656
0.16166382,-0.33769774,9.127419,184853534246721
0.12573853,-0.26704466,9.181308,184853543964786
0.065863036,-0.2586621,9.212442,184853553682851
0.0981958,-0.32811767,9.272318,184853563400916
0.041912843,-0.34727782,9.332193,184853573088130
0.14130615,-0.37721556,9.356144,184853582806195
0.2215393,-0.3568579,9.474697,184853592524260
0.11376343,-0.2945874,9.489067,184853602242325
0.19040406,-0.28979737,9.429192,184853611960390
0.17363891,-0.20357665,9.49266,184853621678455
0.25985962,-0.15447876,9.617201,184853631396520
0.14968872,-0.1951941,9.635163,184853641114585
0.064665526,-0.22513184,9.624386,184853650832650
0.0371228,-0.15567628,9.698631,184853660550715
0.09939331,-0.11855347,9.653126,184853670268780
0.10777588,-0.069455564,9.554931,184853679986845
0.083825685,-0.0035925293,9.651929,184853689704910
0.019160157,-0.034727782,9.590856,184853699422975
0.07304809,-0.086220704,9.627978,184853709141040
0.0490979,-0.06346802,10.018367,184853718859105
-0.50894165,0.9891431,8.751401,184853728577170
-0.19040406,0.48738647,7.5251513,184853738295235
0.034727782,-0.5388794,8.580157,184853748013300
-0.0011975098,-0.3436853,8.498727,184853757731365
-0.015567627,-0.04670288,8.407716,184853767449430
-0.52450925,-0.43110353,9.360934,184853777167495
-0.38440064,-0.71730834,10.254276,184853786885560
-0.12933105,-0.791554,10.745255,184853796603625
-0.11136841,-0.44906616,10.75723,184853806321690
0.11975098,-0.30177248,10.467433,184853816039755
0.2574646,-0.3927832,10.346484,184853825757820
0.2574646,-0.34488282,10.292597,184853835475885
0.27662477,0.07544312,9.984837,184853845193950
0.14489868,0.2802173,9.643546,184853854912015
0.12933105,0.3161426,9.5214,184853864630080
0.18202148,0.2969824,9.563313,184853874317294
0.16525635,0.15088624,9.499845,184853884035359
0.17603393,0.17363891,9.265133,184853893753424
0.038320314,0.16765137,9.402846,184853903471489
0.0371228,-0.041912843,9.371712,184853913189554
0.05029541,-0.25147706,9.433982,184853922907619
0.09340576,-0.38320312,9.523795,184853932625684
-0.009580079,-0.28979737,9.400452,184853942343749
0.039517824,-0.33530274,9.369316,184853952061814
0.07783814,-0.29578492,9.332193,184853961779879
0.122145995,-0.31494507,9.316626,184853971497944
-0.05867798,-0.36164796,9.198072,184853981216009
-0.031135254,-0.366438,9.217233,184853990903223
0.086220704,-0.3939807,9.301059,184854000621288
0.07065307,-0.45864624,9.265133,184854010339353
0.14609618,-0.35087037,9.372909,184854020057418
0.05388794,-0.2802173,9.315429,184854029775483
0.15088624,-0.19160156,9.2890835,184854039493548
0.06346802,-0.08981323,9.3453665,184854049211613
0.033530273,0.04790039,9.273516,184854058929678
-0.07783814,0.13771363,9.304651,184854068647743
-0.07185058,0.10178833,9.417217,184854078365808
0.016765136,0.0059875487,9.441167,184854088083873
-0.043110352,0.041912843,9.495055,184854097801938
0.14489868,-0.040715333,9.588461,184854107520003
0.05748047,0.029937744,9.600436,184854117238068
0.13292359,-0.009580079,8.545429,184854126956133
0.10777588,0.62031007,8.291557,184854136674198
-0.16046631,-0.14010864,7.9742174,184854146392263
-0.020357667,-1.2837305,8.734636,184854156079477
0.27303222,-0.5149292,8.520282,184854165797542
-0.22273682,-0.12573853,8.5645895,184854175515607
-0.66701293,-0.35925293,9.477093,184854185233672
-0.58558226,-0.38799316,10.402767,184854194951737
-0.33769774,-0.1580713,10.917697,184854204669802
-0.24908203,-0.026345216,10.824291,184854214387867
-0.12813355,-0.31135255,10.575209,184854224105932
0.13052857,-0.26105714,10.3931875,184854233823997
0.2838098,0.10538086,10.0626745,184854243542062
0.19758911,0.58558226,9.629176,184854253229276
0.11735596,0.49696654,9.534573,184854262947341
0.11496094,0.1844165,9.510623,184854272665406
0.20237915,0.022752685,9.686657,184854282383471
0.2802173,0.016765136,9.504635,184854292101536
0.06346802,-0.09460327,9.329799,184854301819601
0.038320314,-0.2203418,9.3453665,184854311506815
0.14370117,-0.30177248,9.302256,184854321224880
0.21914428,-0.28859985,9.171727,184854330942945
0.040715333,-0.33530274,9.168135,184854340661010
0.07783814,-0.24668701,9.083112,184854350348224
-0.023950195,-0.23590942,9.105865,184854360066289
-0.07065307,-0.20836669,9.074729,184854369784354
0.07903565,-0.12933105,9.077124,184854379502419
-0.033530273,-0.1580713,9.214838,184854389220484
-0.09460327,-0.17723145,9.271121,184854398907698
-0.05029541,-0.23111938,9.348959,184854408625763
-0.16046631,-0.1951941,9.374106,184854418343828
-0.124541014,-0.20956421,9.444759,184854428061893
-0.10777588,-0.19998413,9.424402,184854437779958
-0.065863036,-0.120948486,9.416019,184854447467172
-0.07664063,-0.10777588,9.364527,184854457185237
-0.069455564,-0.019160157,9.528585,184854466903302
-0.069455564,-0.061072998,9.614806,184854476621367
-0.015567627,-0.123343505,9.572893,184854486339432
-0.09460327,-0.13891113,9.747729,184854496026646
-0.10538086,-0.14010864,9.750125,184854505744711
0.017962646,-0.183219,9.72378,184854515462776
-0.038320314,-0.24069947,9.744137,184854525180841
-0.0047900393,-0.24908203,9.774075,184854534898906
-0.015567627,-0.19279908,9.875863,184854544616971
0.09101074,-0.1580713,9.716595,184854554335036
0.09460327,0.55803955,7.9430823,184854564022250
-0.07185058,0.8562195,7.6736426,184854573740315
-0.16525635,-0.51971924,9.045989,184854583458380
0.028740235,-0.82268924,9.598041,184854593176445
0.15687378,-0.38320312,9.19448,184854602894510
-0.28500733,-0.17244141,9.546548,184854612612575
-0.41194335,-0.123343505,9.77168,184854622330640
-0.27901977,0.11256592,10.075848,184854632048705
-0.085023195,0.11496094,9.83874,184854641735919
-0.09460327,-0.21674927,9.875863,184854651453984
0.081430666,-0.39996827,9.970467,184854661172049
0.22273682,-0.20836669,9.686657,184854670890114
0.23111938,0.016765136,9.456735,184854680608179
0.083825685,-0.0059875487,9.314231,184854690326244
0.09580078,-0.22992188,9.424402,184854700044309
0.22393432,-0.28500733,9.392069,184854709762374
0.19998413,-0.17004639,9.424402,184854719449588
0.05388794,-0.067060545,9.222023,184854729167653
0.07185058,-0.17603393,9.241183,184854738885718
-0.026345216,-0.3544629,9.393267,184854748603783
0.043110352,-0.3903882,9.407637,184854758321848
-0.085023195,-0.38799316,9.410031,184854768039913
-0.034727782,-0.20118164,9.328601,184854777757978
-0.014370117,-0.18561402,9.369316,184854787476043
-0.04670288,-0.14609618,9.268725,184854797194108
-0.05748047,-0.13412109,9.357342,184854806912173
-0.023950195,-0.08861572,9.336984,184854816630238
-0.05508545,-0.085023195,9.319021,184854826348303
0.09101074,-0.20477417,9.406439,184854836066368
-0.013172608,-0.17004639,9.321416,184854845784433
0.05029541,-0.065863036,9.346563,184854855502498
0.11496094,-0.19040406,9.269923,184854865220563
0.025147704,-0.27183473,9.383686,184854874938628
0.0023950196,-0.25027955,9.284293,184854884625842
0.07065307,-0.18561402,9.336984,184854894343907
0.061072998,-0.15088624,9.268725,184854904061972
0.07664063,-0.21195923,9.336984,184854913780037
0.14010864,-0.20477417,9.401649,184854923498102
0.14250366,-0.22513184,9.45434,184854933216167
0.104183346,-0.20956421,9.353748,184854942934232
0.019160157,-0.24788453,9.491463,184854952652297
0.020357667,-0.27542725,9.5214,184854962370362
0.065863036,-0.21076173,9.413624,184854972088427
0.122145995,-0.28979737,9.389674,184854981806492
0.08741821,-0.1101709,9.386082,184854991524557
0.023950195,-0.10298584,9.374106,184855001242622
0.0023950196,-0.07185058,9.42081,184855010929836
0.0035925293,-0.13292359,9.462722,184855020647901
-0.020357667,-0.2323169,9.430389,184855030365966
0.0035925293,-0.21315674,9.53098,184855040084031
0.11256592,-0.16166382,9.538165,184855049802096
0.07783814,-0.15208374,9.4507475,184855059520161
0.0023950196,-0.17723145,9.481882,184855069238226
-0.022752685,-0.21195923,9.510623,184855078956291
0.0119750975,-0.27422974,9.489067,184855088674356
-0.062270507,-0.23590942,9.457932,184855098392421
0.015567627,-0.21674927,9.444759,184855108079635
-0.04430786,-0.1472937,9.541758,184855117797700
-0.0059875487,-0.18800904,9.612411,184855127515765
-0.03592529,-0.1951941,9.48787,184855137233830
0.07065307,-0.11855347,9.416019,184855146951895
-0.027542725,-0.062270507,9.377699,184855156669960
0.020357667,-0.082628176,9.407637,184855166388025
-0.040715333,-0.120948486,9.389674,184855176075239
0.023950195,-0.10897339,9.411229,184855185793304
-0.040715333,-0.16525635,9.424402,184855195511369
0.041912843,-0.12933105,9.432784,184855205229434
0.05149292,-0.13412109,9.395661,184855214947499
-0.07903565,-0.16405883,9.342971,184855224665564
-0.025147704,-0.18920654,9.484278,184855234383629
0.039517824,-0.18082398,9.417217,184855244101694
-0.11256592,-0.104183346,9.366921,184855253819759
-0.05029541,-0.10059082,9.346563,184855263537824
-0.0742456,-0.18681152,9.402846,184855273225038
-0.08741821,-0.18082398,9.508227,184855282943103
0.029937744,-0.068258055,9.569301,184855292661168
-0.017962646,-0.18561402,9.472302,184855302379233
-0.067060545,-0.10298584,9.493857,184855312097298
-0.0023950196,-0.08861572,9.411229,184855321815363
-0.05867798,-0.08861572,9.389674,184855331533428
-0.05867798,-0.16166382,9.371712,184855341251493
-0.023950195,-0.16884887,9.354946,184855350969558
-0.022752685,-0.11256592,9.425599,184855360687623
-0.04430786,-0.23830444,9.493857,184855370405688
-0.07185058,-0.17124389,9.44955,184855380123753
0.0371228,-0.15687378,9.339378,184855389841818
-0.1353186,-0.13412109,9.51661,184855399559883
0.008382568,-0.22513184,9.430389,184855409277948
-0.0981958,-0.14130615,9.441167,184855418965162
-0.016765136,-0.14968872,9.319021,184855428683227
0.18561402,-0.14609618,9.353748,184855438401292
0.0,-0.11256592,9.356144,184855448119357
0.008382568,-0.13651611,9.396859,184855457837422
-0.032332763,-0.2838098,9.412427,184855467555487
0.0035925293,-0.28620484,9.248368,184855477273552
-0.0490979,-0.25506958,9.308244,184855486991617
-0.009580079,-0.10298584,9.273516,184855496709682
0.015567627,-0.10538086,9.313033,184855506427747
0.08861572,-0.1844165,9.3453665,184855516145812
0.038320314,-0.28620484,9.422007,184855525863877
0.023950195,-0.21555176,9.414822,184855535581942
-0.0011975098,-0.12813355,9.272318,184855545269156
-0.04790039,-0.2215393,9.328601,184855554987221
0.027542725,-0.19040406,9.378897,184855564705286
0.05029541,-0.21435425,9.26154,184855574423351
-0.023950195,-0.2335144,9.51182,184855584141416
0.023950195,-0.21674927,9.457932,184855593859481
0.05388794,-0.19160156,9.475895,184855603577546
-0.04790039,-0.16046631,9.442365,184855613295611
0.014370117,-0.14489868,9.491463,184855622982825
-0.0071850587,-0.17962646,9.523795,184855632700890
0.123343505,-0.21914428,9.548943,184855642418955
0.068258055,-0.17363891,9.46392,184855652137020
-0.026345216,-0.1484912,9.51661,184855661855085
-0.031135254,-0.10178833,9.547746,184855671573150
0.032332763,-0.16405883,9.5214,184855681291215
-0.015567627,-0.19040406,9.486672,184855691009280
-0.027542725,-0.14968872,9.654324,184855700696494
-0.07664063,-0.17723145,9.554931,184855710414559
-0.041912843,-0.26824218,9.542955,184855720132624
-0.0071850587,-0.1484912,9.491463,184855729850689
-0.020357667,-0.16166382,9.49745,184855739568754
0.033530273,-0.27303222,9.484278,184855749286819
-0.03592529,-0.16525635,9.466314,184855759004884
-0.0119750975,-0.18082398,9.408834,184855768722949
0.085023195,-0.11496094,9.357342,184855778441014
-0.009580079,-0.18681152,9.469907,184855788159079
0.033530273,-0.124541014,9.534573,184855797846293
-0.016765136,-0.22872436,9.522597,184855807564358
-0.0023950196,-0.18681152,9.489067,184855817282423
0.0,-0.0035925293,9.313033,184855827000488
-0.086220704,-0.04430786,9.348959,184855836718553
-0.0490979,-0.083825685,9.362131,184855846436618
0.068258055,-0.16645385,9.459129,184855856154683
0.05628296,-0.17603393,9.42081,184855865841897
0.082628176,-0.305365,9.441167,184855875559962
0.083825685,-0.26464966,9.471105,184855885278027
0.0371228,-0.15208374,9.382489,184855894996092
0.086220704,-0.06346802,9.332193,184855904714157
-0.019160157,-0.05029541,9.265133,184855914432222
-0.05748047,-0.07304809,9.382489,184855924119436
-0.03592529,-0.19878662,9.412427,184855933837501
0.06346802,-0.22273682,9.529782,184855943555566
0.040715333,-0.16645385,9.577683,184855953273631
0.020357667,-0.122145995,9.422007,184855962991696
0.0071850587,-0.10538086,9.515412,184855972709761
-0.22872436,-0.039517824,9.333391,184855982427826
0.034727782,0.09699829,9.405242,184855992115040
-0.010777588,-0.07185058,9.177715,184856001833105
0.069455564,-0.14489868,9.332193,184856011551170
0.11496094,-0.12933105,9.29028,184856021269235
0.086220704,-0.14968872,9.392069,184856030987300
0.0,-0.17004639,9.381291,184856040705365
-0.05149292,-0.30776,9.576486,184856050392579
-0.008382568,-0.21315674,9.534573,184856060110644
0.0119750975,-0.019160157,9.410031,184856069828709
-0.16525635,-0.017962646,9.429192,184856079546774
-0.32093263,0.081430666,9.505833,184856089264839
-0.26225463,0.10897339,9.419612,184856098982904
0.17842895,-0.17723145,9.6830635,184856108700969
0.24309449,-0.25506958,9.584868,184856118419034
-0.04670288,-0.13412109,9.54535,184856128106248
-0.11855347,-0.05748047,9.448352,184856137824313
-0.039517824,-0.019160157,9.425599,184856147542378
